path	dropped_lines	base_upstream_blob	accepted_candidate_blob	accepted_delta	accepted_commits	disposition
docs/tools/subagents.md	3	c6a7b9c336a3bf3eb5d4dd79a8b24939a96b2439	f4bb2a8945e6b3ed4851aaa8133e4d22cd53c3d8	+9/-3	b5f1960fd4d:merge: backmerge frozen upstream into continuation|2cf1c4dba1a:Merge upstream main into continuation assembly|f2cc523f491:Merge upstream eb63cb148 into continuation assembly|3f8d6503dde:Merge upstream main 530b33e4 into continuation assembly|324fef4071d:Merge remote-tracking branch 'upstream/main' into scribe/20260809/backmerge-upstream|31af61428a6:merge: absorb upstream drift and restore continuation tracing|09217761501:Merge upstream main through 725fe96|7abbbe17ef9:merge: absorb upstream 6543e6f into PR presentation assembly|55fb755bebb:merge: absorb frozen upstream for WO-1217|b5bc4347c0d:Merge upstream 18c9f27e into #1219 F1 accepted head|9ed7fd20b49:merge: absorb upstream cc48aef into continuation assembly|726f4e2f9cc:Merge upstream after post-666 corrections|bae7eae11ab:Merge upstream/main into post-666 assembly candidate|672bd50a7dc:Merge upstream 692310de into continuation assembly|0ff0add5e40:merge: absorb upstream through 025e6cee for #1172|81930ccd5e2:merge: absorb upstream through 444fd4b for #1172|c22ef4effa1:Merge upstream into #1184 final assembly candidate|228da670830:merge: absorb upstream lifecycle and cron ownership into assembly|d6ac137b148:Merge upstream c46cc1e2 into absorb branch|4036e41b55e:Merge upstream/main into 1172 status row assembly|d99dd096dd6:Merge upstream/main into #1172 safe assembly|93dd8b01b3e:Merge upstream/main into continuation presentation|b2b7de036fb:Merge remote-tracking branch 'upstream/main' into frond-scribe/20260624/assembly-continuation-followons|3a5266e6de8:scrub: remove fork org/issue refs + internal codenames for upstream presentation|de9eccc1af0:Merge upstream snapshot|8e04d27f1a5:feat(continuation): replay drift-cure candidate onto upstream	No current-upstream hunk exists: UPSTREAM:path equals OLD_MERGE_BASE:path at c6a7b9c336a3bf3eb5d4dd79a8b24939a96b2439. CANDIDATE preserves accepted SOURCE blob f4bb2a8945e6b3ed4851aaa8133e4d22cd53c3d8; the accepted +9/-3 overlay from b5f1960fd4d:merge: backmerge frozen upstream into continuation|2cf1c4dba1a:Merge upstream main into continuation assembly|f2cc523f491:Merge upstream eb63cb148 into continuation assembly|3f8d6503dde:Merge upstream main 530b33e4 into continuation assembly|324fef4071d:Merge remote-tracking branch 'upstream/main' into scribe/20260809/backmerge-upstream|31af61428a6:merge: absorb upstream drift and restore continuation tracing|09217761501:Merge upstream main through 725fe96|7abbbe17ef9:merge: absorb upstream 6543e6f into PR presentation assembly|55fb755bebb:merge: absorb frozen upstream for WO-1217|b5bc4347c0d:Merge upstream 18c9f27e into #1219 F1 accepted head|9ed7fd20b49:merge: absorb upstream cc48aef into continuation assembly|726f4e2f9cc:Merge upstream after post-666 corrections|bae7eae11ab:Merge upstream/main into post-666 assembly candidate|672bd50a7dc:Merge upstream 692310de into continuation assembly|0ff0add5e40:merge: absorb upstream through 025e6cee for #1172|81930ccd5e2:merge: absorb upstream through 444fd4b for #1172|c22ef4effa1:Merge upstream into #1184 final assembly candidate|228da670830:merge: absorb upstream lifecycle and cron ownership into assembly|d6ac137b148:Merge upstream c46cc1e2 into absorb branch|4036e41b55e:Merge upstream/main into 1172 status row assembly|d99dd096dd6:Merge upstream/main into #1172 safe assembly|93dd8b01b3e:Merge upstream/main into continuation presentation|b2b7de036fb:Merge remote-tracking branch 'upstream/main' into frond-scribe/20260624/assembly-continuation-followons|3a5266e6de8:scrub: remove fork org/issue refs + internal codenames for upstream presentation|de9eccc1af0:Merge upstream snapshot|8e04d27f1a5:feat(continuation): replay drift-cure candidate onto upstream supersedes the 3-line post-PR set candidate. No upstream restoration applies in this cure.
extensions/clawrouter/stream.ts	1	cda5b4e675af2c829aff4a9470876cb1a11bd677	09dead6e7062b3555f1448371ae405b89bfe7c24	+5/-1	228da670830:merge: absorb upstream lifecycle and cron ownership into assembly|487b2ac852c:Add model request IDs for ClawRouter routing|a50f171de61:Merge upstream/main into #1172 assembly|c6442a2dece:Merge upstream/main into #1172 assembly	No current-upstream hunk exists: UPSTREAM:path equals OLD_MERGE_BASE:path at cda5b4e675af2c829aff4a9470876cb1a11bd677. CANDIDATE preserves accepted SOURCE blob 09dead6e7062b3555f1448371ae405b89bfe7c24; the accepted +5/-1 overlay from 228da670830:merge: absorb upstream lifecycle and cron ownership into assembly|487b2ac852c:Add model request IDs for ClawRouter routing|a50f171de61:Merge upstream/main into #1172 assembly|c6442a2dece:Merge upstream/main into #1172 assembly supersedes the 1-line post-PR set candidate. No upstream restoration applies in this cure.
extensions/clickclack/src/accounts.test.ts	2	352886dd157dff1527a800177327c4e3480864b3	bde14e525dcfd4e39635ceae3351960494355338	+6/-6	09b553e5fc7:fix: repair two silent merge overlaps surfaced by the static gates|d54403ab018:merge: absorb current upstream 23854c39 into continuation candidate|e4053f698ea:fix(drift): align test roots with upstream rename surface|37d0fc70e1b:Merge upstream/main (b8b2046c083) into 1172 continuation assembly|95f521d1a08:test(clickclack): cover native progress default	No current-upstream hunk exists: UPSTREAM:path equals OLD_MERGE_BASE:path at 352886dd157dff1527a800177327c4e3480864b3. CANDIDATE preserves accepted SOURCE blob bde14e525dcfd4e39635ceae3351960494355338; the accepted +6/-6 overlay from 09b553e5fc7:fix: repair two silent merge overlaps surfaced by the static gates|d54403ab018:merge: absorb current upstream 23854c39 into continuation candidate|e4053f698ea:fix(drift): align test roots with upstream rename surface|37d0fc70e1b:Merge upstream/main (b8b2046c083) into 1172 continuation assembly|95f521d1a08:test(clickclack): cover native progress default supersedes the 2-line post-PR set candidate. No upstream restoration applies in this cure.
extensions/codex/src/app-server/auth-bridge.test.ts	5	b7d54ff8295d4ffe5fac0083162b2b84caaa707f	35bc160d715a78d8562c68d16b53db218d4aa8cd	+12/-12	b5f1960fd4d:merge: backmerge frozen upstream into continuation|f2cc523f491:Merge upstream eb63cb148 into continuation assembly|e4053f698ea:fix(drift): align test roots with upstream rename surface	No current-upstream hunk exists: UPSTREAM:path equals OLD_MERGE_BASE:path at b7d54ff8295d4ffe5fac0083162b2b84caaa707f. CANDIDATE preserves accepted SOURCE blob 35bc160d715a78d8562c68d16b53db218d4aa8cd; the accepted +12/-12 overlay from b5f1960fd4d:merge: backmerge frozen upstream into continuation|f2cc523f491:Merge upstream eb63cb148 into continuation assembly|e4053f698ea:fix(drift): align test roots with upstream rename surface supersedes the 5-line post-PR set candidate. No upstream restoration applies in this cure.
extensions/codex/src/app-server/computer-use.test.ts	2	bf0d77ba1dccadef1f3b589bbbf63f297588733d	ab69f6fbb47b0870f23dba94c064e17bc6bc36ef	+5/-2	b5f1960fd4d:merge: backmerge frozen upstream into continuation|2cf1c4dba1a:Merge upstream main into continuation assembly|8abde93a5d1:Merge upstream 9aa24e8f into PR presentation assembly|9ed7fd20b49:merge: absorb upstream cc48aef into continuation assembly|bae7eae11ab:Merge upstream/main into post-666 assembly candidate|a05d8a41a26:merge: absorb frozen upstream for #1172|c15743f18b6:temporary exact-tree LOC comparison|4e45ee9bede:Fix deterministic CI shard reds	No current-upstream hunk exists: UPSTREAM:path equals OLD_MERGE_BASE:path at bf0d77ba1dccadef1f3b589bbbf63f297588733d. CANDIDATE preserves accepted SOURCE blob ab69f6fbb47b0870f23dba94c064e17bc6bc36ef; the accepted +5/-2 overlay from b5f1960fd4d:merge: backmerge frozen upstream into continuation|2cf1c4dba1a:Merge upstream main into continuation assembly|8abde93a5d1:Merge upstream 9aa24e8f into PR presentation assembly|9ed7fd20b49:merge: absorb upstream cc48aef into continuation assembly|bae7eae11ab:Merge upstream/main into post-666 assembly candidate|a05d8a41a26:merge: absorb frozen upstream for #1172|c15743f18b6:temporary exact-tree LOC comparison|4e45ee9bede:Fix deterministic CI shard reds supersedes the 2-line post-PR set candidate. No upstream restoration applies in this cure.
extensions/codex/src/app-server/computer-use.ts	1	b16a3582aa9b55df39cb0cbf2228d05655cb696c	ee42d5006ed44862539d0c74a00d84774a2e20b0	+2/-1	b5f1960fd4d:merge: backmerge frozen upstream into continuation|9ed7fd20b49:merge: absorb upstream cc48aef into continuation assembly|bae7eae11ab:Merge upstream/main into post-666 assembly candidate|a05d8a41a26:merge: absorb frozen upstream for #1172|c15743f18b6:temporary exact-tree LOC comparison|4e45ee9bede:Fix deterministic CI shard reds	No current-upstream hunk exists: UPSTREAM:path equals OLD_MERGE_BASE:path at b16a3582aa9b55df39cb0cbf2228d05655cb696c. CANDIDATE preserves accepted SOURCE blob ee42d5006ed44862539d0c74a00d84774a2e20b0; the accepted +2/-1 overlay from b5f1960fd4d:merge: backmerge frozen upstream into continuation|9ed7fd20b49:merge: absorb upstream cc48aef into continuation assembly|bae7eae11ab:Merge upstream/main into post-666 assembly candidate|a05d8a41a26:merge: absorb frozen upstream for #1172|c15743f18b6:temporary exact-tree LOC comparison|4e45ee9bede:Fix deterministic CI shard reds supersedes the 1-line post-PR set candidate. No upstream restoration applies in this cure.
extensions/codex/src/app-server/dynamic-tool-build.test.ts	2	af44a2a2634009789e3b871290182a967958fdce	1eb4f35e556739813c9ce15604f53559d36ce068	+52/-4	d54403ab018:merge: absorb current upstream 23854c39 into continuation candidate|b5f1960fd4d:merge: backmerge frozen upstream into continuation|2cf1c4dba1a:Merge upstream main into continuation assembly|9507800800a:merge: absorb upstream/main into continuation assembly|81a1dc92ac1:test(codex): cover canonical source reply finality|90b055341a1:Merge upstream/main into the continuation assembly candidate|7f2601b6779:Merge upstream/main (df725434f36) into 1172 continuation assembly|ca5a25affc9:Merge upstream/main (cb50289e283) into 1172 continuation assembly|0dd8008463d:merge: absorb upstream 480e0c0 into PR presentation assembly|cb73c7db50c:Merge upstream f4387b7a into PR presentation assembly|164351fe76c:merge: absorb final frozen upstream for WO-1217|b5bc4347c0d:Merge upstream 18c9f27e into #1219 F1 accepted head|68358363287:Merge frozen upstream acf28495 into 1172 status-row assembly|2e155cf622e:merge: absorb upstream through 20eda for continuation assembly|bae7eae11ab:Merge upstream/main into post-666 assembly candidate|672bd50a7dc:Merge upstream 692310de into continuation assembly|0ff0add5e40:merge: absorb upstream through 025e6cee for #1172|228da670830:merge: absorb upstream lifecycle and cron ownership into assembly|a05d8a41a26:merge: absorb frozen upstream for #1172|c15743f18b6:temporary exact-tree LOC comparison|5b3e0d552d8:fix(codex): forward continuation tool callbacks|c7802d01d24:Merge upstream/main through 42d34eb4c8b into #1172 candidate	No current-upstream hunk exists: UPSTREAM:path equals OLD_MERGE_BASE:path at af44a2a2634009789e3b871290182a967958fdce. CANDIDATE preserves accepted SOURCE blob 1eb4f35e556739813c9ce15604f53559d36ce068; the accepted +52/-4 overlay from d54403ab018:merge: absorb current upstream 23854c39 into continuation candidate|b5f1960fd4d:merge: backmerge frozen upstream into continuation|2cf1c4dba1a:Merge upstream main into continuation assembly|9507800800a:merge: absorb upstream/main into continuation assembly|81a1dc92ac1:test(codex): cover canonical source reply finality|90b055341a1:Merge upstream/main into the continuation assembly candidate|7f2601b6779:Merge upstream/main (df725434f36) into 1172 continuation assembly|ca5a25affc9:Merge upstream/main (cb50289e283) into 1172 continuation assembly|0dd8008463d:merge: absorb upstream 480e0c0 into PR presentation assembly|cb73c7db50c:Merge upstream f4387b7a into PR presentation assembly|164351fe76c:merge: absorb final frozen upstream for WO-1217|b5bc4347c0d:Merge upstream 18c9f27e into #1219 F1 accepted head|68358363287:Merge frozen upstream acf28495 into 1172 status-row assembly|2e155cf622e:merge: absorb upstream through 20eda for continuation assembly|bae7eae11ab:Merge upstream/main into post-666 assembly candidate|672bd50a7dc:Merge upstream 692310de into continuation assembly|0ff0add5e40:merge: absorb upstream through 025e6cee for #1172|228da670830:merge: absorb upstream lifecycle and cron ownership into assembly|a05d8a41a26:merge: absorb frozen upstream for #1172|c15743f18b6:temporary exact-tree LOC comparison|5b3e0d552d8:fix(codex): forward continuation tool callbacks|c7802d01d24:Merge upstream/main through 42d34eb4c8b into #1172 candidate supersedes the 2-line post-PR set candidate. No upstream restoration applies in this cure.
extensions/codex/src/app-server/dynamic-tool-build.ts	1	4511df38f4da674e5e98b32680c82e6ae0ec863e	7929ff41ea560d6179a4e1f67d4b31901a484dbb	+8/-1	d54403ab018:merge: absorb current upstream 23854c39 into continuation candidate|b5f1960fd4d:merge: backmerge frozen upstream into continuation|2cf1c4dba1a:Merge upstream main into continuation assembly|f2cc523f491:Merge upstream eb63cb148 into continuation assembly|3b33188c6d4:merge: absorb upstream/main into continuation assembly|9507800800a:merge: absorb upstream/main into continuation assembly|90b055341a1:Merge upstream/main into the continuation assembly candidate|7f2601b6779:Merge upstream/main (df725434f36) into 1172 continuation assembly|ca5a25affc9:Merge upstream/main (cb50289e283) into 1172 continuation assembly|0dd8008463d:merge: absorb upstream 480e0c0 into PR presentation assembly|cb73c7db50c:Merge upstream f4387b7a into PR presentation assembly|164351fe76c:merge: absorb final frozen upstream for WO-1217|77ae5c4319e:test(codex): avoid cold plugin load in app-server proof|b5bc4347c0d:Merge upstream 18c9f27e into #1219 F1 accepted head|68358363287:Merge frozen upstream acf28495 into 1172 status-row assembly|9ed7fd20b49:merge: absorb upstream cc48aef into continuation assembly|bae7eae11ab:Merge upstream/main into post-666 assembly candidate|672bd50a7dc:Merge upstream 692310de into continuation assembly|0ff0add5e40:merge: absorb upstream through 025e6cee for #1172|228da670830:merge: absorb upstream lifecycle and cron ownership into assembly|d6ac137b148:Merge upstream c46cc1e2 into absorb branch|a05d8a41a26:merge: absorb frozen upstream for #1172|c15743f18b6:temporary exact-tree LOC comparison|5b3e0d552d8:fix(codex): forward continuation tool callbacks	No current-upstream hunk exists: UPSTREAM:path equals OLD_MERGE_BASE:path at 4511df38f4da674e5e98b32680c82e6ae0ec863e. CANDIDATE preserves accepted SOURCE blob 7929ff41ea560d6179a4e1f67d4b31901a484dbb; the accepted +8/-1 overlay from d54403ab018:merge: absorb current upstream 23854c39 into continuation candidate|b5f1960fd4d:merge: backmerge frozen upstream into continuation|2cf1c4dba1a:Merge upstream main into continuation assembly|f2cc523f491:Merge upstream eb63cb148 into continuation assembly|3b33188c6d4:merge: absorb upstream/main into continuation assembly|9507800800a:merge: absorb upstream/main into continuation assembly|90b055341a1:Merge upstream/main into the continuation assembly candidate|7f2601b6779:Merge upstream/main (df725434f36) into 1172 continuation assembly|ca5a25affc9:Merge upstream/main (cb50289e283) into 1172 continuation assembly|0dd8008463d:merge: absorb upstream 480e0c0 into PR presentation assembly|cb73c7db50c:Merge upstream f4387b7a into PR presentation assembly|164351fe76c:merge: absorb final frozen upstream for WO-1217|77ae5c4319e:test(codex): avoid cold plugin load in app-server proof|b5bc4347c0d:Merge upstream 18c9f27e into #1219 F1 accepted head|68358363287:Merge frozen upstream acf28495 into 1172 status-row assembly|9ed7fd20b49:merge: absorb upstream cc48aef into continuation assembly|bae7eae11ab:Merge upstream/main into post-666 assembly candidate|672bd50a7dc:Merge upstream 692310de into continuation assembly|0ff0add5e40:merge: absorb upstream through 025e6cee for #1172|228da670830:merge: absorb upstream lifecycle and cron ownership into assembly|d6ac137b148:Merge upstream c46cc1e2 into absorb branch|a05d8a41a26:merge: absorb frozen upstream for #1172|c15743f18b6:temporary exact-tree LOC comparison|5b3e0d552d8:fix(codex): forward continuation tool callbacks supersedes the 1-line post-PR set candidate. No upstream restoration applies in this cure.
extensions/codex/src/app-server/dynamic-tool-execution.ts	1	4d46dc8ee412a971c6dd01fbca27d77e368e998e	bb3236741e0dba2d373cfb479bb3059f96dd11b6	+10/-2	2cf1c4dba1a:Merge upstream main into continuation assembly|f2cc523f491:Merge upstream eb63cb148 into continuation assembly|9507800800a:merge: absorb upstream/main into continuation assembly|bae7eae11ab:Merge upstream/main into post-666 assembly candidate|672bd50a7dc:Merge upstream 692310de into continuation assembly|81930ccd5e2:merge: absorb upstream through 444fd4b for #1172|5616c1904bc:Fix blocker regressions after c46 absorb	No current-upstream hunk exists: UPSTREAM:path equals OLD_MERGE_BASE:path at 4d46dc8ee412a971c6dd01fbca27d77e368e998e. CANDIDATE preserves accepted SOURCE blob bb3236741e0dba2d373cfb479bb3059f96dd11b6; the accepted +10/-2 overlay from 2cf1c4dba1a:Merge upstream main into continuation assembly|f2cc523f491:Merge upstream eb63cb148 into continuation assembly|9507800800a:merge: absorb upstream/main into continuation assembly|bae7eae11ab:Merge upstream/main into post-666 assembly candidate|672bd50a7dc:Merge upstream 692310de into continuation assembly|81930ccd5e2:merge: absorb upstream through 444fd4b for #1172|5616c1904bc:Fix blocker regressions after c46 absorb supersedes the 1-line post-PR set candidate. No upstream restoration applies in this cure.
extensions/codex/src/app-server/dynamic-tools.test.ts	5	1e319e38079460b8b51705b41f89f96b93dfdd73	c3ae4cdadd64a4b11528b51781edd027dd3c02a4	+79/-6	b5f1960fd4d:merge: backmerge frozen upstream into continuation|2cf1c4dba1a:Merge upstream main into continuation assembly|f2cc523f491:Merge upstream eb63cb148 into continuation assembly|90b055341a1:Merge upstream/main into the continuation assembly candidate|ca5a25affc9:Merge upstream/main (cb50289e283) into 1172 continuation assembly|8abde93a5d1:Merge upstream 9aa24e8f into PR presentation assembly|55fb755bebb:merge: absorb frozen upstream for WO-1217|b5bc4347c0d:Merge upstream 18c9f27e into #1219 F1 accepted head|9ed7fd20b49:merge: absorb upstream cc48aef into continuation assembly|bae7eae11ab:Merge upstream/main into post-666 assembly candidate|d6ac137b148:Merge upstream c46cc1e2 into absorb branch|a05d8a41a26:merge: absorb frozen upstream for #1172|c15743f18b6:temporary exact-tree LOC comparison|d562ba0a1f4:fix(codex): classify successful continuation results|00af7feddcc:Merge upstream/main into #1172 assembly|56360c15761:Merge upstream/main into #1172 assembly|a9ea8e596e7:Backmerge upstream main into assembly after splay prune	No current-upstream hunk exists: UPSTREAM:path equals OLD_MERGE_BASE:path at 1e319e38079460b8b51705b41f89f96b93dfdd73. CANDIDATE preserves accepted SOURCE blob c3ae4cdadd64a4b11528b51781edd027dd3c02a4; the accepted +79/-6 overlay from b5f1960fd4d:merge: backmerge frozen upstream into continuation|2cf1c4dba1a:Merge upstream main into continuation assembly|f2cc523f491:Merge upstream eb63cb148 into continuation assembly|90b055341a1:Merge upstream/main into the continuation assembly candidate|ca5a25affc9:Merge upstream/main (cb50289e283) into 1172 continuation assembly|8abde93a5d1:Merge upstream 9aa24e8f into PR presentation assembly|55fb755bebb:merge: absorb frozen upstream for WO-1217|b5bc4347c0d:Merge upstream 18c9f27e into #1219 F1 accepted head|9ed7fd20b49:merge: absorb upstream cc48aef into continuation assembly|bae7eae11ab:Merge upstream/main into post-666 assembly candidate|d6ac137b148:Merge upstream c46cc1e2 into absorb branch|a05d8a41a26:merge: absorb frozen upstream for #1172|c15743f18b6:temporary exact-tree LOC comparison|d562ba0a1f4:fix(codex): classify successful continuation results|00af7feddcc:Merge upstream/main into #1172 assembly|56360c15761:Merge upstream/main into #1172 assembly|a9ea8e596e7:Backmerge upstream main into assembly after splay prune supersedes the 5-line post-PR set candidate. No upstream restoration applies in this cure.
extensions/codex/src/app-server/dynamic-tools.ts	6	2f257aebf142311ba3a58a5ddfd4c04cb648dc76	187b1b167ff5bf6b14228c6405c3b0d4f25350e2	+17/-7	2cf1c4dba1a:Merge upstream main into continuation assembly|f2cc523f491:Merge upstream eb63cb148 into continuation assembly|3f8d6503dde:Merge upstream main 530b33e4 into continuation assembly|9507800800a:merge: absorb upstream/main into continuation assembly|90b055341a1:Merge upstream/main into the continuation assembly candidate|ca5a25affc9:Merge upstream/main (cb50289e283) into 1172 continuation assembly|55fb755bebb:merge: absorb frozen upstream for WO-1217|b5bc4347c0d:Merge upstream 18c9f27e into #1219 F1 accepted head|9ed7fd20b49:merge: absorb upstream cc48aef into continuation assembly|2e155cf622e:merge: absorb upstream through 20eda for continuation assembly|bae7eae11ab:Merge upstream/main into post-666 assembly candidate|b8cba77cb0d:fix: reconcile #1184 integration gates|d6ac137b148:Merge upstream c46cc1e2 into absorb branch|a05d8a41a26:merge: absorb frozen upstream for #1172|c15743f18b6:temporary exact-tree LOC comparison|d562ba0a1f4:fix(codex): classify successful continuation results|0dc146c8c57:Merge upstream main into #1172 cut candidate|a37a2215c28:Merge upstream/main into 1172 status row assembly|2b716010841:Fix static gates after #1172 upstream fold|00af7feddcc:Merge upstream/main into #1172 assembly|56360c15761:Merge upstream/main into #1172 assembly|a9ea8e596e7:Backmerge upstream main into assembly after splay prune|ea06393bacf:Prune assembly splay before drift correction|d3cfdf2dbf5:merge: absorb upstream main after 1159 fold|c8ff54907c6:Merge origin/main into assembly continuation branch|78d31449a23:merge: absorb upstream main into continuation assembly|c524a800fdb:merge: absorb upstream main for continuation trace redaction|e559d24f22d:merge: drift-correct onto upstream/main a0a0e5e4cb|07aeccb0d65:fix(codex): give legacy app-server tool_result extensions prepared args	No current-upstream hunk exists: UPSTREAM:path equals OLD_MERGE_BASE:path at 2f257aebf142311ba3a58a5ddfd4c04cb648dc76. CANDIDATE preserves accepted SOURCE blob 187b1b167ff5bf6b14228c6405c3b0d4f25350e2; the accepted +17/-7 overlay from 2cf1c4dba1a:Merge upstream main into continuation assembly|f2cc523f491:Merge upstream eb63cb148 into continuation assembly|3f8d6503dde:Merge upstream main 530b33e4 into continuation assembly|9507800800a:merge: absorb upstream/main into continuation assembly|90b055341a1:Merge upstream/main into the continuation assembly candidate|ca5a25affc9:Merge upstream/main (cb50289e283) into 1172 continuation assembly|55fb755bebb:merge: absorb frozen upstream for WO-1217|b5bc4347c0d:Merge upstream 18c9f27e into #1219 F1 accepted head|9ed7fd20b49:merge: absorb upstream cc48aef into continuation assembly|2e155cf622e:merge: absorb upstream through 20eda for continuation assembly|bae7eae11ab:Merge upstream/main into post-666 assembly candidate|b8cba77cb0d:fix: reconcile #1184 integration gates|d6ac137b148:Merge upstream c46cc1e2 into absorb branch|a05d8a41a26:merge: absorb frozen upstream for #1172|c15743f18b6:temporary exact-tree LOC comparison|d562ba0a1f4:fix(codex): classify successful continuation results|0dc146c8c57:Merge upstream main into #1172 cut candidate|a37a2215c28:Merge upstream/main into 1172 status row assembly|2b716010841:Fix static gates after #1172 upstream fold|00af7feddcc:Merge upstream/main into #1172 assembly|56360c15761:Merge upstream/main into #1172 assembly|a9ea8e596e7:Backmerge upstream main into assembly after splay prune|ea06393bacf:Prune assembly splay before drift correction|d3cfdf2dbf5:merge: absorb upstream main after 1159 fold|c8ff54907c6:Merge origin/main into assembly continuation branch|78d31449a23:merge: absorb upstream main into continuation assembly|c524a800fdb:merge: absorb upstream main for continuation trace redaction|e559d24f22d:merge: drift-correct onto upstream/main a0a0e5e4cb|07aeccb0d65:fix(codex): give legacy app-server tool_result extensions prepared args supersedes the 6-line post-PR set candidate. No upstream restoration applies in this cure.
extensions/codex/src/app-server/native-subagent-task-mirror.test.ts	4	9dd0d0772bf9e17c5e929eb8ffc79b2675f0cb82	ecc1f9467035ef055d7f00bc43d74ce501a71733	+19/-4	ca5a25affc9:Merge upstream/main (cb50289e283) into 1172 continuation assembly|b6842092148:fix: stabilize 1184 GATES integration repairs	No current-upstream hunk exists: UPSTREAM:path equals OLD_MERGE_BASE:path at 9dd0d0772bf9e17c5e929eb8ffc79b2675f0cb82. CANDIDATE preserves accepted SOURCE blob ecc1f9467035ef055d7f00bc43d74ce501a71733; the accepted +19/-4 overlay from ca5a25affc9:Merge upstream/main (cb50289e283) into 1172 continuation assembly|b6842092148:fix: stabilize 1184 GATES integration repairs supersedes the 4-line post-PR set candidate. No upstream restoration applies in this cure.
extensions/codex/src/app-server/run-attempt.dynamic-tools.test.ts	2	dfc6ec44747508c65b6c5daafb6986649940cdfa	dcb72cc524b54a568550bc686f9107598cb107ae	+149/-3	2cf1c4dba1a:Merge upstream main into continuation assembly|90b055341a1:Merge upstream/main into the continuation assembly candidate|77ae5c4319e:test(codex): avoid cold plugin load in app-server proof|e9757aac4ad:fix(gates): align post-merge contract baselines|228da670830:merge: absorb upstream lifecycle and cron ownership into assembly|c15743f18b6:temporary exact-tree LOC comparison|cea9e4296b7:test(codex): allow bounded cold app-server startup|d562ba0a1f4:fix(codex): classify successful continuation results|a9ea8e596e7:Backmerge upstream main into assembly after splay prune|ea06393bacf:Prune assembly splay before drift correction	No current-upstream hunk exists: UPSTREAM:path equals OLD_MERGE_BASE:path at dfc6ec44747508c65b6c5daafb6986649940cdfa. CANDIDATE preserves accepted SOURCE blob dcb72cc524b54a568550bc686f9107598cb107ae; the accepted +149/-3 overlay from 2cf1c4dba1a:Merge upstream main into continuation assembly|90b055341a1:Merge upstream/main into the continuation assembly candidate|77ae5c4319e:test(codex): avoid cold plugin load in app-server proof|e9757aac4ad:fix(gates): align post-merge contract baselines|228da670830:merge: absorb upstream lifecycle and cron ownership into assembly|c15743f18b6:temporary exact-tree LOC comparison|cea9e4296b7:test(codex): allow bounded cold app-server startup|d562ba0a1f4:fix(codex): classify successful continuation results|a9ea8e596e7:Backmerge upstream main into assembly after splay prune|ea06393bacf:Prune assembly splay before drift correction supersedes the 2-line post-PR set candidate. No upstream restoration applies in this cure.
extensions/codex/src/app-server/runtime-artifact.test.ts	1	e791d78155cc61519adba6c41e4d4abcc9bb3f24	61a77fa541afcf62a14a6d63ca372607d9ba0495	+15/-15	3f8d6503dde:Merge upstream main 530b33e4 into continuation assembly|e4053f698ea:fix(drift): align test roots with upstream rename surface	No current-upstream hunk exists: UPSTREAM:path equals OLD_MERGE_BASE:path at e791d78155cc61519adba6c41e4d4abcc9bb3f24. CANDIDATE preserves accepted SOURCE blob 61a77fa541afcf62a14a6d63ca372607d9ba0495; the accepted +15/-15 overlay from 3f8d6503dde:Merge upstream main 530b33e4 into continuation assembly|e4053f698ea:fix(drift): align test roots with upstream rename surface supersedes the 1-line post-PR set candidate. No upstream restoration applies in this cure.
extensions/codex/src/app-server/side-question.test.ts	1	f2da4c8146ee7d1093ae66c5d8c6644b6f95cd02	fe92a49cd88c23310d9e5e4ee16cdf1436039784	+62/-1	d54403ab018:merge: absorb current upstream 23854c39 into continuation candidate|b5f1960fd4d:merge: backmerge frozen upstream into continuation|2cf1c4dba1a:Merge upstream main into continuation assembly|f2cc523f491:Merge upstream eb63cb148 into continuation assembly|9507800800a:merge: absorb upstream/main into continuation assembly|31af61428a6:merge: absorb upstream drift and restore continuation tracing|0dd8008463d:merge: absorb upstream 480e0c0 into PR presentation assembly|cb73c7db50c:Merge upstream f4387b7a into PR presentation assembly|8abde93a5d1:Merge upstream 9aa24e8f into PR presentation assembly|9f89d941dd1:merge: absorb frozen upstream c37ba84|b5bc4347c0d:Merge upstream 18c9f27e into #1219 F1 accepted head|9ed7fd20b49:merge: absorb upstream cc48aef into continuation assembly|228da670830:merge: absorb upstream lifecycle and cron ownership into assembly|a05d8a41a26:merge: absorb frozen upstream for #1172|2e7861ba45f:fix(codex): reject inherited side continuations|5b3e0d552d8:fix(codex): forward continuation tool callbacks	No current-upstream hunk exists: UPSTREAM:path equals OLD_MERGE_BASE:path at f2da4c8146ee7d1093ae66c5d8c6644b6f95cd02. CANDIDATE preserves accepted SOURCE blob fe92a49cd88c23310d9e5e4ee16cdf1436039784; the accepted +62/-1 overlay from d54403ab018:merge: absorb current upstream 23854c39 into continuation candidate|b5f1960fd4d:merge: backmerge frozen upstream into continuation|2cf1c4dba1a:Merge upstream main into continuation assembly|f2cc523f491:Merge upstream eb63cb148 into continuation assembly|9507800800a:merge: absorb upstream/main into continuation assembly|31af61428a6:merge: absorb upstream drift and restore continuation tracing|0dd8008463d:merge: absorb upstream 480e0c0 into PR presentation assembly|cb73c7db50c:Merge upstream f4387b7a into PR presentation assembly|8abde93a5d1:Merge upstream 9aa24e8f into PR presentation assembly|9f89d941dd1:merge: absorb frozen upstream c37ba84|b5bc4347c0d:Merge upstream 18c9f27e into #1219 F1 accepted head|9ed7fd20b49:merge: absorb upstream cc48aef into continuation assembly|228da670830:merge: absorb upstream lifecycle and cron ownership into assembly|a05d8a41a26:merge: absorb frozen upstream for #1172|2e7861ba45f:fix(codex): reject inherited side continuations|5b3e0d552d8:fix(codex): forward continuation tool callbacks supersedes the 1-line post-PR set candidate. No upstream restoration applies in this cure.
extensions/copilot/src/native-subagent-task-mirror.test.ts	5	8fa7337c46ba2aaf82ded1b57ef9edc82db4cf9c	add0e1bf8323dae88610b659de78d4a41be1feb1	+20/-5	b6842092148:fix: stabilize 1184 GATES integration repairs	No current-upstream hunk exists: UPSTREAM:path equals OLD_MERGE_BASE:path at 8fa7337c46ba2aaf82ded1b57ef9edc82db4cf9c. CANDIDATE preserves accepted SOURCE blob add0e1bf8323dae88610b659de78d4a41be1feb1; the accepted +20/-5 overlay from b6842092148:fix: stabilize 1184 GATES integration repairs supersedes the 5-line post-PR set candidate. No upstream restoration applies in this cure.
extensions/copilot/src/tool-bridge.test.ts	3	038552bc9cc95376073cc185a147ad8c10b683cd	84c79a0479d5ad612e149f20a50f8e51781f2dbc	+3/-3	b5f1960fd4d:merge: backmerge frozen upstream into continuation|2cf1c4dba1a:Merge upstream main into continuation assembly|f2cc523f491:Merge upstream eb63cb148 into continuation assembly|3f8d6503dde:Merge upstream main 530b33e4 into continuation assembly|e4053f698ea:fix(drift): align test roots with upstream rename surface	No current-upstream hunk exists: UPSTREAM:path equals OLD_MERGE_BASE:path at 038552bc9cc95376073cc185a147ad8c10b683cd. CANDIDATE preserves accepted SOURCE blob 84c79a0479d5ad612e149f20a50f8e51781f2dbc; the accepted +3/-3 overlay from b5f1960fd4d:merge: backmerge frozen upstream into continuation|2cf1c4dba1a:Merge upstream main into continuation assembly|f2cc523f491:Merge upstream eb63cb148 into continuation assembly|3f8d6503dde:Merge upstream main 530b33e4 into continuation assembly|e4053f698ea:fix(drift): align test roots with upstream rename surface supersedes the 3-line post-PR set candidate. No upstream restoration applies in this cure.
extensions/diagnostics-otel/src/service-traces.ts	2	9e941d14ae555d66750e18da2ee128a8b1e97f23	62f3ab6ecb5cc90e7d61987951064205c87f29c2	+65/-6	9f89d941dd1:merge: absorb frozen upstream c37ba84|2615e52048d:merge(1205): absorb current upstream f9207db3 into continuation base 4c5bd846|e3dd5604a7d:Merge frozen implementation epoch for #1172 LOC policy	No current-upstream hunk exists: UPSTREAM:path equals OLD_MERGE_BASE:path at 9e941d14ae555d66750e18da2ee128a8b1e97f23. CANDIDATE preserves accepted SOURCE blob 62f3ab6ecb5cc90e7d61987951064205c87f29c2; the accepted +65/-6 overlay from 9f89d941dd1:merge: absorb frozen upstream c37ba84|2615e52048d:merge(1205): absorb current upstream f9207db3 into continuation base 4c5bd846|e3dd5604a7d:Merge frozen implementation epoch for #1172 LOC policy supersedes the 2-line post-PR set candidate. No upstream restoration applies in this cure.
extensions/diagnostics-otel/src/service.test.ts	2	ed6b3555903c689d1011b4278a7be038237c35a7	a6921a35de90422b7a01ae12113353c24127b4a5	+426/-2	ede8fe53879:fix(diagnostics-otel): restore continuation span lineage|5f8b89c70f5:fix(diagnostics-otel): preserve active continuation tracer|7abbbe17ef9:merge: absorb upstream 6543e6f into PR presentation assembly|cb73c7db50c:Merge upstream f4387b7a into PR presentation assembly|a978cc7bf8a:merge: absorb upstream and close post-039 CI failures|6bf596259a7:merge: absorb frozen upstream e4968af|9f89d941dd1:merge: absorb frozen upstream c37ba84|164351fe76c:merge: absorb final frozen upstream for WO-1217|55fb755bebb:merge: absorb frozen upstream for WO-1217|e9a5ae9d12d:Merge upstream 0ea8d565 into CFC5 successor|2615e52048d:merge(1205): absorb current upstream f9207db3 into continuation base 4c5bd846|9ed7fd20b49:merge: absorb upstream cc48aef into continuation assembly|bae7eae11ab:Merge upstream/main into post-666 assembly candidate|57cf8aa5bc4:merge: absorb upstream through 5b2a0840 for #1172|c22ef4effa1:Merge upstream into #1184 final assembly candidate|228da670830:merge: absorb upstream lifecycle and cron ownership into assembly|a05d8a41a26:merge: absorb frozen upstream for #1172|42a449f9ad2:Merge upstream/main into #1172 safe assembly|a9ea8e596e7:Backmerge upstream main into assembly after splay prune|71679cb2f58:fix: address continuation review p2s|c8ff54907c6:Merge origin/main into assembly continuation branch|cd255b3d6db:Merge upstream/main 2ce4a748 (drift re-absorb #6) + #1229 surface-budget pin|ca02cd2e616:Merge upstream/main into assembly — absorb 1361-commit drift for PR #85651 currency|776092e29bc:Merge upstream/main into frond-scribe/20260612/drift-correct-990-v4 (drift2)|f3f9fcceaeb:Back-merge upstream/main (bf89552) into assembly-token-wiring drift-correct|8e04d27f1a5:feat(continuation): replay drift-cure candidate onto upstream	No current-upstream hunk exists: UPSTREAM:path equals OLD_MERGE_BASE:path at ed6b3555903c689d1011b4278a7be038237c35a7. CANDIDATE preserves accepted SOURCE blob a6921a35de90422b7a01ae12113353c24127b4a5; the accepted +426/-2 overlay from ede8fe53879:fix(diagnostics-otel): restore continuation span lineage|5f8b89c70f5:fix(diagnostics-otel): preserve active continuation tracer|7abbbe17ef9:merge: absorb upstream 6543e6f into PR presentation assembly|cb73c7db50c:Merge upstream f4387b7a into PR presentation assembly|a978cc7bf8a:merge: absorb upstream and close post-039 CI failures|6bf596259a7:merge: absorb frozen upstream e4968af|9f89d941dd1:merge: absorb frozen upstream c37ba84|164351fe76c:merge: absorb final frozen upstream for WO-1217|55fb755bebb:merge: absorb frozen upstream for WO-1217|e9a5ae9d12d:Merge upstream 0ea8d565 into CFC5 successor|2615e52048d:merge(1205): absorb current upstream f9207db3 into continuation base 4c5bd846|9ed7fd20b49:merge: absorb upstream cc48aef into continuation assembly|bae7eae11ab:Merge upstream/main into post-666 assembly candidate|57cf8aa5bc4:merge: absorb upstream through 5b2a0840 for #1172|c22ef4effa1:Merge upstream into #1184 final assembly candidate|228da670830:merge: absorb upstream lifecycle and cron ownership into assembly|a05d8a41a26:merge: absorb frozen upstream for #1172|42a449f9ad2:Merge upstream/main into #1172 safe assembly|a9ea8e596e7:Backmerge upstream main into assembly after splay prune|71679cb2f58:fix: address continuation review p2s|c8ff54907c6:Merge origin/main into assembly continuation branch|cd255b3d6db:Merge upstream/main 2ce4a748 (drift re-absorb #6) + #1229 surface-budget pin|ca02cd2e616:Merge upstream/main into assembly — absorb 1361-commit drift for PR #85651 currency|776092e29bc:Merge upstream/main into frond-scribe/20260612/drift-correct-990-v4 (drift2)|f3f9fcceaeb:Back-merge upstream/main (bf89552) into assembly-token-wiring drift-correct|8e04d27f1a5:feat(continuation): replay drift-cure candidate onto upstream supersedes the 2-line post-PR set candidate. No upstream restoration applies in this cure.
extensions/diagnostics-otel/src/service.ts	6	74ed2530dade44cc328570d71b88d87adcf9dc4c	7fcb94331fcd3cd110519f0eb81cdef0dd839f7c	+36/-6	ede8fe53879:fix(diagnostics-otel): restore continuation span lineage|5f8b89c70f5:fix(diagnostics-otel): preserve active continuation tracer|7abbbe17ef9:merge: absorb upstream 6543e6f into PR presentation assembly|cb73c7db50c:Merge upstream f4387b7a into PR presentation assembly|a978cc7bf8a:merge: absorb upstream and close post-039 CI failures|9f89d941dd1:merge: absorb frozen upstream c37ba84|164351fe76c:merge: absorb final frozen upstream for WO-1217|55fb755bebb:merge: absorb frozen upstream for WO-1217|e9a5ae9d12d:Merge upstream 0ea8d565 into CFC5 successor|c22ef4effa1:Merge upstream into #1184 final assembly candidate|e3dd5604a7d:Merge frozen implementation epoch for #1172 LOC policy|c15743f18b6:temporary exact-tree LOC comparison|0dc146c8c57:Merge upstream main into #1172 cut candidate|40d0fde6d33:Fix static gate lint findings|860f41ad9b1:Merge upstream/main into 1172 status row assembly|42a449f9ad2:Merge upstream/main into #1172 safe assembly|a9ea8e596e7:Backmerge upstream main into assembly after splay prune|71679cb2f58:fix: address continuation review p2s|d3cfdf2dbf5:merge: absorb upstream main after 1159 fold|c8ff54907c6:Merge origin/main into assembly continuation branch|cd255b3d6db:Merge upstream/main 2ce4a748 (drift re-absorb #6) + #1229 surface-budget pin|ca02cd2e616:Merge upstream/main into assembly — absorb 1361-commit drift for PR #85651 currency|776092e29bc:Merge upstream/main into frond-scribe/20260612/drift-correct-990-v4 (drift2)|f3f9fcceaeb:Back-merge upstream/main (bf89552) into assembly-token-wiring drift-correct|6049e1d0d41:fix(diagnostics-otel): reset continuation tracer on stop for preloaded SDKs|077f1233cc7:Merge remote-tracking branch 'upstream/main' into frond-scribe/20260606/assembly-stabilized|8e04d27f1a5:feat(continuation): replay drift-cure candidate onto upstream	No current-upstream hunk exists: UPSTREAM:path equals OLD_MERGE_BASE:path at 74ed2530dade44cc328570d71b88d87adcf9dc4c. CANDIDATE preserves accepted SOURCE blob 7fcb94331fcd3cd110519f0eb81cdef0dd839f7c; the accepted +36/-6 overlay from ede8fe53879:fix(diagnostics-otel): restore continuation span lineage|5f8b89c70f5:fix(diagnostics-otel): preserve active continuation tracer|7abbbe17ef9:merge: absorb upstream 6543e6f into PR presentation assembly|cb73c7db50c:Merge upstream f4387b7a into PR presentation assembly|a978cc7bf8a:merge: absorb upstream and close post-039 CI failures|9f89d941dd1:merge: absorb frozen upstream c37ba84|164351fe76c:merge: absorb final frozen upstream for WO-1217|55fb755bebb:merge: absorb frozen upstream for WO-1217|e9a5ae9d12d:Merge upstream 0ea8d565 into CFC5 successor|c22ef4effa1:Merge upstream into #1184 final assembly candidate|e3dd5604a7d:Merge frozen implementation epoch for #1172 LOC policy|c15743f18b6:temporary exact-tree LOC comparison|0dc146c8c57:Merge upstream main into #1172 cut candidate|40d0fde6d33:Fix static gate lint findings|860f41ad9b1:Merge upstream/main into 1172 status row assembly|42a449f9ad2:Merge upstream/main into #1172 safe assembly|a9ea8e596e7:Backmerge upstream main into assembly after splay prune|71679cb2f58:fix: address continuation review p2s|d3cfdf2dbf5:merge: absorb upstream main after 1159 fold|c8ff54907c6:Merge origin/main into assembly continuation branch|cd255b3d6db:Merge upstream/main 2ce4a748 (drift re-absorb #6) + #1229 surface-budget pin|ca02cd2e616:Merge upstream/main into assembly — absorb 1361-commit drift for PR #85651 currency|776092e29bc:Merge upstream/main into frond-scribe/20260612/drift-correct-990-v4 (drift2)|f3f9fcceaeb:Back-merge upstream/main (bf89552) into assembly-token-wiring drift-correct|6049e1d0d41:fix(diagnostics-otel): reset continuation tracer on stop for preloaded SDKs|077f1233cc7:Merge remote-tracking branch 'upstream/main' into frond-scribe/20260606/assembly-stabilized|8e04d27f1a5:feat(continuation): replay drift-cure candidate onto upstream supersedes the 6-line post-PR set candidate. No upstream restoration applies in this cure.
extensions/discord/src/internal/rest.ts	1	040ee43c43101f5b822c4ea3a6f56bf6017543a8	a16c7856ddc3be054016f182b46edb1ebce1698c	+62/-2	ff3e0dd6337:Repair frozen upstream merge unions|6f34847c57f:merge: absorb upstream/main into assembly (second incremental absorb)|a05d8a41a26:merge: absorb frozen upstream for #1172|c15743f18b6:temporary exact-tree LOC comparison|500d8fac2b6:Normalize Discord multipart bodies for undici fetch	No current-upstream hunk exists: UPSTREAM:path equals OLD_MERGE_BASE:path at 040ee43c43101f5b822c4ea3a6f56bf6017543a8. CANDIDATE preserves accepted SOURCE blob a16c7856ddc3be054016f182b46edb1ebce1698c; the accepted +62/-2 overlay from ff3e0dd6337:Repair frozen upstream merge unions|6f34847c57f:merge: absorb upstream/main into assembly (second incremental absorb)|a05d8a41a26:merge: absorb frozen upstream for #1172|c15743f18b6:temporary exact-tree LOC comparison|500d8fac2b6:Normalize Discord multipart bodies for undici fetch supersedes the 1-line post-PR set candidate. No upstream restoration applies in this cure.
extensions/feishu/src/delivery-trace.test.ts	4	c1499a005adc10b1887f1dc37b936a35292f184b	37b7521bda69372aeb03009b22b19d04bbf01a5e	+3/-4	b6842092148:fix: stabilize 1184 GATES integration repairs	No current-upstream hunk exists: UPSTREAM:path equals OLD_MERGE_BASE:path at c1499a005adc10b1887f1dc37b936a35292f184b. CANDIDATE preserves accepted SOURCE blob 37b7521bda69372aeb03009b22b19d04bbf01a5e; the accepted +3/-4 overlay from b6842092148:fix: stabilize 1184 GATES integration repairs supersedes the 4-line post-PR set candidate. No upstream restoration applies in this cure.
extensions/google-meet/src/oauth.ts	1	3b6648a27eb2874663f6688b7aa46010dc3bc4f3	3698240ceb7207a2c0f321490bbd57eab922a000	+9/-3	4d7adb230bc:fix(google-meet): thread one resolved callback port through the whole OAuth flow|6e5601deeab:fix(google-meet): derive redirect URI from resolved callback port; restore coverage|e9a5ae9d12d:Merge upstream 0ea8d565 into CFC5 successor|a05d8a41a26:merge: absorb frozen upstream for #1172|56360c15761:Merge upstream/main into #1172 assembly|a9ea8e596e7:Backmerge upstream main into assembly after splay prune|ff1dea44344:Merge upstream/main into assembly drift branch|1f8839fd560:test: stabilize Google Meet OAuth timeout path	No current-upstream hunk exists: UPSTREAM:path equals OLD_MERGE_BASE:path at 3b6648a27eb2874663f6688b7aa46010dc3bc4f3. CANDIDATE preserves accepted SOURCE blob 3698240ceb7207a2c0f321490bbd57eab922a000; the accepted +9/-3 overlay from 4d7adb230bc:fix(google-meet): thread one resolved callback port through the whole OAuth flow|6e5601deeab:fix(google-meet): derive redirect URI from resolved callback port; restore coverage|e9a5ae9d12d:Merge upstream 0ea8d565 into CFC5 successor|a05d8a41a26:merge: absorb frozen upstream for #1172|56360c15761:Merge upstream/main into #1172 assembly|a9ea8e596e7:Backmerge upstream main into assembly after splay prune|ff1dea44344:Merge upstream/main into assembly drift branch|1f8839fd560:test: stabilize Google Meet OAuth timeout path supersedes the 1-line post-PR set candidate. No upstream restoration applies in this cure.
extensions/google/cli-backend-auth.test.ts	3	88c500c7135f7cf7cfe0ab0966ea82c440c73abd	73548aa968cf29093e01f0e0977874bdf5fd0856	+15/-15	e4053f698ea:fix(drift): align test roots with upstream rename surface	No current-upstream hunk exists: UPSTREAM:path equals OLD_MERGE_BASE:path at 88c500c7135f7cf7cfe0ab0966ea82c440c73abd. CANDIDATE preserves accepted SOURCE blob 73548aa968cf29093e01f0e0977874bdf5fd0856; the accepted +15/-15 overlay from e4053f698ea:fix(drift): align test roots with upstream rename surface supersedes the 3-line post-PR set candidate. No upstream restoration applies in this cure.
extensions/google/cli-backend-isolated.test.ts	3	f8353d99cc547d4849d02c818d4ac58420cc08d5	298db2b5dda04fadff5e38a849e42db455935f2c	+11/-11	e4053f698ea:fix(drift): align test roots with upstream rename surface	No current-upstream hunk exists: UPSTREAM:path equals OLD_MERGE_BASE:path at f8353d99cc547d4849d02c818d4ac58420cc08d5. CANDIDATE preserves accepted SOURCE blob 298db2b5dda04fadff5e38a849e42db455935f2c; the accepted +11/-11 overlay from e4053f698ea:fix(drift): align test roots with upstream rename surface supersedes the 3-line post-PR set candidate. No upstream restoration applies in this cure.
extensions/google/transport-stream.test.ts	2	39b1e2ede421a2dcafb78fb8688b5a40b6552548	9b8206c1165a3eda9e34c9028bac1449ce9a77f0	+2/-2	b5f1960fd4d:merge: backmerge frozen upstream into continuation|2dd84c968ef:merge: absorb upstream drift #10 into assembly|a9ebaa59cfe:merge: absorb upstream/main drift|7f2601b6779:Merge upstream/main (df725434f36) into 1172 continuation assembly|164351fe76c:merge: absorb final frozen upstream for WO-1217|55fb755bebb:merge: absorb frozen upstream for WO-1217|68358363287:Merge frozen upstream acf28495 into 1172 status-row assembly|726f4e2f9cc:Merge upstream after post-666 corrections|b6842092148:fix: stabilize 1184 GATES integration repairs	No current-upstream hunk exists: UPSTREAM:path equals OLD_MERGE_BASE:path at 39b1e2ede421a2dcafb78fb8688b5a40b6552548. CANDIDATE preserves accepted SOURCE blob 9b8206c1165a3eda9e34c9028bac1449ce9a77f0; the accepted +2/-2 overlay from b5f1960fd4d:merge: backmerge frozen upstream into continuation|2dd84c968ef:merge: absorb upstream drift #10 into assembly|a9ebaa59cfe:merge: absorb upstream/main drift|7f2601b6779:Merge upstream/main (df725434f36) into 1172 continuation assembly|164351fe76c:merge: absorb final frozen upstream for WO-1217|55fb755bebb:merge: absorb frozen upstream for WO-1217|68358363287:Merge frozen upstream acf28495 into 1172 status-row assembly|726f4e2f9cc:Merge upstream after post-666 corrections|b6842092148:fix: stabilize 1184 GATES integration repairs supersedes the 2-line post-PR set candidate. No upstream restoration applies in this cure.
extensions/matrix/src/matrix/client/storage.test.ts	2	3867f44be4be7205d136a4d4d2a417251ccf8b7d	ab3c25f0b39c212442b25b6b5ee052cee7795a77	+34/-2	bae7eae11ab:Merge upstream/main into post-666 assembly candidate|b6842092148:fix: stabilize 1184 GATES integration repairs	No current-upstream hunk exists: UPSTREAM:path equals OLD_MERGE_BASE:path at 3867f44be4be7205d136a4d4d2a417251ccf8b7d. CANDIDATE preserves accepted SOURCE blob ab3c25f0b39c212442b25b6b5ee052cee7795a77; the accepted +34/-2 overlay from bae7eae11ab:Merge upstream/main into post-666 assembly candidate|b6842092148:fix: stabilize 1184 GATES integration repairs supersedes the 2-line post-PR set candidate. No upstream restoration applies in this cure.
extensions/matrix/src/test-runtime.ts	12	d8b8d63e0597c6ef1144c53cd853cca6f28b59ae	16bee6310274339abb78ae1dbac450e1cb4c58ad	+29/-18	164351fe76c:merge: absorb final frozen upstream for WO-1217|68358363287:Merge frozen upstream acf28495 into 1172 status-row assembly|b6842092148:fix: stabilize 1184 GATES integration repairs	No current-upstream hunk exists: UPSTREAM:path equals OLD_MERGE_BASE:path at d8b8d63e0597c6ef1144c53cd853cca6f28b59ae. CANDIDATE preserves accepted SOURCE blob 16bee6310274339abb78ae1dbac450e1cb4c58ad; the accepted +29/-18 overlay from 164351fe76c:merge: absorb final frozen upstream for WO-1217|68358363287:Merge frozen upstream acf28495 into 1172 status-row assembly|b6842092148:fix: stabilize 1184 GATES integration repairs supersedes the 12-line post-PR set candidate. No upstream restoration applies in this cure.
extensions/msteams/src/channel.test.ts	3	50a7ae1444d18c9fde9e7212ccd2f081f137cac6	27ba16733056d5853d6479c994ee934db4ecaee5	+3/-3	09b553e5fc7:fix: repair two silent merge overlaps surfaced by the static gates	No current-upstream hunk exists: UPSTREAM:path equals OLD_MERGE_BASE:path at 50a7ae1444d18c9fde9e7212ccd2f081f137cac6. CANDIDATE preserves accepted SOURCE blob 27ba16733056d5853d6479c994ee934db4ecaee5; the accepted +3/-3 overlay from 09b553e5fc7:fix: repair two silent merge overlaps surfaced by the static gates supersedes the 3-line post-PR set candidate. No upstream restoration applies in this cure.
extensions/mxc/test/binary-resolver.test.ts	7	62b1dfb1d6d9f3c7f21bfd3d4ce1f3cf42b6e5ef	684fa8b8d20e15d1dac5520a4a56a6ed5d95f067	+4/-9	cee7f79347b:test(extensions): isolate shared-runner fixtures	No current-upstream hunk exists: UPSTREAM:path equals OLD_MERGE_BASE:path at 62b1dfb1d6d9f3c7f21bfd3d4ce1f3cf42b6e5ef. CANDIDATE preserves accepted SOURCE blob 684fa8b8d20e15d1dac5520a4a56a6ed5d95f067; the accepted +4/-9 overlay from cee7f79347b:test(extensions): isolate shared-runner fixtures supersedes the 7-line post-PR set candidate. No upstream restoration applies in this cure.
extensions/ollama/provider-discovery.test.ts	3	5e66ddb39617d7cf35528a5f88fdca08337d12f2	a2ed2dc86ba2ca3212e25cce005c519a086139f9	+13/-8	68358363287:Merge frozen upstream acf28495 into 1172 status-row assembly|2615e52048d:merge(1205): absorb current upstream f9207db3 into continuation base 4c5bd846|83d0eba67f0:Merge remote-tracking branch 'upstream/main' into scribe/20260709/1172-status-row-assembly|c8ff54907c6:Merge origin/main into assembly continuation branch|a6901e60df1:test: refresh host-aware CI expectations	No current-upstream hunk exists: UPSTREAM:path equals OLD_MERGE_BASE:path at 5e66ddb39617d7cf35528a5f88fdca08337d12f2. CANDIDATE preserves accepted SOURCE blob a2ed2dc86ba2ca3212e25cce005c519a086139f9; the accepted +13/-8 overlay from 68358363287:Merge frozen upstream acf28495 into 1172 status-row assembly|2615e52048d:merge(1205): absorb current upstream f9207db3 into continuation base 4c5bd846|83d0eba67f0:Merge remote-tracking branch 'upstream/main' into scribe/20260709/1172-status-row-assembly|c8ff54907c6:Merge origin/main into assembly continuation branch|a6901e60df1:test: refresh host-aware CI expectations supersedes the 3-line post-PR set candidate. No upstream restoration applies in this cure.
extensions/qa-lab/src/crabline-transport-message-id.test.ts	3	8f59f90aa293929f1617725e8ad7c9d7c4277aea	068b0c34b88f79b527ca8f7a4c7fb41a6030a46d	+3/-3	e4053f698ea:fix(drift): align test roots with upstream rename surface	No current-upstream hunk exists: UPSTREAM:path equals OLD_MERGE_BASE:path at 8f59f90aa293929f1617725e8ad7c9d7c4277aea. CANDIDATE preserves accepted SOURCE blob 068b0c34b88f79b527ca8f7a4c7fb41a6030a46d; the accepted +3/-3 overlay from e4053f698ea:fix(drift): align test roots with upstream rename surface supersedes the 3-line post-PR set candidate. No upstream restoration applies in this cure.
extensions/qa-lab/src/crabline-transport-native-command.test.ts	2	36d246baac450acdf84d086c38a6c38cc59038d5	8ca4c6d3043856789f1fcd749105e48ad7654942	+2/-2	e4053f698ea:fix(drift): align test roots with upstream rename surface	No current-upstream hunk exists: UPSTREAM:path equals OLD_MERGE_BASE:path at 36d246baac450acdf84d086c38a6c38cc59038d5. CANDIDATE preserves accepted SOURCE blob 8ca4c6d3043856789f1fcd749105e48ad7654942; the accepted +2/-2 overlay from e4053f698ea:fix(drift): align test roots with upstream rename surface supersedes the 2-line post-PR set candidate. No upstream restoration applies in this cure.
extensions/qa-lab/src/crabline-transport-readiness.test.ts	2	f3c455e77755e61b8784a6a581f8f58b7b59f4aa	3031957212c092cf3c49179709ad85ad724d1a41	+2/-2	e4053f698ea:fix(drift): align test roots with upstream rename surface	No current-upstream hunk exists: UPSTREAM:path equals OLD_MERGE_BASE:path at f3c455e77755e61b8784a6a581f8f58b7b59f4aa. CANDIDATE preserves accepted SOURCE blob 3031957212c092cf3c49179709ad85ad724d1a41; the accepted +2/-2 overlay from e4053f698ea:fix(drift): align test roots with upstream rename surface supersedes the 2-line post-PR set candidate. No upstream restoration applies in this cure.
extensions/qa-lab/src/lab-server-ui.ts	1	92a2066d6d7e1ee5bae4cf742a65984d76e8cf6a	f74f65f5c2ee4df848fdec05b5e863cf36e62071	+1/-1	3b33188c6d4:merge: absorb upstream/main into continuation assembly|0dc146c8c57:Merge upstream main into #1172 cut candidate|2d4bb875803:fix: clear backmerge codeql findings	No current-upstream hunk exists: UPSTREAM:path equals OLD_MERGE_BASE:path at 92a2066d6d7e1ee5bae4cf742a65984d76e8cf6a. CANDIDATE preserves accepted SOURCE blob f74f65f5c2ee4df848fdec05b5e863cf36e62071; the accepted +1/-1 overlay from 3b33188c6d4:merge: absorb upstream/main into continuation assembly|0dc146c8c57:Merge upstream main into #1172 cut candidate|2d4bb875803:fix: clear backmerge codeql findings supersedes the 1-line post-PR set candidate. No upstream restoration applies in this cure.
extensions/senseaudio/media-understanding-provider.live.test.ts	2	cc00ce7bf6ed2e8fdcfca030daef79b4ebb5e8e1	853e7e5c44f09749b99333b9a34b9902e0f090b5	+2/-2	e4053f698ea:fix(drift): align test roots with upstream rename surface	No current-upstream hunk exists: UPSTREAM:path equals OLD_MERGE_BASE:path at cc00ce7bf6ed2e8fdcfca030daef79b4ebb5e8e1. CANDIDATE preserves accepted SOURCE blob 853e7e5c44f09749b99333b9a34b9902e0f090b5; the accepted +2/-2 overlay from e4053f698ea:fix(drift): align test roots with upstream rename surface supersedes the 2-line post-PR set candidate. No upstream restoration applies in this cure.
extensions/signal/src/monitor.tool-result.test-harness.ts	1	a81792bee8efc7e7aa50bdb9a2b4f6e838e3ad85	2f0fe3a82ffd9a893f7716693a1abd8e1782242e	+32/-1	f01e2fbf091:merge: absorb upstream through 7d159fdc for #1172|c22ef4effa1:Merge upstream into #1184 final assembly candidate|b6842092148:fix: stabilize 1184 GATES integration repairs	No current-upstream hunk exists: UPSTREAM:path equals OLD_MERGE_BASE:path at a81792bee8efc7e7aa50bdb9a2b4f6e838e3ad85. CANDIDATE preserves accepted SOURCE blob 2f0fe3a82ffd9a893f7716693a1abd8e1782242e; the accepted +32/-1 overlay from f01e2fbf091:merge: absorb upstream through 7d159fdc for #1172|c22ef4effa1:Merge upstream into #1184 final assembly candidate|b6842092148:fix: stabilize 1184 GATES integration repairs supersedes the 1-line post-PR set candidate. No upstream restoration applies in this cure.
extensions/signal/src/monitor/event-handler.ingress-lifecycle.test.ts	32	cb371972e467cdce1738373ee02a6e1ddcab95d7	57caa80c7665bb6cb511c254e9f7221ab56c6309	+35/-37	3f8d6503dde:Merge upstream main 530b33e4 into continuation assembly|c22ef4effa1:Merge upstream into #1184 final assembly candidate|b6842092148:fix: stabilize 1184 GATES integration repairs	No current-upstream hunk exists: UPSTREAM:path equals OLD_MERGE_BASE:path at cb371972e467cdce1738373ee02a6e1ddcab95d7. CANDIDATE preserves accepted SOURCE blob 57caa80c7665bb6cb511c254e9f7221ab56c6309; the accepted +35/-37 overlay from 3f8d6503dde:Merge upstream main 530b33e4 into continuation assembly|c22ef4effa1:Merge upstream into #1184 final assembly candidate|b6842092148:fix: stabilize 1184 GATES integration repairs supersedes the 32-line post-PR set candidate. No upstream restoration applies in this cure.
extensions/telegram/src/bot.create-telegram-bot.test.ts	1	b1fe6c29236731081e521891824089af164c95c1	9c4a6c395ec8c3f7f8851eedcd2f7d4a97c932de	+11/-2	d54403ab018:merge: absorb current upstream 23854c39 into continuation candidate|b5f1960fd4d:merge: backmerge frozen upstream into continuation|3f8d6503dde:Merge upstream main 530b33e4 into continuation assembly|a7ef03177e0:Merge remote-tracking branch 'upstream/main' into scribe/20260809/backmerge-upstream|90457acf7e3:Merge remote-tracking branch 'upstream/main' into scribe/20260809/backmerge-upstream|e940b6304af:Merge upstream/main into 1172 continuation assembly|7f2601b6779:Merge upstream/main (df725434f36) into 1172 continuation assembly|ca5a25affc9:Merge upstream/main (cb50289e283) into 1172 continuation assembly|09217761501:Merge upstream main through 725fe96|d0ec6bb41ea:test(telegram): target canonical model selection|cb73c7db50c:Merge upstream f4387b7a into PR presentation assembly|8abde93a5d1:Merge upstream 9aa24e8f into PR presentation assembly|a978cc7bf8a:merge: absorb upstream and close post-039 CI failures|164351fe76c:merge: absorb final frozen upstream for WO-1217|68358363287:Merge frozen upstream acf28495 into 1172 status-row assembly|9ed7fd20b49:merge: absorb upstream cc48aef into continuation assembly|2e155cf622e:merge: absorb upstream through 20eda for continuation assembly|726f4e2f9cc:Merge upstream after post-666 corrections|ac371f93bec:fix: close post-merge continuation test gaps|bae7eae11ab:Merge upstream/main into post-666 assembly candidate|672bd50a7dc:Merge upstream 692310de into continuation assembly|0ff0add5e40:merge: absorb upstream through 025e6cee for #1172|81930ccd5e2:merge: absorb upstream through 444fd4b for #1172|228da670830:merge: absorb upstream lifecycle and cron ownership into assembly|d6ac137b148:Merge upstream c46cc1e2 into absorb branch|a05d8a41a26:merge: absorb frozen upstream for #1172|c15743f18b6:temporary exact-tree LOC comparison|c7802d01d24:Merge upstream/main through 42d34eb4c8b into #1172 candidate|1ec265500c3:Absorb upstream GATES repairs|7043b6f9a0d:Merge upstream/main into 1172 status row assembly|42a449f9ad2:Merge upstream/main into #1172 safe assembly|5503bd986c2:Merge remote-tracking branch 'upstream/main' into scribe/20260704/assembly-upstream-drift-backmerge|c8ff54907c6:Merge origin/main into assembly continuation branch|78d31449a23:merge: absorb upstream main into continuation assembly|2e584ac4bea:merge: sync upstream/main (3d05da9a54) into drift-corrected tip; reconcile 6 conflicts|2adb93647b3:fix(telegram): isolate session store to end :1403 cross-file test leak|f01d8eeffeb:Merge remote-tracking branch 'origin/main' into HEAD|370ba80f98e:Merge remote-tracking branch 'upstream/main' into frond-scribe/20260613/upstream-sync|5f472fe8bf7:Merge remote-tracking branch 'upstream/main' into freshmerge-20260613	No current-upstream hunk exists: UPSTREAM:path equals OLD_MERGE_BASE:path at b1fe6c29236731081e521891824089af164c95c1. CANDIDATE preserves accepted SOURCE blob 9c4a6c395ec8c3f7f8851eedcd2f7d4a97c932de; the accepted +11/-2 overlay from d54403ab018:merge: absorb current upstream 23854c39 into continuation candidate|b5f1960fd4d:merge: backmerge frozen upstream into continuation|3f8d6503dde:Merge upstream main 530b33e4 into continuation assembly|a7ef03177e0:Merge remote-tracking branch 'upstream/main' into scribe/20260809/backmerge-upstream|90457acf7e3:Merge remote-tracking branch 'upstream/main' into scribe/20260809/backmerge-upstream|e940b6304af:Merge upstream/main into 1172 continuation assembly|7f2601b6779:Merge upstream/main (df725434f36) into 1172 continuation assembly|ca5a25affc9:Merge upstream/main (cb50289e283) into 1172 continuation assembly|09217761501:Merge upstream main through 725fe96|d0ec6bb41ea:test(telegram): target canonical model selection|cb73c7db50c:Merge upstream f4387b7a into PR presentation assembly|8abde93a5d1:Merge upstream 9aa24e8f into PR presentation assembly|a978cc7bf8a:merge: absorb upstream and close post-039 CI failures|164351fe76c:merge: absorb final frozen upstream for WO-1217|68358363287:Merge frozen upstream acf28495 into 1172 status-row assembly|9ed7fd20b49:merge: absorb upstream cc48aef into continuation assembly|2e155cf622e:merge: absorb upstream through 20eda for continuation assembly|726f4e2f9cc:Merge upstream after post-666 corrections|ac371f93bec:fix: close post-merge continuation test gaps|bae7eae11ab:Merge upstream/main into post-666 assembly candidate|672bd50a7dc:Merge upstream 692310de into continuation assembly|0ff0add5e40:merge: absorb upstream through 025e6cee for #1172|81930ccd5e2:merge: absorb upstream through 444fd4b for #1172|228da670830:merge: absorb upstream lifecycle and cron ownership into assembly|d6ac137b148:Merge upstream c46cc1e2 into absorb branch|a05d8a41a26:merge: absorb frozen upstream for #1172|c15743f18b6:temporary exact-tree LOC comparison|c7802d01d24:Merge upstream/main through 42d34eb4c8b into #1172 candidate|1ec265500c3:Absorb upstream GATES repairs|7043b6f9a0d:Merge upstream/main into 1172 status row assembly|42a449f9ad2:Merge upstream/main into #1172 safe assembly|5503bd986c2:Merge remote-tracking branch 'upstream/main' into scribe/20260704/assembly-upstream-drift-backmerge|c8ff54907c6:Merge origin/main into assembly continuation branch|78d31449a23:merge: absorb upstream main into continuation assembly|2e584ac4bea:merge: sync upstream/main (3d05da9a54) into drift-corrected tip; reconcile 6 conflicts|2adb93647b3:fix(telegram): isolate session store to end :1403 cross-file test leak|f01d8eeffeb:Merge remote-tracking branch 'origin/main' into HEAD|370ba80f98e:Merge remote-tracking branch 'upstream/main' into frond-scribe/20260613/upstream-sync|5f472fe8bf7:Merge remote-tracking branch 'upstream/main' into freshmerge-20260613 supersedes the 1-line post-PR set candidate. No upstream restoration applies in this cure.
extensions/tts-local-cli/speech-provider.live.test.ts	2	520c9f82e2f86023939d84607a011ba45b0ccf41	d1381fafe7d5ac53f4d147694e7444f97c467cdb	+2/-2	2cf1c4dba1a:Merge upstream main into continuation assembly|e4053f698ea:fix(drift): align test roots with upstream rename surface	No current-upstream hunk exists: UPSTREAM:path equals OLD_MERGE_BASE:path at 520c9f82e2f86023939d84607a011ba45b0ccf41. CANDIDATE preserves accepted SOURCE blob d1381fafe7d5ac53f4d147694e7444f97c467cdb; the accepted +2/-2 overlay from 2cf1c4dba1a:Merge upstream main into continuation assembly|e4053f698ea:fix(drift): align test roots with upstream rename surface supersedes the 2-line post-PR set candidate. No upstream restoration applies in this cure.
packages/agent-core/src/agent-loop.ts	1	d1bc37076c1a416e5608b3d011966222297517f0	e1189742df9fe23253f77b56396197252951e30c	+318/-1	2cf1c4dba1a:Merge upstream main into continuation assembly|ff3e0dd6337:Repair frozen upstream merge unions|f2cc523f491:Merge upstream eb63cb148 into continuation assembly|3f8d6503dde:Merge upstream main 530b33e4 into continuation assembly|6f34847c57f:merge: absorb upstream/main into assembly (second incremental absorb)|97bbea60bca:merge: absorb upstream through b067 for continuation presentation|31af61428a6:merge: absorb upstream drift and restore continuation tracing|6bf596259a7:merge: absorb frozen upstream e4968af|164351fe76c:merge: absorb final frozen upstream for WO-1217|68358363287:Merge frozen upstream acf28495 into 1172 status-row assembly|9ed7fd20b49:merge: absorb upstream cc48aef into continuation assembly|a9ce2f092ce:Merge upstream 104691 into #1172/#1184 assembly|228da670830:merge: absorb upstream lifecycle and cron ownership into assembly|a05d8a41a26:merge: absorb frozen upstream for #1172|b582202afcc:fix(agent): restore continuation failure state|c15743f18b6:temporary exact-tree LOC comparison|bc79e240746:Fix repeated tool error primary guard|d122a255b6b:Merge upstream/main into 1172 status row assembly|487b2ac852c:Add model request IDs for ClawRouter routing|56360c15761:Merge upstream/main into #1172 assembly|a9ea8e596e7:Backmerge upstream main into assembly after splay prune|11d7c638245:merge: absorb upstream drift into assembly|ff1dea44344:Merge upstream/main into assembly drift branch|5503bd986c2:Merge remote-tracking branch 'upstream/main' into scribe/20260704/assembly-upstream-drift-backmerge|0826b9fc2bd:fix(agent-core): harden repeated tool error breaker|ae1b2ae672f:fix(agent-core): keep mixed tool progress alive|35ea81723ab:fix(agent-core): bound repeated tool error loops|5dfa96c9346:Merge remote-tracking branch 'upstream/main' into frond-scribe/20260624/assembly-continuation-followons	No current-upstream hunk exists: UPSTREAM:path equals OLD_MERGE_BASE:path at d1bc37076c1a416e5608b3d011966222297517f0. CANDIDATE preserves accepted SOURCE blob e1189742df9fe23253f77b56396197252951e30c; the accepted +318/-1 overlay from 2cf1c4dba1a:Merge upstream main into continuation assembly|ff3e0dd6337:Repair frozen upstream merge unions|f2cc523f491:Merge upstream eb63cb148 into continuation assembly|3f8d6503dde:Merge upstream main 530b33e4 into continuation assembly|6f34847c57f:merge: absorb upstream/main into assembly (second incremental absorb)|97bbea60bca:merge: absorb upstream through b067 for continuation presentation|31af61428a6:merge: absorb upstream drift and restore continuation tracing|6bf596259a7:merge: absorb frozen upstream e4968af|164351fe76c:merge: absorb final frozen upstream for WO-1217|68358363287:Merge frozen upstream acf28495 into 1172 status-row assembly|9ed7fd20b49:merge: absorb upstream cc48aef into continuation assembly|a9ce2f092ce:Merge upstream 104691 into #1172/#1184 assembly|228da670830:merge: absorb upstream lifecycle and cron ownership into assembly|a05d8a41a26:merge: absorb frozen upstream for #1172|b582202afcc:fix(agent): restore continuation failure state|c15743f18b6:temporary exact-tree LOC comparison|bc79e240746:Fix repeated tool error primary guard|d122a255b6b:Merge upstream/main into 1172 status row assembly|487b2ac852c:Add model request IDs for ClawRouter routing|56360c15761:Merge upstream/main into #1172 assembly|a9ea8e596e7:Backmerge upstream main into assembly after splay prune|11d7c638245:merge: absorb upstream drift into assembly|ff1dea44344:Merge upstream/main into assembly drift branch|5503bd986c2:Merge remote-tracking branch 'upstream/main' into scribe/20260704/assembly-upstream-drift-backmerge|0826b9fc2bd:fix(agent-core): harden repeated tool error breaker|ae1b2ae672f:fix(agent-core): keep mixed tool progress alive|35ea81723ab:fix(agent-core): bound repeated tool error loops|5dfa96c9346:Merge remote-tracking branch 'upstream/main' into frond-scribe/20260624/assembly-continuation-followons supersedes the 1-line post-PR set candidate. No upstream restoration applies in this cure.
packages/gateway-protocol/src/schema/agent.ts	1	bbc27aeedf3081b09e0f297a66ce9c19464a6321	4b972ef48f171768b02bc5e4eb8cf99f73ef82c7	+40/-8	b5f1960fd4d:merge: backmerge frozen upstream into continuation|3f8d6503dde:Merge upstream main 530b33e4 into continuation assembly|9507800800a:merge: absorb upstream/main into continuation assembly|90b055341a1:Merge upstream/main into the continuation assembly candidate|164351fe76c:merge: absorb final frozen upstream for WO-1217|2615e52048d:merge(1205): absorb current upstream f9207db3 into continuation base 4c5bd846|9ed7fd20b49:merge: absorb upstream cc48aef into continuation assembly|511293fde30:Merge upstream c95a into #1172/#1184 assembly|b97ac9c852a:Merge upstream 53d600a into #1184 continuation candidate|228da670830:merge: absorb upstream lifecycle and cron ownership into assembly|c15743f18b6:temporary exact-tree LOC comparison|f818456269b:Merge upstream 8f8b44a3ce8 into #1172 cut candidate|4577adf1607:merge: absorb upstream main through 7a456e362d|977a63e8a4c:Merge upstream/main into #1172 safe assembly|a9ea8e596e7:Backmerge upstream main into assembly after splay prune|c8ff54907c6:Merge origin/main into assembly continuation branch|e0c8ee27cf5:fix(gateway-protocol): keep protocol schemas package-owned|bc26669ab5a:fix(gateway-protocol): define event-source/status consts locally in agent.ts|ca02cd2e616:Merge upstream/main into assembly — absorb 1361-commit drift for PR #85651 currency|f01d8eeffeb:Merge remote-tracking branch 'origin/main' into HEAD|d118c435610:Merge remote-tracking branch 'upstream/main' into frond-scribe/20260611/drift-preview-990|43ed057d291:fix(continuation): reset chain budget for ordinary subagent-returns (#989-P2-1)|7dcc9d578ca:Back-merge upstream/main (ebb9c6a013) into continuation candidate e66dc63f (history-preserving)|de9eccc1af0:Merge upstream snapshot|8e04d27f1a5:feat(continuation): replay drift-cure candidate onto upstream	No current-upstream hunk exists: UPSTREAM:path equals OLD_MERGE_BASE:path at bbc27aeedf3081b09e0f297a66ce9c19464a6321. CANDIDATE preserves accepted SOURCE blob 4b972ef48f171768b02bc5e4eb8cf99f73ef82c7; the accepted +40/-8 overlay from b5f1960fd4d:merge: backmerge frozen upstream into continuation|3f8d6503dde:Merge upstream main 530b33e4 into continuation assembly|9507800800a:merge: absorb upstream/main into continuation assembly|90b055341a1:Merge upstream/main into the continuation assembly candidate|164351fe76c:merge: absorb final frozen upstream for WO-1217|2615e52048d:merge(1205): absorb current upstream f9207db3 into continuation base 4c5bd846|9ed7fd20b49:merge: absorb upstream cc48aef into continuation assembly|511293fde30:Merge upstream c95a into #1172/#1184 assembly|b97ac9c852a:Merge upstream 53d600a into #1184 continuation candidate|228da670830:merge: absorb upstream lifecycle and cron ownership into assembly|c15743f18b6:temporary exact-tree LOC comparison|f818456269b:Merge upstream 8f8b44a3ce8 into #1172 cut candidate|4577adf1607:merge: absorb upstream main through 7a456e362d|977a63e8a4c:Merge upstream/main into #1172 safe assembly|a9ea8e596e7:Backmerge upstream main into assembly after splay prune|c8ff54907c6:Merge origin/main into assembly continuation branch|e0c8ee27cf5:fix(gateway-protocol): keep protocol schemas package-owned|bc26669ab5a:fix(gateway-protocol): define event-source/status consts locally in agent.ts|ca02cd2e616:Merge upstream/main into assembly — absorb 1361-commit drift for PR #85651 currency|f01d8eeffeb:Merge remote-tracking branch 'origin/main' into HEAD|d118c435610:Merge remote-tracking branch 'upstream/main' into frond-scribe/20260611/drift-preview-990|43ed057d291:fix(continuation): reset chain budget for ordinary subagent-returns (#989-P2-1)|7dcc9d578ca:Back-merge upstream/main (ebb9c6a013) into continuation candidate e66dc63f (history-preserving)|de9eccc1af0:Merge upstream snapshot|8e04d27f1a5:feat(continuation): replay drift-cure candidate onto upstream supersedes the 1-line post-PR set candidate. No upstream restoration applies in this cure.
scripts/plugin-sdk-surface-report.mts	9	819fe782771077090f292b339166b86c0e04813e	2c30178d024209408f88a34d3a32df0f9d3ae3bd	+22/-11	09b553e5fc7:fix: repair two silent merge overlaps surfaced by the static gates|d54403ab018:merge: absorb current upstream 23854c39 into continuation candidate|b5f1960fd4d:merge: backmerge frozen upstream into continuation|2cf1c4dba1a:Merge upstream main into continuation assembly|f2cc523f491:Merge upstream eb63cb148 into continuation assembly|3f8d6503dde:Merge upstream main 530b33e4 into continuation assembly|6f34847c57f:merge: absorb upstream/main into assembly (second incremental absorb)|09f47132f64:merge: absorb upstream 67262b70dc7 into assembly (subscribe-monolith split transposition)|2b07ba50956:Merge remote-tracking branch 'upstream/main' into scribe/20260709/1172-status-row-assembly|a9ebaa59cfe:merge: absorb upstream/main drift|9507800800a:merge: absorb upstream/main into continuation assembly|048cc0654bb:fix(merge): repair surface budgets and 53 silently-neutered vi.mock paths|056bdf88295:Merge upstream/main (750d0dcd9e7) into 1172 continuation assembly|b64f27d95d4:chore: regenerate baselines after the upstream back-merge|90b055341a1:Merge upstream/main into the continuation assembly candidate|fd060c8f6ed:chore(plugin-sdk): budget one more public wildcard reexport from upstream|f670c37de91:fix(merge): finish the SDK budget resolution and split the archive e2e suite|a7ef03177e0:Merge remote-tracking branch 'upstream/main' into scribe/20260809/backmerge-upstream|90457acf7e3:Merge remote-tracking branch 'upstream/main' into scribe/20260809/backmerge-upstream|7ccbb467adf:fix(ci): clear three upstream PR check failures|f42b15e94aa:Merge upstream/main (8fdf7570a17) into 1172 continuation assembly|7f2601b6779:Merge upstream/main (df725434f36) into 1172 continuation assembly	No current-upstream hunk exists: UPSTREAM:path equals OLD_MERGE_BASE:path at 819fe782771077090f292b339166b86c0e04813e. CANDIDATE preserves accepted SOURCE blob 2c30178d024209408f88a34d3a32df0f9d3ae3bd; the accepted +22/-11 overlay from 09b553e5fc7:fix: repair two silent merge overlaps surfaced by the static gates|d54403ab018:merge: absorb current upstream 23854c39 into continuation candidate|b5f1960fd4d:merge: backmerge frozen upstream into continuation|2cf1c4dba1a:Merge upstream main into continuation assembly|f2cc523f491:Merge upstream eb63cb148 into continuation assembly|3f8d6503dde:Merge upstream main 530b33e4 into continuation assembly|6f34847c57f:merge: absorb upstream/main into assembly (second incremental absorb)|09f47132f64:merge: absorb upstream 67262b70dc7 into assembly (subscribe-monolith split transposition)|2b07ba50956:Merge remote-tracking branch 'upstream/main' into scribe/20260709/1172-status-row-assembly|a9ebaa59cfe:merge: absorb upstream/main drift|9507800800a:merge: absorb upstream/main into continuation assembly|048cc0654bb:fix(merge): repair surface budgets and 53 silently-neutered vi.mock paths|056bdf88295:Merge upstream/main (750d0dcd9e7) into 1172 continuation assembly|b64f27d95d4:chore: regenerate baselines after the upstream back-merge|90b055341a1:Merge upstream/main into the continuation assembly candidate|fd060c8f6ed:chore(plugin-sdk): budget one more public wildcard reexport from upstream|f670c37de91:fix(merge): finish the SDK budget resolution and split the archive e2e suite|a7ef03177e0:Merge remote-tracking branch 'upstream/main' into scribe/20260809/backmerge-upstream|90457acf7e3:Merge remote-tracking branch 'upstream/main' into scribe/20260809/backmerge-upstream|7ccbb467adf:fix(ci): clear three upstream PR check failures|f42b15e94aa:Merge upstream/main (8fdf7570a17) into 1172 continuation assembly|7f2601b6779:Merge upstream/main (df725434f36) into 1172 continuation assembly supersedes the 9-line post-PR set candidate. No upstream restoration applies in this cure.
scripts/prepare-extension-package-boundary-artifacts.mts	1	6fd364d385ea2722f1205143d3984bf75dcb1e0a	6cd6b77f996300b59fc7aad3079758921ff5e672	+3/-1	26d6e1b5857:test: repair final validation boundaries	No current-upstream hunk exists: UPSTREAM:path equals OLD_MERGE_BASE:path at 6fd364d385ea2722f1205143d3984bf75dcb1e0a. CANDIDATE preserves accepted SOURCE blob 6cd6b77f996300b59fc7aad3079758921ff5e672; the accepted +3/-1 overlay from 26d6e1b5857:test: repair final validation boundaries supersedes the 1-line post-PR set candidate. No upstream restoration applies in this cure.
scripts/protocol-gen-swift.ts	1	a63b92150aa4be055b2d6cf901ff85e8c2564ac8	b620e51c24b4c2d0049d22794471870efbf3a2fa	+5/-1	2cf1c4dba1a:Merge upstream main into continuation assembly|3f8d6503dde:Merge upstream main 530b33e4 into continuation assembly|6f34847c57f:merge: absorb upstream/main into assembly (second incremental absorb)|31af61428a6:merge: absorb upstream drift and restore continuation tracing|0dd8008463d:merge: absorb upstream 480e0c0 into PR presentation assembly|8abde93a5d1:Merge upstream 9aa24e8f into PR presentation assembly|abfdd87363d:style: normalize inherited static-gate formatting|9ed7fd20b49:merge: absorb upstream cc48aef into continuation assembly|2e155cf622e:merge: absorb upstream through 20eda for continuation assembly|672bd50a7dc:Merge upstream 692310de into continuation assembly|0ff0add5e40:merge: absorb upstream through 025e6cee for #1172|b8bd53c9a89:merge: absorb upstream through a52eb213 for #1172|81930ccd5e2:merge: absorb upstream through 444fd4b for #1172|511293fde30:Merge upstream c95a into #1172/#1184 assembly|d6ac137b148:Merge upstream c46cc1e2 into absorb branch|c15743f18b6:temporary exact-tree LOC comparison|ef5d78fde97:Absorb post-gate upstream drift|4577adf1607:merge: absorb upstream main through 7a456e362d|8d9f5ac27d2:Merge upstream/main into 1172 status row assembly|a50f171de61:Merge upstream/main into #1172 assembly|c6442a2dece:Merge upstream/main into #1172 assembly|c62a299955d:Merge upstream/main into #1172 assembly|a9ea8e596e7:Backmerge upstream main into assembly after splay prune|7497a460d61:Merge upstream/main into assembly drift backmerge|11d7c638245:merge: absorb upstream drift into assembly|ff1dea44344:Merge upstream/main into assembly drift branch|67f5a6dd9df:Merge upstream/main into assembly backmerge|5503bd986c2:Merge remote-tracking branch 'upstream/main' into scribe/20260704/assembly-upstream-drift-backmerge|b2b7de036fb:Merge remote-tracking branch 'upstream/main' into frond-scribe/20260624/assembly-continuation-followons|d04ab6c5567:Merge upstream/main 190ca52882 (drift re-absorb #4) + prune stale deadcode allowlist|ca02cd2e616:Merge upstream/main into assembly — absorb 1361-commit drift for PR #85651 currency|2e584ac4bea:merge: sync upstream/main (3d05da9a54) into drift-corrected tip; reconcile 6 conflicts|f05c7cb92d5:WIP dc2: merge upstream d89ab2c014 onto 077b261dd8 — agent-runner-execution.ts resolved (version-A, scout-confirmed); 5 files conflict-marked for prince byte-check|de9eccc1af0:Merge upstream snapshot|8e04d27f1a5:feat(continuation): replay drift-cure candidate onto upstream	No current-upstream hunk exists: UPSTREAM:path equals OLD_MERGE_BASE:path at a63b92150aa4be055b2d6cf901ff85e8c2564ac8. CANDIDATE preserves accepted SOURCE blob b620e51c24b4c2d0049d22794471870efbf3a2fa; the accepted +5/-1 overlay from 2cf1c4dba1a:Merge upstream main into continuation assembly|3f8d6503dde:Merge upstream main 530b33e4 into continuation assembly|6f34847c57f:merge: absorb upstream/main into assembly (second incremental absorb)|31af61428a6:merge: absorb upstream drift and restore continuation tracing|0dd8008463d:merge: absorb upstream 480e0c0 into PR presentation assembly|8abde93a5d1:Merge upstream 9aa24e8f into PR presentation assembly|abfdd87363d:style: normalize inherited static-gate formatting|9ed7fd20b49:merge: absorb upstream cc48aef into continuation assembly|2e155cf622e:merge: absorb upstream through 20eda for continuation assembly|672bd50a7dc:Merge upstream 692310de into continuation assembly|0ff0add5e40:merge: absorb upstream through 025e6cee for #1172|b8bd53c9a89:merge: absorb upstream through a52eb213 for #1172|81930ccd5e2:merge: absorb upstream through 444fd4b for #1172|511293fde30:Merge upstream c95a into #1172/#1184 assembly|d6ac137b148:Merge upstream c46cc1e2 into absorb branch|c15743f18b6:temporary exact-tree LOC comparison|ef5d78fde97:Absorb post-gate upstream drift|4577adf1607:merge: absorb upstream main through 7a456e362d|8d9f5ac27d2:Merge upstream/main into 1172 status row assembly|a50f171de61:Merge upstream/main into #1172 assembly|c6442a2dece:Merge upstream/main into #1172 assembly|c62a299955d:Merge upstream/main into #1172 assembly|a9ea8e596e7:Backmerge upstream main into assembly after splay prune|7497a460d61:Merge upstream/main into assembly drift backmerge|11d7c638245:merge: absorb upstream drift into assembly|ff1dea44344:Merge upstream/main into assembly drift branch|67f5a6dd9df:Merge upstream/main into assembly backmerge|5503bd986c2:Merge remote-tracking branch 'upstream/main' into scribe/20260704/assembly-upstream-drift-backmerge|b2b7de036fb:Merge remote-tracking branch 'upstream/main' into frond-scribe/20260624/assembly-continuation-followons|d04ab6c5567:Merge upstream/main 190ca52882 (drift re-absorb #4) + prune stale deadcode allowlist|ca02cd2e616:Merge upstream/main into assembly — absorb 1361-commit drift for PR #85651 currency|2e584ac4bea:merge: sync upstream/main (3d05da9a54) into drift-corrected tip; reconcile 6 conflicts|f05c7cb92d5:WIP dc2: merge upstream d89ab2c014 onto 077b261dd8 — agent-runner-execution.ts resolved (version-A, scout-confirmed); 5 files conflict-marked for prince byte-check|de9eccc1af0:Merge upstream snapshot|8e04d27f1a5:feat(continuation): replay drift-cure candidate onto upstream supersedes the 1-line post-PR set candidate. No upstream restoration applies in this cure.
scripts/protocol-gen.ts	1	3bcbc91e6039473d6ff6d3ba72c9c8f062160a14	084dfa3d38cbedaf660829842825f57c9a9e5040	+5/-1	abfdd87363d:style: normalize inherited static-gate formatting|2e155cf622e:merge: absorb upstream through 20eda for continuation assembly|81930ccd5e2:merge: absorb upstream through 444fd4b for #1172|511293fde30:Merge upstream c95a into #1172/#1184 assembly|8e04d27f1a5:feat(continuation): replay drift-cure candidate onto upstream	No current-upstream hunk exists: UPSTREAM:path equals OLD_MERGE_BASE:path at 3bcbc91e6039473d6ff6d3ba72c9c8f062160a14. CANDIDATE preserves accepted SOURCE blob 084dfa3d38cbedaf660829842825f57c9a9e5040; the accepted +5/-1 overlay from abfdd87363d:style: normalize inherited static-gate formatting|2e155cf622e:merge: absorb upstream through 20eda for continuation assembly|81930ccd5e2:merge: absorb upstream through 444fd4b for #1172|511293fde30:Merge upstream c95a into #1172/#1184 assembly|8e04d27f1a5:feat(continuation): replay drift-cure candidate onto upstream supersedes the 1-line post-PR set candidate. No upstream restoration applies in this cure.
scripts/testbox-lease-freshness.mts	2	afdad4e8026132e18717fc0d7d9575a9401e7e4c	b51a38f9a2090a891cfc4f26063f8c0a6550601f	+10/-3	7f2601b6779:Merge upstream/main (df725434f36) into 1172 continuation assembly	No current-upstream hunk exists: UPSTREAM:path equals OLD_MERGE_BASE:path at afdad4e8026132e18717fc0d7d9575a9401e7e4c. CANDIDATE preserves accepted SOURCE blob b51a38f9a2090a891cfc4f26063f8c0a6550601f; the accepted +10/-3 overlay from 7f2601b6779:Merge upstream/main (df725434f36) into 1172 continuation assembly supersedes the 2-line post-PR set candidate. No upstream restoration applies in this cure.
src/agents/agent-hooks/compaction-safeguard.ts	2	0f9f89e528d8829d3ff61778040f7d59e6ccfc7b	6e71ed71c58e1049d6da910df6d19ecd1d33a9a1	+10/-2	2cf1c4dba1a:Merge upstream main into continuation assembly|f2cc523f491:Merge upstream eb63cb148 into continuation assembly|3f8d6503dde:Merge upstream main 530b33e4 into continuation assembly|a9ebaa59cfe:merge: absorb upstream/main drift|68358363287:Merge frozen upstream acf28495 into 1172 status-row assembly|2e155cf622e:merge: absorb upstream through 20eda for continuation assembly|bae7eae11ab:Merge upstream/main into post-666 assembly candidate|c22ef4effa1:Merge upstream into #1184 final assembly candidate|228da670830:merge: absorb upstream lifecycle and cron ownership into assembly|d6ac137b148:Merge upstream c46cc1e2 into absorb branch|a05d8a41a26:merge: absorb frozen upstream for #1172|c7802d01d24:Merge upstream/main through 42d34eb4c8b into #1172 candidate|4036e41b55e:Merge upstream/main into 1172 status row assembly|42a449f9ad2:Merge upstream/main into #1172 safe assembly|a9ea8e596e7:Backmerge upstream main into assembly after splay prune|d3cfdf2dbf5:merge: absorb upstream main after 1159 fold|78d31449a23:merge: absorb upstream main into continuation assembly|c524a800fdb:merge: absorb upstream main for continuation trace redaction|8e04d27f1a5:feat(continuation): replay drift-cure candidate onto upstream	No current-upstream hunk exists: UPSTREAM:path equals OLD_MERGE_BASE:path at 0f9f89e528d8829d3ff61778040f7d59e6ccfc7b. CANDIDATE preserves accepted SOURCE blob 6e71ed71c58e1049d6da910df6d19ecd1d33a9a1; the accepted +10/-2 overlay from 2cf1c4dba1a:Merge upstream main into continuation assembly|f2cc523f491:Merge upstream eb63cb148 into continuation assembly|3f8d6503dde:Merge upstream main 530b33e4 into continuation assembly|a9ebaa59cfe:merge: absorb upstream/main drift|68358363287:Merge frozen upstream acf28495 into 1172 status-row assembly|2e155cf622e:merge: absorb upstream through 20eda for continuation assembly|bae7eae11ab:Merge upstream/main into post-666 assembly candidate|c22ef4effa1:Merge upstream into #1184 final assembly candidate|228da670830:merge: absorb upstream lifecycle and cron ownership into assembly|d6ac137b148:Merge upstream c46cc1e2 into absorb branch|a05d8a41a26:merge: absorb frozen upstream for #1172|c7802d01d24:Merge upstream/main through 42d34eb4c8b into #1172 candidate|4036e41b55e:Merge upstream/main into 1172 status row assembly|42a449f9ad2:Merge upstream/main into #1172 safe assembly|a9ea8e596e7:Backmerge upstream main into assembly after splay prune|d3cfdf2dbf5:merge: absorb upstream main after 1159 fold|78d31449a23:merge: absorb upstream main into continuation assembly|c524a800fdb:merge: absorb upstream main for continuation trace redaction|8e04d27f1a5:feat(continuation): replay drift-cure candidate onto upstream supersedes the 2-line post-PR set candidate. No upstream restoration applies in this cure.
src/agents/agent-tools.session-permissions.test.ts	4	f662331c180ade7ddb40aa34a7e7b34d03c45e45	76edf956e3965049e7d6beb09f9e32f8aedc5690	+4/-4	2cf1c4dba1a:Merge upstream main into continuation assembly	No current-upstream hunk exists: UPSTREAM:path equals OLD_MERGE_BASE:path at f662331c180ade7ddb40aa34a7e7b34d03c45e45. CANDIDATE preserves accepted SOURCE blob 76edf956e3965049e7d6beb09f9e32f8aedc5690; the accepted +4/-4 overlay from 2cf1c4dba1a:Merge upstream main into continuation assembly supersedes the 4-line post-PR set candidate. No upstream restoration applies in this cure.
src/agents/apply-patch.symlink-alias.test.ts	2	0c7de3a8f6145959aa91c3808e83f82cb6966fc8	32e26de3a256b3faca6c2ed084768afd2ad8a035	+2/-2	a316a17ca0d:merge: absorb upstream/main drift and follow the session-path renames	No current-upstream hunk exists: UPSTREAM:path equals OLD_MERGE_BASE:path at 0c7de3a8f6145959aa91c3808e83f82cb6966fc8. CANDIDATE preserves accepted SOURCE blob 32e26de3a256b3faca6c2ed084768afd2ad8a035; the accepted +2/-2 overlay from a316a17ca0d:merge: absorb upstream/main drift and follow the session-path renames supersedes the 2-line post-PR set candidate. No upstream restoration applies in this cure.
src/agents/bash-tools.exec-live-state-sqlite-guard.test.ts	5	8507d3e0484c7afa985e0574ec5720483efafa34	d2e46076369beb2f00b7675f19737c39b633ec95	+5/-5	0dadf772997:test: resolve temp-dir helper drift union	No current-upstream hunk exists: UPSTREAM:path equals OLD_MERGE_BASE:path at 8507d3e0484c7afa985e0574ec5720483efafa34. CANDIDATE preserves accepted SOURCE blob d2e46076369beb2f00b7675f19737c39b633ec95; the accepted +5/-5 overlay from 0dadf772997:test: resolve temp-dir helper drift union supersedes the 5-line post-PR set candidate. No upstream restoration applies in this cure.
src/agents/bash-tools.exec-runtime-output.test.ts	1	8d8494fa3f0e6ff3f5c5d283b23661ba71a5bda1	fd0a2dcd9c3531e50f6b4f9ecf88dd69dbe36f95	+1/-1	6be6484bd9f:fix: close continuation gate debt|bd8fcdf6396:merge: absorb upstream/main drift (21 commits)|90b055341a1:Merge upstream/main into the continuation assembly candidate	No current-upstream hunk exists: UPSTREAM:path equals OLD_MERGE_BASE:path at 8d8494fa3f0e6ff3f5c5d283b23661ba71a5bda1. CANDIDATE preserves accepted SOURCE blob fd0a2dcd9c3531e50f6b4f9ecf88dd69dbe36f95; the accepted +1/-1 overlay from 6be6484bd9f:fix: close continuation gate debt|bd8fcdf6396:merge: absorb upstream/main drift (21 commits)|90b055341a1:Merge upstream/main into the continuation assembly candidate supersedes the 1-line post-PR set candidate. No upstream restoration applies in this cure.
src/agents/bash-tools.exec-workdir.test.ts	4	aeef606b37f83584f0bac56fd9f6e6beeb1bbf5c	442f46c5e518a6297facc5713941b4770b9fb1ac	+61/-61	b5f1960fd4d:merge: backmerge frozen upstream into continuation|a316a17ca0d:merge: absorb upstream/main drift and follow the session-path renames	No current-upstream hunk exists: UPSTREAM:path equals OLD_MERGE_BASE:path at aeef606b37f83584f0bac56fd9f6e6beeb1bbf5c. CANDIDATE preserves accepted SOURCE blob 442f46c5e518a6297facc5713941b4770b9fb1ac; the accepted +61/-61 overlay from b5f1960fd4d:merge: backmerge frozen upstream into continuation|a316a17ca0d:merge: absorb upstream/main drift and follow the session-path renames supersedes the 4-line post-PR set candidate. No upstream restoration applies in this cure.
src/agents/bash-tools.exec.script-preflight.test.ts	1	b365acf0272778ef7e56fd0ad0279c4bdd17704a	88c2253cab95b4fcbc8e19b154d6896f9b8ae086	+19/-19	2cf1c4dba1a:Merge upstream main into continuation assembly|a316a17ca0d:merge: absorb upstream/main drift and follow the session-path renames	No current-upstream hunk exists: UPSTREAM:path equals OLD_MERGE_BASE:path at b365acf0272778ef7e56fd0ad0279c4bdd17704a. CANDIDATE preserves accepted SOURCE blob 88c2253cab95b4fcbc8e19b154d6896f9b8ae086; the accepted +19/-19 overlay from 2cf1c4dba1a:Merge upstream main into continuation assembly|a316a17ca0d:merge: absorb upstream/main drift and follow the session-path renames supersedes the 1-line post-PR set candidate. No upstream restoration applies in this cure.
src/agents/bash-tools.notify-on-exit-ack.test.ts	2	82b52c6655342c39eb51b30053426e85c74a26e2	636be680f08b61b257ab7ecf12916c132afefe44	+2/-2	6be6484bd9f:fix: close continuation gate debt	No current-upstream hunk exists: UPSTREAM:path equals OLD_MERGE_BASE:path at 82b52c6655342c39eb51b30053426e85c74a26e2. CANDIDATE preserves accepted SOURCE blob 636be680f08b61b257ab7ecf12916c132afefe44; the accepted +2/-2 overlay from 6be6484bd9f:fix: close continuation gate debt supersedes the 2-line post-PR set candidate. No upstream restoration applies in this cure.
src/agents/command/attempt-execution.cli.test.ts	2	19b0366bec1ba3c8f2711d16f3f8324e077e0e75	7c76cee9fdc30737d06287e2229815cad86402f7	+90/-2	b5f1960fd4d:merge: backmerge frozen upstream into continuation|3f8d6503dde:Merge upstream main 530b33e4 into continuation assembly|7464b874e55:merge: absorb upstream/main drift|3b33188c6d4:merge: absorb upstream/main into continuation assembly|9507800800a:merge: absorb upstream/main into continuation assembly|90b055341a1:Merge upstream/main into the continuation assembly candidate|a7ef03177e0:Merge remote-tracking branch 'upstream/main' into scribe/20260809/backmerge-upstream|ca5a25affc9:Merge upstream/main (cb50289e283) into 1172 continuation assembly|d7b6ac70e5b:Merge upstream main through c5d00cb|0dd8008463d:merge: absorb upstream 480e0c0 into PR presentation assembly|cb73c7db50c:Merge upstream f4387b7a into PR presentation assembly|8abde93a5d1:Merge upstream 9aa24e8f into PR presentation assembly|164351fe76c:merge: absorb final frozen upstream for WO-1217|55fb755bebb:merge: absorb frozen upstream for WO-1217|b5bc4347c0d:Merge upstream 18c9f27e into #1219 F1 accepted head|68358363287:Merge frozen upstream acf28495 into 1172 status-row assembly|9ed7fd20b49:merge: absorb upstream cc48aef into continuation assembly|2e155cf622e:merge: absorb upstream through 20eda for continuation assembly|726f4e2f9cc:Merge upstream after post-666 corrections|bae7eae11ab:Merge upstream/main into post-666 assembly candidate|672bd50a7dc:Merge upstream 692310de into continuation assembly|b97ac9c852a:Merge upstream 53d600a into #1184 continuation candidate|a05d8a41a26:merge: absorb frozen upstream for #1172|83d0eba67f0:Merge remote-tracking branch 'upstream/main' into scribe/20260709/1172-status-row-assembly|4e45ee9bede:Fix deterministic CI shard reds|a37a2215c28:Merge upstream/main into 1172 status row assembly|7043b6f9a0d:Merge upstream/main into 1172 status row assembly|d99dd096dd6:Merge upstream/main into #1172 safe assembly|42a449f9ad2:Merge upstream/main into #1172 safe assembly|7c9ac4f6ffa:Merge upstream/main into #1172 safe assembly|dc493a90dae:Merge upstream/main into #1172 assembly|2ac73584e10:Merge upstream/main into #1172 assembly|a9ea8e596e7:Backmerge upstream main into assembly after splay prune|5503bd986c2:Merge remote-tracking branch 'upstream/main' into scribe/20260704/assembly-upstream-drift-backmerge|bca2b0b89ab:Merge remote-tracking branch 'upstream/main' into scribe/20260703/assembly-1159-main-backmerge|d3cfdf2dbf5:merge: absorb upstream main after 1159 fold|f27e2483608:Merge upstream/main into assembly-continuation-followons|900fcc9d961:Merge upstream/main 2ea0e8807a (drift re-absorb #8 — restore mergeability)|ca02cd2e616:Merge upstream/main into assembly — absorb 1361-commit drift for PR #85651 currency|e559d24f22d:merge: drift-correct onto upstream/main a0a0e5e4cb|1eec452a231:merge: resync presentation onto upstream/main dd7376fdcb|f05c7cb92d5:WIP dc2: merge upstream d89ab2c014 onto 077b261dd8 — agent-runner-execution.ts resolved (version-A, scout-confirmed); 5 files conflict-marked for prince byte-check|d2c7457b3ba:merge: drift-cure back-merge upstream/main into assembly-drift-cure (#999 post-cleanse)|d118c435610:Merge remote-tracking branch 'upstream/main' into frond-scribe/20260611/drift-preview-990|0577934b467:Merge remote-tracking branch 'upstream/main' into drift-correct-20260610|7dcc9d578ca:Back-merge upstream/main (ebb9c6a013) into continuation candidate e66dc63f (history-preserving)|de9eccc1af0:Merge upstream snapshot|077f1233cc7:Merge remote-tracking branch 'upstream/main' into frond-scribe/20260606/assembly-stabilized|8e04d27f1a5:feat(continuation): replay drift-cure candidate onto upstream	No current-upstream hunk exists: UPSTREAM:path equals OLD_MERGE_BASE:path at 19b0366bec1ba3c8f2711d16f3f8324e077e0e75. CANDIDATE preserves accepted SOURCE blob 7c76cee9fdc30737d06287e2229815cad86402f7; the accepted +90/-2 overlay from b5f1960fd4d:merge: backmerge frozen upstream into continuation|3f8d6503dde:Merge upstream main 530b33e4 into continuation assembly|7464b874e55:merge: absorb upstream/main drift|3b33188c6d4:merge: absorb upstream/main into continuation assembly|9507800800a:merge: absorb upstream/main into continuation assembly|90b055341a1:Merge upstream/main into the continuation assembly candidate|a7ef03177e0:Merge remote-tracking branch 'upstream/main' into scribe/20260809/backmerge-upstream|ca5a25affc9:Merge upstream/main (cb50289e283) into 1172 continuation assembly|d7b6ac70e5b:Merge upstream main through c5d00cb|0dd8008463d:merge: absorb upstream 480e0c0 into PR presentation assembly|cb73c7db50c:Merge upstream f4387b7a into PR presentation assembly|8abde93a5d1:Merge upstream 9aa24e8f into PR presentation assembly|164351fe76c:merge: absorb final frozen upstream for WO-1217|55fb755bebb:merge: absorb frozen upstream for WO-1217|b5bc4347c0d:Merge upstream 18c9f27e into #1219 F1 accepted head|68358363287:Merge frozen upstream acf28495 into 1172 status-row assembly|9ed7fd20b49:merge: absorb upstream cc48aef into continuation assembly|2e155cf622e:merge: absorb upstream through 20eda for continuation assembly|726f4e2f9cc:Merge upstream after post-666 corrections|bae7eae11ab:Merge upstream/main into post-666 assembly candidate|672bd50a7dc:Merge upstream 692310de into continuation assembly|b97ac9c852a:Merge upstream 53d600a into #1184 continuation candidate|a05d8a41a26:merge: absorb frozen upstream for #1172|83d0eba67f0:Merge remote-tracking branch 'upstream/main' into scribe/20260709/1172-status-row-assembly|4e45ee9bede:Fix deterministic CI shard reds|a37a2215c28:Merge upstream/main into 1172 status row assembly|7043b6f9a0d:Merge upstream/main into 1172 status row assembly|d99dd096dd6:Merge upstream/main into #1172 safe assembly|42a449f9ad2:Merge upstream/main into #1172 safe assembly|7c9ac4f6ffa:Merge upstream/main into #1172 safe assembly|dc493a90dae:Merge upstream/main into #1172 assembly|2ac73584e10:Merge upstream/main into #1172 assembly|a9ea8e596e7:Backmerge upstream main into assembly after splay prune|5503bd986c2:Merge remote-tracking branch 'upstream/main' into scribe/20260704/assembly-upstream-drift-backmerge|bca2b0b89ab:Merge remote-tracking branch 'upstream/main' into scribe/20260703/assembly-1159-main-backmerge|d3cfdf2dbf5:merge: absorb upstream main after 1159 fold|f27e2483608:Merge upstream/main into assembly-continuation-followons|900fcc9d961:Merge upstream/main 2ea0e8807a (drift re-absorb #8 — restore mergeability)|ca02cd2e616:Merge upstream/main into assembly — absorb 1361-commit drift for PR #85651 currency|e559d24f22d:merge: drift-correct onto upstream/main a0a0e5e4cb|1eec452a231:merge: resync presentation onto upstream/main dd7376fdcb|f05c7cb92d5:WIP dc2: merge upstream d89ab2c014 onto 077b261dd8 — agent-runner-execution.ts resolved (version-A, scout-confirmed); 5 files conflict-marked for prince byte-check|d2c7457b3ba:merge: drift-cure back-merge upstream/main into assembly-drift-cure (#999 post-cleanse)|d118c435610:Merge remote-tracking branch 'upstream/main' into frond-scribe/20260611/drift-preview-990|0577934b467:Merge remote-tracking branch 'upstream/main' into drift-correct-20260610|7dcc9d578ca:Back-merge upstream/main (ebb9c6a013) into continuation candidate e66dc63f (history-preserving)|de9eccc1af0:Merge upstream snapshot|077f1233cc7:Merge remote-tracking branch 'upstream/main' into frond-scribe/20260606/assembly-stabilized|8e04d27f1a5:feat(continuation): replay drift-cure candidate onto upstream supersedes the 2-line post-PR set candidate. No upstream restoration applies in this cure.
src/agents/command/attempt-execution.ts	136	2c512de52cd5126f71377b039cc171725ddc2695	99d2525ea9c2474d42c1261892ba050e317d61ed	+519/-171	d54403ab018:merge: absorb current upstream 23854c39 into continuation candidate|b5f1960fd4d:merge: backmerge frozen upstream into continuation|2cf1c4dba1a:Merge upstream main into continuation assembly|f2cc523f491:Merge upstream eb63cb148 into continuation assembly|6be6484bd9f:fix: close continuation gate debt|3f8d6503dde:Merge upstream main 530b33e4 into continuation assembly|0121445304c:fix(sessions): follow upstream's session-accessor renames through our surface|bd8fcdf6396:merge: absorb upstream/main drift (21 commits)|3b33188c6d4:merge: absorb upstream/main into continuation assembly|9507800800a:merge: absorb upstream/main into continuation assembly|056bdf88295:Merge upstream/main (750d0dcd9e7) into 1172 continuation assembly|90b055341a1:Merge upstream/main into the continuation assembly candidate|a7ef03177e0:Merge remote-tracking branch 'upstream/main' into scribe/20260809/backmerge-upstream|d7b6ac70e5b:Merge upstream main through c5d00cb|0dd8008463d:merge: absorb upstream 480e0c0 into PR presentation assembly|cb73c7db50c:Merge upstream f4387b7a into PR presentation assembly|8abde93a5d1:Merge upstream 9aa24e8f into PR presentation assembly|164351fe76c:merge: absorb final frozen upstream for WO-1217|55fb755bebb:merge: absorb frozen upstream for WO-1217|68358363287:Merge frozen upstream acf28495 into 1172 status-row assembly|2615e52048d:merge(1205): absorb current upstream f9207db3 into continuation base 4c5bd846|9ed7fd20b49:merge: absorb upstream cc48aef into continuation assembly|2e155cf622e:merge: absorb upstream through 20eda for continuation assembly|726f4e2f9cc:Merge upstream after post-666 corrections|bae7eae11ab:Merge upstream/main into post-666 assembly candidate|672bd50a7dc:Merge upstream 692310de into continuation assembly|0ff0add5e40:merge: absorb upstream through 025e6cee for #1172|b97ac9c852a:Merge upstream 53d600a into #1184 continuation candidate|f76f0e5983f:refactor(continuation): retire unrelated carries|d6ac137b148:Merge upstream c46cc1e2 into absorb branch|06b25cd1c8b:fix(agents): align absorbed continuation types|a05d8a41a26:merge: absorb frozen upstream for #1172|7089291da21:refactor(continuation): delete delegate store facade|28903525687:refactor(auto-reply): move continuation parser to signal owner|c15743f18b6:temporary exact-tree LOC comparison|a1778c94732:fix(continuation): capture spawn-init trace context|03899c6a484:fix(continuation): trust only internal trace context|f818456269b:Merge upstream 8f8b44a3ce8 into #1172 cut candidate|4577adf1607:merge: absorb upstream main through 7a456e362d|83d0eba67f0:Merge remote-tracking branch 'upstream/main' into scribe/20260709/1172-status-row-assembly|a37a2215c28:Merge upstream/main into 1172 status row assembly|7043b6f9a0d:Merge upstream/main into 1172 status row assembly|d99dd096dd6:Merge upstream/main into #1172 safe assembly|42a449f9ad2:Merge upstream/main into #1172 safe assembly|7c9ac4f6ffa:Merge upstream/main into #1172 safe assembly|dc493a90dae:Merge upstream/main into #1172 assembly|2ac73584e10:Merge upstream/main into #1172 assembly|a5263d27cd8:fix: address continuation backmerge review|a9ea8e596e7:Backmerge upstream main into assembly after splay prune|5503bd986c2:Merge remote-tracking branch 'upstream/main' into scribe/20260704/assembly-upstream-drift-backmerge|bca2b0b89ab:Merge remote-tracking branch 'upstream/main' into scribe/20260703/assembly-1159-main-backmerge|d3cfdf2dbf5:merge: absorb upstream main after 1159 fold|8c7930d64de:fix continuation review findings|8076703b12f:fix(continuation): address 1158 recovery review findings|c3653cef72b:fix(continuation): fold active continue_work provenance|f27e2483608:Merge upstream/main into assembly-continuation-followons|900fcc9d961:Merge upstream/main 2ea0e8807a (drift re-absorb #8 — restore mergeability)|d04ab6c5567:Merge upstream/main 190ca52882 (drift re-absorb #4) + prune stale deadcode allowlist|22bb2dd0dbe:Merge upstream/main (drift-absorb) into pr-presentation c814979|ca02cd2e616:Merge upstream/main into assembly — absorb 1361-commit drift for PR #85651 currency|efaf1a572f6:fix(continuation): stop orphan-reaping same-session own-turn continue_work (#952)|353929404d5:Revert "fix(continuation): stop orphan-reaping same-session own-turn continue_work (#952) (#1045)"|c8399b0a79b:fix(continuation): stop orphan-reaping same-session own-turn continue_work (#952) (#1045)|e559d24f22d:merge: drift-correct onto upstream/main a0a0e5e4cb|1eec452a231:merge: resync presentation onto upstream/main dd7376fdcb|f05c7cb92d5:WIP dc2: merge upstream d89ab2c014 onto 077b261dd8 — agent-runner-execution.ts resolved (version-A, scout-confirmed); 5 files conflict-marked for prince byte-check|d2c7457b3ba:merge: drift-cure back-merge upstream/main into assembly-drift-cure (#999 post-cleanse)|d118c435610:Merge remote-tracking branch 'upstream/main' into frond-scribe/20260611/drift-preview-990|3b404d5c420:fix(continuation): emit spawn-init cap-notice before zero-scheduled early-return (#988 P2-2)|8858d25b802:fix(continuation): address #988 review — cap serial-break, tie-break, cap-notice symmetry|36bd8974000:fix(continuation): fan out multi continue_work() elections (#982)|f32d3eadb2b:fix(attempt-execution): restore dropped external-CLI auth ids + scrub reviewer name|e44f0a47486:fix: harden durable continue_work parity edges|24c8991b6a6:fix: close continue_work redispatch findings|b3d189b0824:fix: direct-drive durable continue_work turns|ca9726b6055:fix: grant continuation turns directly|077f1233cc7:Merge remote-tracking branch 'upstream/main' into frond-scribe/20260606/assembly-stabilized|06799157ac3:feat: thread request compaction focus|6f2550b65a9:docs(comments): scrub fork dev-vocabulary for upstream presentation|8e04d27f1a5:feat(continuation): replay drift-cure candidate onto upstream	No current-upstream hunk exists: UPSTREAM:path equals OLD_MERGE_BASE:path at 2c512de52cd5126f71377b039cc171725ddc2695. CANDIDATE preserves accepted SOURCE blob 99d2525ea9c2474d42c1261892ba050e317d61ed; the accepted +519/-171 overlay from d54403ab018:merge: absorb current upstream 23854c39 into continuation candidate|b5f1960fd4d:merge: backmerge frozen upstream into continuation|2cf1c4dba1a:Merge upstream main into continuation assembly|f2cc523f491:Merge upstream eb63cb148 into continuation assembly|6be6484bd9f:fix: close continuation gate debt|3f8d6503dde:Merge upstream main 530b33e4 into continuation assembly|0121445304c:fix(sessions): follow upstream's session-accessor renames through our surface|bd8fcdf6396:merge: absorb upstream/main drift (21 commits)|3b33188c6d4:merge: absorb upstream/main into continuation assembly|9507800800a:merge: absorb upstream/main into continuation assembly|056bdf88295:Merge upstream/main (750d0dcd9e7) into 1172 continuation assembly|90b055341a1:Merge upstream/main into the continuation assembly candidate|a7ef03177e0:Merge remote-tracking branch 'upstream/main' into scribe/20260809/backmerge-upstream|d7b6ac70e5b:Merge upstream main through c5d00cb|0dd8008463d:merge: absorb upstream 480e0c0 into PR presentation assembly|cb73c7db50c:Merge upstream f4387b7a into PR presentation assembly|8abde93a5d1:Merge upstream 9aa24e8f into PR presentation assembly|164351fe76c:merge: absorb final frozen upstream for WO-1217|55fb755bebb:merge: absorb frozen upstream for WO-1217|68358363287:Merge frozen upstream acf28495 into 1172 status-row assembly|2615e52048d:merge(1205): absorb current upstream f9207db3 into continuation base 4c5bd846|9ed7fd20b49:merge: absorb upstream cc48aef into continuation assembly|2e155cf622e:merge: absorb upstream through 20eda for continuation assembly|726f4e2f9cc:Merge upstream after post-666 corrections|bae7eae11ab:Merge upstream/main into post-666 assembly candidate|672bd50a7dc:Merge upstream 692310de into continuation assembly|0ff0add5e40:merge: absorb upstream through 025e6cee for #1172|b97ac9c852a:Merge upstream 53d600a into #1184 continuation candidate|f76f0e5983f:refactor(continuation): retire unrelated carries|d6ac137b148:Merge upstream c46cc1e2 into absorb branch|06b25cd1c8b:fix(agents): align absorbed continuation types|a05d8a41a26:merge: absorb frozen upstream for #1172|7089291da21:refactor(continuation): delete delegate store facade|28903525687:refactor(auto-reply): move continuation parser to signal owner|c15743f18b6:temporary exact-tree LOC comparison|a1778c94732:fix(continuation): capture spawn-init trace context|03899c6a484:fix(continuation): trust only internal trace context|f818456269b:Merge upstream 8f8b44a3ce8 into #1172 cut candidate|4577adf1607:merge: absorb upstream main through 7a456e362d|83d0eba67f0:Merge remote-tracking branch 'upstream/main' into scribe/20260709/1172-status-row-assembly|a37a2215c28:Merge upstream/main into 1172 status row assembly|7043b6f9a0d:Merge upstream/main into 1172 status row assembly|d99dd096dd6:Merge upstream/main into #1172 safe assembly|42a449f9ad2:Merge upstream/main into #1172 safe assembly|7c9ac4f6ffa:Merge upstream/main into #1172 safe assembly|dc493a90dae:Merge upstream/main into #1172 assembly|2ac73584e10:Merge upstream/main into #1172 assembly|a5263d27cd8:fix: address continuation backmerge review|a9ea8e596e7:Backmerge upstream main into assembly after splay prune|5503bd986c2:Merge remote-tracking branch 'upstream/main' into scribe/20260704/assembly-upstream-drift-backmerge|bca2b0b89ab:Merge remote-tracking branch 'upstream/main' into scribe/20260703/assembly-1159-main-backmerge|d3cfdf2dbf5:merge: absorb upstream main after 1159 fold|8c7930d64de:fix continuation review findings|8076703b12f:fix(continuation): address 1158 recovery review findings|c3653cef72b:fix(continuation): fold active continue_work provenance|f27e2483608:Merge upstream/main into assembly-continuation-followons|900fcc9d961:Merge upstream/main 2ea0e8807a (drift re-absorb #8 — restore mergeability)|d04ab6c5567:Merge upstream/main 190ca52882 (drift re-absorb #4) + prune stale deadcode allowlist|22bb2dd0dbe:Merge upstream/main (drift-absorb) into pr-presentation c814979|ca02cd2e616:Merge upstream/main into assembly — absorb 1361-commit drift for PR #85651 currency|efaf1a572f6:fix(continuation): stop orphan-reaping same-session own-turn continue_work (#952)|353929404d5:Revert "fix(continuation): stop orphan-reaping same-session own-turn continue_work (#952) (#1045)"|c8399b0a79b:fix(continuation): stop orphan-reaping same-session own-turn continue_work (#952) (#1045)|e559d24f22d:merge: drift-correct onto upstream/main a0a0e5e4cb|1eec452a231:merge: resync presentation onto upstream/main dd7376fdcb|f05c7cb92d5:WIP dc2: merge upstream d89ab2c014 onto 077b261dd8 — agent-runner-execution.ts resolved (version-A, scout-confirmed); 5 files conflict-marked for prince byte-check|d2c7457b3ba:merge: drift-cure back-merge upstream/main into assembly-drift-cure (#999 post-cleanse)|d118c435610:Merge remote-tracking branch 'upstream/main' into frond-scribe/20260611/drift-preview-990|3b404d5c420:fix(continuation): emit spawn-init cap-notice before zero-scheduled early-return (#988 P2-2)|8858d25b802:fix(continuation): address #988 review — cap serial-break, tie-break, cap-notice symmetry|36bd8974000:fix(continuation): fan out multi continue_work() elections (#982)|f32d3eadb2b:fix(attempt-execution): restore dropped external-CLI auth ids + scrub reviewer name|e44f0a47486:fix: harden durable continue_work parity edges|24c8991b6a6:fix: close continue_work redispatch findings|b3d189b0824:fix: direct-drive durable continue_work turns|ca9726b6055:fix: grant continuation turns directly|077f1233cc7:Merge remote-tracking branch 'upstream/main' into frond-scribe/20260606/assembly-stabilized|06799157ac3:feat: thread request compaction focus|6f2550b65a9:docs(comments): scrub fork dev-vocabulary for upstream presentation|8e04d27f1a5:feat(continuation): replay drift-cure candidate onto upstream supersedes the 136-line post-PR set candidate. No upstream restoration applies in this cure.
src/agents/command/cli-compaction.ts	1	e39172d88bc5aaf0632cf23750a2947cdc18ba19	446563d1babca20bf06618feba92636d7ff994d1	+2/-1	b5f1960fd4d:merge: backmerge frozen upstream into continuation|2cf1c4dba1a:Merge upstream main into continuation assembly|f2cc523f491:Merge upstream eb63cb148 into continuation assembly|3f8d6503dde:Merge upstream main 530b33e4 into continuation assembly|bd8fcdf6396:merge: absorb upstream/main drift (21 commits)|d7b6ac70e5b:Merge upstream main through c5d00cb|8abde93a5d1:Merge upstream 9aa24e8f into PR presentation assembly	No current-upstream hunk exists: UPSTREAM:path equals OLD_MERGE_BASE:path at e39172d88bc5aaf0632cf23750a2947cdc18ba19. CANDIDATE preserves accepted SOURCE blob 446563d1babca20bf06618feba92636d7ff994d1; the accepted +2/-1 overlay from b5f1960fd4d:merge: backmerge frozen upstream into continuation|2cf1c4dba1a:Merge upstream main into continuation assembly|f2cc523f491:Merge upstream eb63cb148 into continuation assembly|3f8d6503dde:Merge upstream main 530b33e4 into continuation assembly|bd8fcdf6396:merge: absorb upstream/main drift (21 commits)|d7b6ac70e5b:Merge upstream main through c5d00cb|8abde93a5d1:Merge upstream 9aa24e8f into PR presentation assembly supersedes the 1-line post-PR set candidate. No upstream restoration applies in this cure.
src/agents/embedded-agent-runner/cli-backend-dispatch-transcript.ts	2	e5b8371a4d89b61b39a3370fc2813320fca7c9a2	dd3f8ef70874f728d6b72c5beec37e3487f3d1b0	+12/-2	ca5a25affc9:Merge upstream/main (cb50289e283) into 1172 continuation assembly|abfdd87363d:style: normalize inherited static-gate formatting|9ed7fd20b49:merge: absorb upstream cc48aef into continuation assembly|efc59270f81:fix(continuation): retarget ported transcript marker import to renamed module|543b02c5a24:fix(continuation): port attachment hardening to assembly	No current-upstream hunk exists: UPSTREAM:path equals OLD_MERGE_BASE:path at e5b8371a4d89b61b39a3370fc2813320fca7c9a2. CANDIDATE preserves accepted SOURCE blob dd3f8ef70874f728d6b72c5beec37e3487f3d1b0; the accepted +12/-2 overlay from ca5a25affc9:Merge upstream/main (cb50289e283) into 1172 continuation assembly|abfdd87363d:style: normalize inherited static-gate formatting|9ed7fd20b49:merge: absorb upstream cc48aef into continuation assembly|efc59270f81:fix(continuation): retarget ported transcript marker import to renamed module|543b02c5a24:fix(continuation): port attachment hardening to assembly supersedes the 2-line post-PR set candidate. No upstream restoration applies in this cure.
src/agents/embedded-agent-runner/compact-reasons.ts	3	b703060a80edf4fcbcecba2531e85c9cd3f828f2	36a4392c64fdc41527b4191ef3ef156dcc8d7f86	+67/-3	2cf1c4dba1a:Merge upstream main into continuation assembly|9507800800a:merge: absorb upstream/main into continuation assembly|5f547c14e33:fix(merge): complete post-538 type composition|8abde93a5d1:Merge upstream 9aa24e8f into PR presentation assembly|9510a3797d6:fix(merge): retarget continuation code onto upstream's renamed surfaces|9ed7fd20b49:merge: absorb upstream cc48aef into continuation assembly|726f4e2f9cc:Merge upstream after post-666 corrections|09153e9f123:Back-merge upstream/main (7cdec28706) into continuation candidate 8b5dde6165 (history-preserving)|8e04d27f1a5:feat(continuation): replay drift-cure candidate onto upstream	No current-upstream hunk exists: UPSTREAM:path equals OLD_MERGE_BASE:path at b703060a80edf4fcbcecba2531e85c9cd3f828f2. CANDIDATE preserves accepted SOURCE blob 36a4392c64fdc41527b4191ef3ef156dcc8d7f86; the accepted +67/-3 overlay from 2cf1c4dba1a:Merge upstream main into continuation assembly|9507800800a:merge: absorb upstream/main into continuation assembly|5f547c14e33:fix(merge): complete post-538 type composition|8abde93a5d1:Merge upstream 9aa24e8f into PR presentation assembly|9510a3797d6:fix(merge): retarget continuation code onto upstream's renamed surfaces|9ed7fd20b49:merge: absorb upstream cc48aef into continuation assembly|726f4e2f9cc:Merge upstream after post-666 corrections|09153e9f123:Back-merge upstream/main (7cdec28706) into continuation candidate 8b5dde6165 (history-preserving)|8e04d27f1a5:feat(continuation): replay drift-cure candidate onto upstream supersedes the 3-line post-PR set candidate. No upstream restoration applies in this cure.
src/agents/embedded-agent-runner/compact.hooks.test.ts	11	1d04068bd35019589a11cfeb490faaf0252ad9d6	9b9a3004ed1fc0050cd96a4768f35526dbf6e79f	+126/-18	b5f1960fd4d:merge: backmerge frozen upstream into continuation|2cf1c4dba1a:Merge upstream main into continuation assembly|f2cc523f491:Merge upstream eb63cb148 into continuation assembly|3f8d6503dde:Merge upstream main 530b33e4 into continuation assembly|a316a17ca0d:merge: absorb upstream/main drift and follow the session-path renames|9507800800a:merge: absorb upstream/main into continuation assembly|a7ef03177e0:Merge remote-tracking branch 'upstream/main' into scribe/20260809/backmerge-upstream|ca5a25affc9:Merge upstream/main (cb50289e283) into 1172 continuation assembly|8abde93a5d1:Merge upstream 9aa24e8f into PR presentation assembly|164351fe76c:merge: absorb final frozen upstream for WO-1217|55fb755bebb:merge: absorb frozen upstream for WO-1217|8cad5c7aa3b:merge: absorb frozen upstream 86233913 for #1216|9ed7fd20b49:merge: absorb upstream cc48aef into continuation assembly|97445001432:test(compaction): isolate compaction session store fixtures|a491b32e26e:fix(gateway): harden validation terminal ownership|2e155cf622e:merge: absorb upstream through 20eda for continuation assembly|bae7eae11ab:Merge upstream/main into post-666 assembly candidate|f01e2fbf091:merge: absorb upstream through 7d159fdc for #1172|81930ccd5e2:merge: absorb upstream through 444fd4b for #1172|4c235d8c199:merge: absorb upstream runtime drift for #1172|b97ac9c852a:Merge upstream 53d600a into #1184 continuation candidate|228da670830:merge: absorb upstream lifecycle and cron ownership into assembly|a05d8a41a26:merge: absorb frozen upstream for #1172|e3dd5604a7d:Merge frozen implementation epoch for #1172 LOC policy|c15743f18b6:temporary exact-tree LOC comparison|1192886f766:Merge upstream/main through ef196b68b48 into #1172 candidate|b099ad6a996:fix(agents): disable continuation tools during compaction|5c496f41da0:Merge upstream/main into #1172 status-row assembly|83d0eba67f0:Merge remote-tracking branch 'upstream/main' into scribe/20260709/1172-status-row-assembly|7043b6f9a0d:Merge upstream/main into 1172 status row assembly|cc36f6cc5e4:Fix thinking fallback expectations after build refresh|42a449f9ad2:Merge upstream/main into #1172 safe assembly|00af7feddcc:Merge upstream/main into #1172 assembly|a9ea8e596e7:Backmerge upstream main into assembly after splay prune|5503bd986c2:Merge remote-tracking branch 'upstream/main' into scribe/20260704/assembly-upstream-drift-backmerge|f27e2483608:Merge upstream/main into assembly-continuation-followons|f3f9fcceaeb:Back-merge upstream/main (bf89552) into assembly-token-wiring drift-correct|8e04d27f1a5:feat(continuation): replay drift-cure candidate onto upstream	No current-upstream hunk exists: UPSTREAM:path equals OLD_MERGE_BASE:path at 1d04068bd35019589a11cfeb490faaf0252ad9d6. CANDIDATE preserves accepted SOURCE blob 9b9a3004ed1fc0050cd96a4768f35526dbf6e79f; the accepted +126/-18 overlay from b5f1960fd4d:merge: backmerge frozen upstream into continuation|2cf1c4dba1a:Merge upstream main into continuation assembly|f2cc523f491:Merge upstream eb63cb148 into continuation assembly|3f8d6503dde:Merge upstream main 530b33e4 into continuation assembly|a316a17ca0d:merge: absorb upstream/main drift and follow the session-path renames|9507800800a:merge: absorb upstream/main into continuation assembly|a7ef03177e0:Merge remote-tracking branch 'upstream/main' into scribe/20260809/backmerge-upstream|ca5a25affc9:Merge upstream/main (cb50289e283) into 1172 continuation assembly|8abde93a5d1:Merge upstream 9aa24e8f into PR presentation assembly|164351fe76c:merge: absorb final frozen upstream for WO-1217|55fb755bebb:merge: absorb frozen upstream for WO-1217|8cad5c7aa3b:merge: absorb frozen upstream 86233913 for #1216|9ed7fd20b49:merge: absorb upstream cc48aef into continuation assembly|97445001432:test(compaction): isolate compaction session store fixtures|a491b32e26e:fix(gateway): harden validation terminal ownership|2e155cf622e:merge: absorb upstream through 20eda for continuation assembly|bae7eae11ab:Merge upstream/main into post-666 assembly candidate|f01e2fbf091:merge: absorb upstream through 7d159fdc for #1172|81930ccd5e2:merge: absorb upstream through 444fd4b for #1172|4c235d8c199:merge: absorb upstream runtime drift for #1172|b97ac9c852a:Merge upstream 53d600a into #1184 continuation candidate|228da670830:merge: absorb upstream lifecycle and cron ownership into assembly|a05d8a41a26:merge: absorb frozen upstream for #1172|e3dd5604a7d:Merge frozen implementation epoch for #1172 LOC policy|c15743f18b6:temporary exact-tree LOC comparison|1192886f766:Merge upstream/main through ef196b68b48 into #1172 candidate|b099ad6a996:fix(agents): disable continuation tools during compaction|5c496f41da0:Merge upstream/main into #1172 status-row assembly|83d0eba67f0:Merge remote-tracking branch 'upstream/main' into scribe/20260709/1172-status-row-assembly|7043b6f9a0d:Merge upstream/main into 1172 status row assembly|cc36f6cc5e4:Fix thinking fallback expectations after build refresh|42a449f9ad2:Merge upstream/main into #1172 safe assembly|00af7feddcc:Merge upstream/main into #1172 assembly|a9ea8e596e7:Backmerge upstream main into assembly after splay prune|5503bd986c2:Merge remote-tracking branch 'upstream/main' into scribe/20260704/assembly-upstream-drift-backmerge|f27e2483608:Merge upstream/main into assembly-continuation-followons|f3f9fcceaeb:Back-merge upstream/main (bf89552) into assembly-token-wiring drift-correct|8e04d27f1a5:feat(continuation): replay drift-cure candidate onto upstream supersedes the 11-line post-PR set candidate. No upstream restoration applies in this cure.
src/agents/embedded-agent-runner/compact.types.ts	1	924547a5267b903b3dedf5d79fc71c484800b483	dea7f8e5b76332e1ce4db31c50cb63c812ef346a	+2/-1	2cf1c4dba1a:Merge upstream main into continuation assembly|f2cc523f491:Merge upstream eb63cb148 into continuation assembly|3f8d6503dde:Merge upstream main 530b33e4 into continuation assembly|056bdf88295:Merge upstream/main (750d0dcd9e7) into 1172 continuation assembly|7f2601b6779:Merge upstream/main (df725434f36) into 1172 continuation assembly|68358363287:Merge frozen upstream acf28495 into 1172 status-row assembly|9ed7fd20b49:merge: absorb upstream cc48aef into continuation assembly|0ff0add5e40:merge: absorb upstream through 025e6cee for #1172|0dc146c8c57:Merge upstream main into #1172 cut candidate|5c496f41da0:Merge upstream/main into #1172 status-row assembly|7043b6f9a0d:Merge upstream/main into 1172 status row assembly|56360c15761:Merge upstream/main into #1172 assembly|f27e2483608:Merge upstream/main into assembly-continuation-followons|d2c7457b3ba:merge: drift-cure back-merge upstream/main into assembly-drift-cure (#999 post-cleanse)|d118c435610:Merge remote-tracking branch 'upstream/main' into frond-scribe/20260611/drift-preview-990|8e04d27f1a5:feat(continuation): replay drift-cure candidate onto upstream	No current-upstream hunk exists: UPSTREAM:path equals OLD_MERGE_BASE:path at 924547a5267b903b3dedf5d79fc71c484800b483. CANDIDATE preserves accepted SOURCE blob dea7f8e5b76332e1ce4db31c50cb63c812ef346a; the accepted +2/-1 overlay from 2cf1c4dba1a:Merge upstream main into continuation assembly|f2cc523f491:Merge upstream eb63cb148 into continuation assembly|3f8d6503dde:Merge upstream main 530b33e4 into continuation assembly|056bdf88295:Merge upstream/main (750d0dcd9e7) into 1172 continuation assembly|7f2601b6779:Merge upstream/main (df725434f36) into 1172 continuation assembly|68358363287:Merge frozen upstream acf28495 into 1172 status-row assembly|9ed7fd20b49:merge: absorb upstream cc48aef into continuation assembly|0ff0add5e40:merge: absorb upstream through 025e6cee for #1172|0dc146c8c57:Merge upstream main into #1172 cut candidate|5c496f41da0:Merge upstream/main into #1172 status-row assembly|7043b6f9a0d:Merge upstream/main into 1172 status row assembly|56360c15761:Merge upstream/main into #1172 assembly|f27e2483608:Merge upstream/main into assembly-continuation-followons|d2c7457b3ba:merge: drift-cure back-merge upstream/main into assembly-drift-cure (#999 post-cleanse)|d118c435610:Merge remote-tracking branch 'upstream/main' into frond-scribe/20260611/drift-preview-990|8e04d27f1a5:feat(continuation): replay drift-cure candidate onto upstream supersedes the 1-line post-PR set candidate. No upstream restoration applies in this cure.
src/agents/embedded-agent-runner/compaction-checkpoint.ts	1	e683eda675a7b0eaf733ea7a71716a13cda5a3b6	fd0a2441f5259e2c1376b8bc3cf633ea952ba89e	+1/-1	3f8d6503dde:Merge upstream main 530b33e4 into continuation assembly|bd8fcdf6396:merge: absorb upstream/main drift (21 commits)|2e155cf622e:merge: absorb upstream through 20eda for continuation assembly|bae7eae11ab:Merge upstream/main into post-666 assembly candidate	No current-upstream hunk exists: UPSTREAM:path equals OLD_MERGE_BASE:path at e683eda675a7b0eaf733ea7a71716a13cda5a3b6. CANDIDATE preserves accepted SOURCE blob fd0a2441f5259e2c1376b8bc3cf633ea952ba89e; the accepted +1/-1 overlay from 3f8d6503dde:Merge upstream main 530b33e4 into continuation assembly|bd8fcdf6396:merge: absorb upstream/main drift (21 commits)|2e155cf622e:merge: absorb upstream through 20eda for continuation assembly|bae7eae11ab:Merge upstream/main into post-666 assembly candidate supersedes the 1-line post-PR set candidate. No upstream restoration applies in this cure.
src/agents/embedded-agent-runner/run/attempt-execution-phase.ts	6	9cee54c5a7917ddd6981dbcb168a18eb212f40f3	9a3ef3533f6827236ebeeffd18bbc957c206d81e	+2/-6	b5f1960fd4d:merge: backmerge frozen upstream into continuation|2cf1c4dba1a:Merge upstream main into continuation assembly|f2cc523f491:Merge upstream eb63cb148 into continuation assembly|3f8d6503dde:Merge upstream main 530b33e4 into continuation assembly|c30aef476f1:fix(continuation): re-home continuation behaviour onto upstream's new layout	No current-upstream hunk exists: UPSTREAM:path equals OLD_MERGE_BASE:path at 9cee54c5a7917ddd6981dbcb168a18eb212f40f3. CANDIDATE preserves accepted SOURCE blob 9a3ef3533f6827236ebeeffd18bbc957c206d81e; the accepted +2/-6 overlay from b5f1960fd4d:merge: backmerge frozen upstream into continuation|2cf1c4dba1a:Merge upstream main into continuation assembly|f2cc523f491:Merge upstream eb63cb148 into continuation assembly|3f8d6503dde:Merge upstream main 530b33e4 into continuation assembly|c30aef476f1:fix(continuation): re-home continuation behaviour onto upstream's new layout supersedes the 6-line post-PR set candidate. No upstream restoration applies in this cure.
src/agents/embedded-agent-runner/run/failover-policy.ts	1	bf44bc1e12d2a55c9d2ed0f402f381f53654f867	a9fe212047ce586824eae66aca0ddc8f933d3c8e	+42/-1	7464b874e55:merge: absorb upstream/main drift|8c2d9a1f1ee:fix(agents): adopt upstream failover-reason ordering; retire our divergence|c07cb0b066b:fix(continuation): restore post-drift runner lifecycle|2e155cf622e:merge: absorb upstream through 20eda for continuation assembly|bae7eae11ab:Merge upstream/main into post-666 assembly candidate|c15743f18b6:temporary exact-tree LOC comparison|a9ea8e596e7:Backmerge upstream main into assembly after splay prune|78d31449a23:merge: absorb upstream main into continuation assembly|ba9778fa570:Merge upstream/main into assembly-continuation-followons|8cafdcd2a9d:Merge remote-tracking branch 'upstream/main' into frond-scribe/20260613/assembly-drift-cure|7992640e60f:fix(run.ts): upstream-faithful timeout-compaction failover (remove compactionFailureContext, keep 2x)|6f2550b65a9:docs(comments): scrub fork dev-vocabulary for upstream presentation|8e04d27f1a5:feat(continuation): replay drift-cure candidate onto upstream	No current-upstream hunk exists: UPSTREAM:path equals OLD_MERGE_BASE:path at bf44bc1e12d2a55c9d2ed0f402f381f53654f867. CANDIDATE preserves accepted SOURCE blob a9fe212047ce586824eae66aca0ddc8f933d3c8e; the accepted +42/-1 overlay from 7464b874e55:merge: absorb upstream/main drift|8c2d9a1f1ee:fix(agents): adopt upstream failover-reason ordering; retire our divergence|c07cb0b066b:fix(continuation): restore post-drift runner lifecycle|2e155cf622e:merge: absorb upstream through 20eda for continuation assembly|bae7eae11ab:Merge upstream/main into post-666 assembly candidate|c15743f18b6:temporary exact-tree LOC comparison|a9ea8e596e7:Backmerge upstream main into assembly after splay prune|78d31449a23:merge: absorb upstream main into continuation assembly|ba9778fa570:Merge upstream/main into assembly-continuation-followons|8cafdcd2a9d:Merge remote-tracking branch 'upstream/main' into frond-scribe/20260613/assembly-drift-cure|7992640e60f:fix(run.ts): upstream-faithful timeout-compaction failover (remove compactionFailureContext, keep 2x)|6f2550b65a9:docs(comments): scrub fork dev-vocabulary for upstream presentation|8e04d27f1a5:feat(continuation): replay drift-cure candidate onto upstream supersedes the 1-line post-PR set candidate. No upstream restoration applies in this cure.
src/agents/embedded-agent-runner/run/payloads.ts	22	5575c7cd822f790ab5ef9cafea2ddfdf92051081	d7d2f8f10111622e74f691dfd72719eb87adad30	+66/-26	d54403ab018:merge: absorb current upstream 23854c39 into continuation candidate|b5f1960fd4d:merge: backmerge frozen upstream into continuation|2cf1c4dba1a:Merge upstream main into continuation assembly|7c4de7d18b7:merge: absorb upstream/main drift|3b33188c6d4:merge: absorb upstream/main into continuation assembly|90b055341a1:Merge upstream/main into the continuation assembly candidate|ca5a25affc9:Merge upstream/main (cb50289e283) into 1172 continuation assembly|b5bc4347c0d:Merge upstream 18c9f27e into #1219 F1 accepted head|9ed7fd20b49:merge: absorb upstream cc48aef into continuation assembly|726f4e2f9cc:Merge upstream after post-666 corrections|bae7eae11ab:Merge upstream/main into post-666 assembly candidate|5a3e8628492:fix(agents): reconcile final reply delivery	No current-upstream hunk exists: UPSTREAM:path equals OLD_MERGE_BASE:path at 5575c7cd822f790ab5ef9cafea2ddfdf92051081. CANDIDATE preserves accepted SOURCE blob d7d2f8f10111622e74f691dfd72719eb87adad30; the accepted +66/-26 overlay from d54403ab018:merge: absorb current upstream 23854c39 into continuation candidate|b5f1960fd4d:merge: backmerge frozen upstream into continuation|2cf1c4dba1a:Merge upstream main into continuation assembly|7c4de7d18b7:merge: absorb upstream/main drift|3b33188c6d4:merge: absorb upstream/main into continuation assembly|90b055341a1:Merge upstream/main into the continuation assembly candidate|ca5a25affc9:Merge upstream/main (cb50289e283) into 1172 continuation assembly|b5bc4347c0d:Merge upstream 18c9f27e into #1219 F1 accepted head|9ed7fd20b49:merge: absorb upstream cc48aef into continuation assembly|726f4e2f9cc:Merge upstream after post-666 corrections|bae7eae11ab:Merge upstream/main into post-666 assembly candidate|5a3e8628492:fix(agents): reconcile final reply delivery supersedes the 22-line post-PR set candidate. No upstream restoration applies in this cure.
src/agents/embedded-agent-runner/server-endpoint-compaction.ts	1	7c8f0d2f8feed83e916ccd818cbdf9786668dd20	51fc16027fac1ca6b7d0035d456c2e83c781ffc1	+1/-1	2cf1c4dba1a:Merge upstream main into continuation assembly|3f8d6503dde:Merge upstream main 530b33e4 into continuation assembly	No current-upstream hunk exists: UPSTREAM:path equals OLD_MERGE_BASE:path at 7c8f0d2f8feed83e916ccd818cbdf9786668dd20. CANDIDATE preserves accepted SOURCE blob 51fc16027fac1ca6b7d0035d456c2e83c781ffc1; the accepted +1/-1 overlay from 2cf1c4dba1a:Merge upstream main into continuation assembly|3f8d6503dde:Merge upstream main 530b33e4 into continuation assembly supersedes the 1-line post-PR set candidate. No upstream restoration applies in this cure.
src/agents/embedded-agent-subscribe.handlers.compaction.runtime.ts	1	2ea21ee4b8178ad3cda607f2cad4c7f2c900271c	54991e481f4138812f014b6078dd6bd9af4d03cc	+25/-1	a316a17ca0d:merge: absorb upstream/main drift and follow the session-path renames|a9ea8e596e7:Backmerge upstream main into assembly after splay prune|e559d24f22d:merge: drift-correct onto upstream/main a0a0e5e4cb|8e04d27f1a5:feat(continuation): replay drift-cure candidate onto upstream	No current-upstream hunk exists: UPSTREAM:path equals OLD_MERGE_BASE:path at 2ea21ee4b8178ad3cda607f2cad4c7f2c900271c. CANDIDATE preserves accepted SOURCE blob 54991e481f4138812f014b6078dd6bd9af4d03cc; the accepted +25/-1 overlay from a316a17ca0d:merge: absorb upstream/main drift and follow the session-path renames|a9ea8e596e7:Backmerge upstream main into assembly after splay prune|e559d24f22d:merge: drift-correct onto upstream/main a0a0e5e4cb|8e04d27f1a5:feat(continuation): replay drift-cure candidate onto upstream supersedes the 1-line post-PR set candidate. No upstream restoration applies in this cure.
src/agents/embedded-agent-subscribe.handlers.compaction.test.ts	1	e69ab883d86484e7a17f4add607612b371721b54	443ef07b7cc14953a8a3be3a5626cf514c84f765	+53/-1	2cf1c4dba1a:Merge upstream main into continuation assembly|7abbbe17ef9:merge: absorb upstream 6543e6f into PR presentation assembly|c15743f18b6:temporary exact-tree LOC comparison|e559d24f22d:merge: drift-correct onto upstream/main a0a0e5e4cb|f01d8eeffeb:Merge remote-tracking branch 'origin/main' into HEAD|8e04d27f1a5:feat(continuation): replay drift-cure candidate onto upstream	No current-upstream hunk exists: UPSTREAM:path equals OLD_MERGE_BASE:path at e69ab883d86484e7a17f4add607612b371721b54. CANDIDATE preserves accepted SOURCE blob 443ef07b7cc14953a8a3be3a5626cf514c84f765; the accepted +53/-1 overlay from 2cf1c4dba1a:Merge upstream main into continuation assembly|7abbbe17ef9:merge: absorb upstream 6543e6f into PR presentation assembly|c15743f18b6:temporary exact-tree LOC comparison|e559d24f22d:merge: drift-correct onto upstream/main a0a0e5e4cb|f01d8eeffeb:Merge remote-tracking branch 'origin/main' into HEAD|8e04d27f1a5:feat(continuation): replay drift-cure candidate onto upstream supersedes the 1-line post-PR set candidate. No upstream restoration applies in this cure.
src/agents/embedded-agent-subscribe.handlers.compaction.ts	11	321ef70353749d74a97ca6b16edf196dc220b2d4	6981dec3ae40757bc834b00b1d02e1118eba2fbe	+63/-13	2cf1c4dba1a:Merge upstream main into continuation assembly|7abbbe17ef9:merge: absorb upstream 6543e6f into PR presentation assembly|68358363287:Merge frozen upstream acf28495 into 1172 status-row assembly|5a3e8628492:fix(agents): reconcile final reply delivery|4036e41b55e:Merge upstream/main into 1172 status row assembly|00af7feddcc:Merge upstream/main into #1172 assembly|e559d24f22d:merge: drift-correct onto upstream/main a0a0e5e4cb|f01d8eeffeb:Merge remote-tracking branch 'origin/main' into HEAD|8e04d27f1a5:feat(continuation): replay drift-cure candidate onto upstream	No current-upstream hunk exists: UPSTREAM:path equals OLD_MERGE_BASE:path at 321ef70353749d74a97ca6b16edf196dc220b2d4. CANDIDATE preserves accepted SOURCE blob 6981dec3ae40757bc834b00b1d02e1118eba2fbe; the accepted +63/-13 overlay from 2cf1c4dba1a:Merge upstream main into continuation assembly|7abbbe17ef9:merge: absorb upstream 6543e6f into PR presentation assembly|68358363287:Merge frozen upstream acf28495 into 1172 status-row assembly|5a3e8628492:fix(agents): reconcile final reply delivery|4036e41b55e:Merge upstream/main into 1172 status row assembly|00af7feddcc:Merge upstream/main into #1172 assembly|e559d24f22d:merge: drift-correct onto upstream/main a0a0e5e4cb|f01d8eeffeb:Merge remote-tracking branch 'origin/main' into HEAD|8e04d27f1a5:feat(continuation): replay drift-cure candidate onto upstream supersedes the 11-line post-PR set candidate. No upstream restoration applies in this cure.
src/agents/embedded-agent-subscribe.handlers.lifecycle.test.ts	6	203617d21913a98747ae8d450f64b9b890e12986	f513a8cbda06b28dcc7766ad00bccdea18c8d864	+23/-11	b5f1960fd4d:merge: backmerge frozen upstream into continuation|2cf1c4dba1a:Merge upstream main into continuation assembly|f2cc523f491:Merge upstream eb63cb148 into continuation assembly|9507800800a:merge: absorb upstream/main into continuation assembly|9ed7fd20b49:merge: absorb upstream cc48aef into continuation assembly|5a3e8628492:fix(agents): reconcile final reply delivery|0ff0add5e40:merge: absorb upstream through 025e6cee for #1172	No current-upstream hunk exists: UPSTREAM:path equals OLD_MERGE_BASE:path at 203617d21913a98747ae8d450f64b9b890e12986. CANDIDATE preserves accepted SOURCE blob f513a8cbda06b28dcc7766ad00bccdea18c8d864; the accepted +23/-11 overlay from b5f1960fd4d:merge: backmerge frozen upstream into continuation|2cf1c4dba1a:Merge upstream main into continuation assembly|f2cc523f491:Merge upstream eb63cb148 into continuation assembly|9507800800a:merge: absorb upstream/main into continuation assembly|9ed7fd20b49:merge: absorb upstream cc48aef into continuation assembly|5a3e8628492:fix(agents): reconcile final reply delivery|0ff0add5e40:merge: absorb upstream through 025e6cee for #1172 supersedes the 6-line post-PR set candidate. No upstream restoration applies in this cure.
src/agents/embedded-agent-subscribe.handlers.lifecycle.ts	13	7e40ad3515ac8ead664c1493e40ff75f87248b8d	99ed07f205203d8adf35750c05b91f21e2da1bd1	+48/-14	b5f1960fd4d:merge: backmerge frozen upstream into continuation|2cf1c4dba1a:Merge upstream main into continuation assembly|f2cc523f491:Merge upstream eb63cb148 into continuation assembly|09f47132f64:merge: absorb upstream 67262b70dc7 into assembly (subscribe-monolith split transposition)|2dd84c968ef:merge: absorb upstream drift #10 into assembly|9507800800a:merge: absorb upstream/main into continuation assembly|90b055341a1:Merge upstream/main into the continuation assembly candidate|9ed7fd20b49:merge: absorb upstream cc48aef into continuation assembly|474e123d2ee:test(agents): split continuation payload coverage|5a3e8628492:fix(agents): reconcile final reply delivery|860f41ad9b1:Merge upstream/main into 1172 status row assembly|00af7feddcc:Merge upstream/main into #1172 assembly|a9ea8e596e7:Backmerge upstream main into assembly after splay prune|d7c8fed899d:fix: sanitize validation-loop terminal diagnostics|11d7c638245:merge: absorb upstream drift into assembly	No current-upstream hunk exists: UPSTREAM:path equals OLD_MERGE_BASE:path at 7e40ad3515ac8ead664c1493e40ff75f87248b8d. CANDIDATE preserves accepted SOURCE blob 99ed07f205203d8adf35750c05b91f21e2da1bd1; the accepted +48/-14 overlay from b5f1960fd4d:merge: backmerge frozen upstream into continuation|2cf1c4dba1a:Merge upstream main into continuation assembly|f2cc523f491:Merge upstream eb63cb148 into continuation assembly|09f47132f64:merge: absorb upstream 67262b70dc7 into assembly (subscribe-monolith split transposition)|2dd84c968ef:merge: absorb upstream drift #10 into assembly|9507800800a:merge: absorb upstream/main into continuation assembly|90b055341a1:Merge upstream/main into the continuation assembly candidate|9ed7fd20b49:merge: absorb upstream cc48aef into continuation assembly|474e123d2ee:test(agents): split continuation payload coverage|5a3e8628492:fix(agents): reconcile final reply delivery|860f41ad9b1:Merge upstream/main into 1172 status row assembly|00af7feddcc:Merge upstream/main into #1172 assembly|a9ea8e596e7:Backmerge upstream main into assembly after splay prune|d7c8fed899d:fix: sanitize validation-loop terminal diagnostics|11d7c638245:merge: absorb upstream drift into assembly supersedes the 13-line post-PR set candidate. No upstream restoration applies in this cure.
src/agents/embedded-agent-subscribe.handlers.messages.lifecycle.test.ts	17	6cc65af16da7efdf45438ced52f04e41c48494d1	fee2cc13be7e86b455c89dcd01c669b3eb3014b5	+350/-20	2cf1c4dba1a:Merge upstream main into continuation assembly|09f47132f64:merge: absorb upstream 67262b70dc7 into assembly (subscribe-monolith split transposition)	No current-upstream hunk exists: UPSTREAM:path equals OLD_MERGE_BASE:path at 6cc65af16da7efdf45438ced52f04e41c48494d1. CANDIDATE preserves accepted SOURCE blob fee2cc13be7e86b455c89dcd01c669b3eb3014b5; the accepted +350/-20 overlay from 2cf1c4dba1a:Merge upstream main into continuation assembly|09f47132f64:merge: absorb upstream 67262b70dc7 into assembly (subscribe-monolith split transposition) supersedes the 17-line post-PR set candidate. No upstream restoration applies in this cure.
src/agents/embedded-agent-subscribe.handlers.messages.lifecycle.ts	152	06eb825962c89d365076f7b542c6ecf40e1861fb	b7a1eb2982a163f6c254f726b28c84a318d009cc	+354/-212	dfe2d49b2cb:refactor: close continuation gate ratchets|09f47132f64:merge: absorb upstream 67262b70dc7 into assembly (subscribe-monolith split transposition)	No current-upstream hunk exists: UPSTREAM:path equals OLD_MERGE_BASE:path at 06eb825962c89d365076f7b542c6ecf40e1861fb. CANDIDATE preserves accepted SOURCE blob b7a1eb2982a163f6c254f726b28c84a318d009cc; the accepted +354/-212 overlay from dfe2d49b2cb:refactor: close continuation gate ratchets|09f47132f64:merge: absorb upstream 67262b70dc7 into assembly (subscribe-monolith split transposition) supersedes the 152-line post-PR set candidate. No upstream restoration applies in this cure.
src/agents/embedded-agent-subscribe.handlers.messages.replies.ts	1	5e4fb9095d4a82799301eb6d82feb45b39a994cb	40ba4ff9b0b47bcc7ad6c2fff07b360471ff1ecc	+15/-1	2cf1c4dba1a:Merge upstream main into continuation assembly|09f47132f64:merge: absorb upstream 67262b70dc7 into assembly (subscribe-monolith split transposition)	No current-upstream hunk exists: UPSTREAM:path equals OLD_MERGE_BASE:path at 5e4fb9095d4a82799301eb6d82feb45b39a994cb. CANDIDATE preserves accepted SOURCE blob 40ba4ff9b0b47bcc7ad6c2fff07b360471ff1ecc; the accepted +15/-1 overlay from 2cf1c4dba1a:Merge upstream main into continuation assembly|09f47132f64:merge: absorb upstream 67262b70dc7 into assembly (subscribe-monolith split transposition) supersedes the 1-line post-PR set candidate. No upstream restoration applies in this cure.
src/agents/embedded-agent-subscribe.handlers.messages.stream.ts	2	16464f27f79304a6ec16fd6659d5d751c8f326b9	990a0d240a66caa9d6438240ead9d381727ad9c8	+13/-2	09f47132f64:merge: absorb upstream 67262b70dc7 into assembly (subscribe-monolith split transposition)	No current-upstream hunk exists: UPSTREAM:path equals OLD_MERGE_BASE:path at 16464f27f79304a6ec16fd6659d5d751c8f326b9. CANDIDATE preserves accepted SOURCE blob 990a0d240a66caa9d6438240ead9d381727ad9c8; the accepted +13/-2 overlay from 09f47132f64:merge: absorb upstream 67262b70dc7 into assembly (subscribe-monolith split transposition) supersedes the 2-line post-PR set candidate. No upstream restoration applies in this cure.
src/agents/embedded-agent-subscribe.handlers.messages.test-helpers.ts	1	5be611d025d9baad4d6b79ca4d032f92fe9c5c0e	e161b27f0ba3953b92da43240147257c4391ff31	+7/-2	09f47132f64:merge: absorb upstream 67262b70dc7 into assembly (subscribe-monolith split transposition)	No current-upstream hunk exists: UPSTREAM:path equals OLD_MERGE_BASE:path at 5be611d025d9baad4d6b79ca4d032f92fe9c5c0e. CANDIDATE preserves accepted SOURCE blob e161b27f0ba3953b92da43240147257c4391ff31; the accepted +7/-2 overlay from 09f47132f64:merge: absorb upstream 67262b70dc7 into assembly (subscribe-monolith split transposition) supersedes the 1-line post-PR set candidate. No upstream restoration applies in this cure.
src/agents/embedded-agent-subscribe.handlers.messages.update-stream-items.test.ts	1	4c2b31449082c07ee4a0a2b68d764c330a02d523	a519c3c59357b8cb0d90d1d5b9d9ea50abab2cda	+42/-1	dfe2d49b2cb:refactor: close continuation gate ratchets|09f47132f64:merge: absorb upstream 67262b70dc7 into assembly (subscribe-monolith split transposition)	No current-upstream hunk exists: UPSTREAM:path equals OLD_MERGE_BASE:path at 4c2b31449082c07ee4a0a2b68d764c330a02d523. CANDIDATE preserves accepted SOURCE blob a519c3c59357b8cb0d90d1d5b9d9ea50abab2cda; the accepted +42/-1 overlay from dfe2d49b2cb:refactor: close continuation gate ratchets|09f47132f64:merge: absorb upstream 67262b70dc7 into assembly (subscribe-monolith split transposition) supersedes the 1-line post-PR set candidate. No upstream restoration applies in this cure.
src/agents/embedded-agent-subscribe.handlers.messages.update-stream-phases.test.ts	3	0ae89a5140ef45abc8dc56d5e07199f1257883c7	de7d0cbfcb312285c29684708afb5f84f5bab694	+557/-3	dfe2d49b2cb:refactor: close continuation gate ratchets|09f47132f64:merge: absorb upstream 67262b70dc7 into assembly (subscribe-monolith split transposition)	No current-upstream hunk exists: UPSTREAM:path equals OLD_MERGE_BASE:path at 0ae89a5140ef45abc8dc56d5e07199f1257883c7. CANDIDATE preserves accepted SOURCE blob de7d0cbfcb312285c29684708afb5f84f5bab694; the accepted +557/-3 overlay from dfe2d49b2cb:refactor: close continuation gate ratchets|09f47132f64:merge: absorb upstream 67262b70dc7 into assembly (subscribe-monolith split transposition) supersedes the 3-line post-PR set candidate. No upstream restoration applies in this cure.
src/agents/embedded-agent-subscribe.handlers.messages.update.ts	53	0916b74fb0dd8bae8423e5bf9231cd63325cff3a	81a24f9984ecf4ea4258f97b209f85a8c6bbff94	+151/-60	b5f1960fd4d:merge: backmerge frozen upstream into continuation|2cf1c4dba1a:Merge upstream main into continuation assembly|dfe2d49b2cb:refactor: close continuation gate ratchets|09f47132f64:merge: absorb upstream 67262b70dc7 into assembly (subscribe-monolith split transposition)	No current-upstream hunk exists: UPSTREAM:path equals OLD_MERGE_BASE:path at 0916b74fb0dd8bae8423e5bf9231cd63325cff3a. CANDIDATE preserves accepted SOURCE blob 81a24f9984ecf4ea4258f97b209f85a8c6bbff94; the accepted +151/-60 overlay from b5f1960fd4d:merge: backmerge frozen upstream into continuation|2cf1c4dba1a:Merge upstream main into continuation assembly|dfe2d49b2cb:refactor: close continuation gate ratchets|09f47132f64:merge: absorb upstream 67262b70dc7 into assembly (subscribe-monolith split transposition) supersedes the 53-line post-PR set candidate. No upstream restoration applies in this cure.
src/agents/embedded-agent-subscribe.handlers.tools.results.ts	3	8135cf1cfeed7084a7d28629a4cc531aff8da2d1	655d5a9654a86df05c31b8f808b3eabafe85be03	+42/-5	b5f1960fd4d:merge: backmerge frozen upstream into continuation|2cf1c4dba1a:Merge upstream main into continuation assembly|09f47132f64:merge: absorb upstream 67262b70dc7 into assembly (subscribe-monolith split transposition)|c30aef476f1:fix(continuation): re-home continuation behaviour onto upstream's new layout	No current-upstream hunk exists: UPSTREAM:path equals OLD_MERGE_BASE:path at 8135cf1cfeed7084a7d28629a4cc531aff8da2d1. CANDIDATE preserves accepted SOURCE blob 655d5a9654a86df05c31b8f808b3eabafe85be03; the accepted +42/-5 overlay from b5f1960fd4d:merge: backmerge frozen upstream into continuation|2cf1c4dba1a:Merge upstream main into continuation assembly|09f47132f64:merge: absorb upstream 67262b70dc7 into assembly (subscribe-monolith split transposition)|c30aef476f1:fix(continuation): re-home continuation behaviour onto upstream's new layout supersedes the 3-line post-PR set candidate. No upstream restoration applies in this cure.
src/agents/embedded-agent-subscribe.handlers.tools.start.ts	2	df2136e8483257fa757bca4d44a4f086578438f5	2794be27ed8f5beb9c00b4ad3645a17ca47c541f	+13/-2	b5f1960fd4d:merge: backmerge frozen upstream into continuation|f2cc523f491:Merge upstream eb63cb148 into continuation assembly|3f8d6503dde:Merge upstream main 530b33e4 into continuation assembly|09f47132f64:merge: absorb upstream 67262b70dc7 into assembly (subscribe-monolith split transposition)|2dd84c968ef:merge: absorb upstream drift #10 into assembly|7464b874e55:merge: absorb upstream/main drift|c30aef476f1:fix(continuation): re-home continuation behaviour onto upstream's new layout	No current-upstream hunk exists: UPSTREAM:path equals OLD_MERGE_BASE:path at df2136e8483257fa757bca4d44a4f086578438f5. CANDIDATE preserves accepted SOURCE blob 2794be27ed8f5beb9c00b4ad3645a17ca47c541f; the accepted +13/-2 overlay from b5f1960fd4d:merge: backmerge frozen upstream into continuation|f2cc523f491:Merge upstream eb63cb148 into continuation assembly|3f8d6503dde:Merge upstream main 530b33e4 into continuation assembly|09f47132f64:merge: absorb upstream 67262b70dc7 into assembly (subscribe-monolith split transposition)|2dd84c968ef:merge: absorb upstream drift #10 into assembly|7464b874e55:merge: absorb upstream/main drift|c30aef476f1:fix(continuation): re-home continuation behaviour onto upstream's new layout supersedes the 2-line post-PR set candidate. No upstream restoration applies in this cure.
src/agents/embedded-agent-subscribe.handlers.types.ts	5	24d1353c882f28a540593a77b211dde497dddb60	b7b9efe20b3f97d0fd2c2188296dc0e58b3324a5	+33/-5	b5f1960fd4d:merge: backmerge frozen upstream into continuation|2cf1c4dba1a:Merge upstream main into continuation assembly|f2cc523f491:Merge upstream eb63cb148 into continuation assembly|ec72b26076c:merge: absorb upstream drift #12 into assembly|9507800800a:merge: absorb upstream/main into continuation assembly|90b055341a1:Merge upstream/main into the continuation assembly candidate|d376461fa97:fix(agents): preserve repeated compaction retries|7abbbe17ef9:merge: absorb upstream 6543e6f into PR presentation assembly|b5bc4347c0d:Merge upstream 18c9f27e into #1219 F1 accepted head|68358363287:Merge frozen upstream acf28495 into 1172 status-row assembly|9ed7fd20b49:merge: absorb upstream cc48aef into continuation assembly|2e155cf622e:merge: absorb upstream through 20eda for continuation assembly|5a3e8628492:fix(agents): reconcile final reply delivery|b9a8a5cc138:fix(agents): filter phase-pending continuation display|7daef1060ae:fix(agents): hide continuation markers in commentary streams	No current-upstream hunk exists: UPSTREAM:path equals OLD_MERGE_BASE:path at 24d1353c882f28a540593a77b211dde497dddb60. CANDIDATE preserves accepted SOURCE blob b7b9efe20b3f97d0fd2c2188296dc0e58b3324a5; the accepted +33/-5 overlay from b5f1960fd4d:merge: backmerge frozen upstream into continuation|2cf1c4dba1a:Merge upstream main into continuation assembly|f2cc523f491:Merge upstream eb63cb148 into continuation assembly|ec72b26076c:merge: absorb upstream drift #12 into assembly|9507800800a:merge: absorb upstream/main into continuation assembly|90b055341a1:Merge upstream/main into the continuation assembly candidate|d376461fa97:fix(agents): preserve repeated compaction retries|7abbbe17ef9:merge: absorb upstream 6543e6f into PR presentation assembly|b5bc4347c0d:Merge upstream 18c9f27e into #1219 F1 accepted head|68358363287:Merge frozen upstream acf28495 into 1172 status-row assembly|9ed7fd20b49:merge: absorb upstream cc48aef into continuation assembly|2e155cf622e:merge: absorb upstream through 20eda for continuation assembly|5a3e8628492:fix(agents): reconcile final reply delivery|b9a8a5cc138:fix(agents): filter phase-pending continuation display|7daef1060ae:fix(agents): hide continuation markers in commentary streams supersedes the 5-line post-PR set candidate. No upstream restoration applies in this cure.
src/agents/embedded-agent-subscribe.reply-delivery.ts	15	25f733bf26389628452a4cf0b2ea7cf49252bfb1	96b38fbebe36a69e463a1a94fd0dfa5884408652	+249/-21	b5f1960fd4d:merge: backmerge frozen upstream into continuation|1552b01d046:merge: absorb upstream/main ff73a14f5ae into assembly	No current-upstream hunk exists: UPSTREAM:path equals OLD_MERGE_BASE:path at 25f733bf26389628452a4cf0b2ea7cf49252bfb1. CANDIDATE preserves accepted SOURCE blob 96b38fbebe36a69e463a1a94fd0dfa5884408652; the accepted +249/-21 overlay from b5f1960fd4d:merge: backmerge frozen upstream into continuation|1552b01d046:merge: absorb upstream/main ff73a14f5ae into assembly supersedes the 15-line post-PR set candidate. No upstream restoration applies in this cure.
src/agents/embedded-agent-subscribe.reply-tags.test.ts	1	9fc19fe1d89694d76272c0035477aead5b6990e2	a7c1e89400ac99c22d1632eb0c96e39e9d1bc42f	+7/-1	68358363287:Merge frozen upstream acf28495 into 1172 status-row assembly|5a3e8628492:fix(agents): reconcile final reply delivery	No current-upstream hunk exists: UPSTREAM:path equals OLD_MERGE_BASE:path at 9fc19fe1d89694d76272c0035477aead5b6990e2. CANDIDATE preserves accepted SOURCE blob a7c1e89400ac99c22d1632eb0c96e39e9d1bc42f; the accepted +7/-1 overlay from 68358363287:Merge frozen upstream acf28495 into 1172 status-row assembly|5a3e8628492:fix(agents): reconcile final reply delivery supersedes the 1-line post-PR set candidate. No upstream restoration applies in this cure.
src/agents/embedded-agent-subscribe.stream-rendering.ts	8	be2b4f7aa424a1ad032757dda6cf23915c9f536d	8b95dd5963ba5b1365da31f198ed9b6fc00e4ca7	+42/-11	b5f1960fd4d:merge: backmerge frozen upstream into continuation|315d9994823:Repair continuation CI boundary regressions|1552b01d046:merge: absorb upstream/main ff73a14f5ae into assembly	No current-upstream hunk exists: UPSTREAM:path equals OLD_MERGE_BASE:path at be2b4f7aa424a1ad032757dda6cf23915c9f536d. CANDIDATE preserves accepted SOURCE blob 8b95dd5963ba5b1365da31f198ed9b6fc00e4ca7; the accepted +42/-11 overlay from b5f1960fd4d:merge: backmerge frozen upstream into continuation|315d9994823:Repair continuation CI boundary regressions|1552b01d046:merge: absorb upstream/main ff73a14f5ae into assembly supersedes the 8-line post-PR set candidate. No upstream restoration applies in this cure.
src/agents/embedded-agent-tool-media.ts	1	940a059ffe8144333e2313f6c946276f93c3a0a0	0268cd97545f561d74407c983e00f6cf9c3a4221	+1/-1	2cf1c4dba1a:Merge upstream main into continuation assembly|09f47132f64:merge: absorb upstream 67262b70dc7 into assembly (subscribe-monolith split transposition)	No current-upstream hunk exists: UPSTREAM:path equals OLD_MERGE_BASE:path at 940a059ffe8144333e2313f6c946276f93c3a0a0. CANDIDATE preserves accepted SOURCE blob 0268cd97545f561d74407c983e00f6cf9c3a4221; the accepted +1/-1 overlay from 2cf1c4dba1a:Merge upstream main into continuation assembly|09f47132f64:merge: absorb upstream 67262b70dc7 into assembly (subscribe-monolith split transposition) supersedes the 1-line post-PR set candidate. No upstream restoration applies in this cure.
src/agents/embedded-agent-utils.ts	2	adb17dd469886a1bfc2d750388a96136f17b795a	5f9aae84a7e291b594a6b838a52164b9e5beb7e9	+8/-2	f2cc523f491:Merge upstream eb63cb148 into continuation assembly|3f8d6503dde:Merge upstream main 530b33e4 into continuation assembly|3b33188c6d4:merge: absorb upstream/main into continuation assembly|9507800800a:merge: absorb upstream/main into continuation assembly|b5bc4347c0d:Merge upstream 18c9f27e into #1219 F1 accepted head|5a3e8628492:fix(agents): reconcile final reply delivery	No current-upstream hunk exists: UPSTREAM:path equals OLD_MERGE_BASE:path at adb17dd469886a1bfc2d750388a96136f17b795a. CANDIDATE preserves accepted SOURCE blob 5f9aae84a7e291b594a6b838a52164b9e5beb7e9; the accepted +8/-2 overlay from f2cc523f491:Merge upstream eb63cb148 into continuation assembly|3f8d6503dde:Merge upstream main 530b33e4 into continuation assembly|3b33188c6d4:merge: absorb upstream/main into continuation assembly|9507800800a:merge: absorb upstream/main into continuation assembly|b5bc4347c0d:Merge upstream 18c9f27e into #1219 F1 accepted head|5a3e8628492:fix(agents): reconcile final reply delivery supersedes the 2-line post-PR set candidate. No upstream restoration applies in this cure.
src/agents/openclaw-tools.ts	1	d30686bba388aae6cf1c71b5e3a93fe66b9875b8	e5396058bc5a505d011fcba81e453de57e2b47b5	+20/-1	d54403ab018:merge: absorb current upstream 23854c39 into continuation candidate|b5f1960fd4d:merge: backmerge frozen upstream into continuation|2cf1c4dba1a:Merge upstream main into continuation assembly|f2cc523f491:Merge upstream eb63cb148 into continuation assembly|3f8d6503dde:Merge upstream main 530b33e4 into continuation assembly|6f34847c57f:merge: absorb upstream/main into assembly (second incremental absorb)|2b07ba50956:Merge remote-tracking branch 'upstream/main' into scribe/20260709/1172-status-row-assembly|bd8fcdf6396:merge: absorb upstream/main drift (21 commits)|9507800800a:merge: absorb upstream/main into continuation assembly|056bdf88295:Merge upstream/main (750d0dcd9e7) into 1172 continuation assembly|93439dce72c:fix(agents): drop imports the back-merge left unused in openclaw-tools|90b055341a1:Merge upstream/main into the continuation assembly candidate|a7ef03177e0:Merge remote-tracking branch 'upstream/main' into scribe/20260809/backmerge-upstream|ca5a25affc9:Merge upstream/main (cb50289e283) into 1172 continuation assembly|0dd8008463d:merge: absorb upstream 480e0c0 into PR presentation assembly|cb73c7db50c:Merge upstream f4387b7a into PR presentation assembly|b5bc4347c0d:Merge upstream 18c9f27e into #1219 F1 accepted head|68358363287:Merge frozen upstream acf28495 into 1172 status-row assembly|9ed7fd20b49:merge: absorb upstream cc48aef into continuation assembly|726f4e2f9cc:Merge upstream after post-666 corrections|bae7eae11ab:Merge upstream/main into post-666 assembly candidate|b134a64a443:fix(continuation): harden structured delegate returns|18e02c2b5b3:fix(continuation): add managed delegate return claims|f01e2fbf091:merge: absorb upstream through 7d159fdc for #1172|672bd50a7dc:Merge upstream 692310de into continuation assembly|81930ccd5e2:merge: absorb upstream through 444fd4b for #1172|4c235d8c199:merge: absorb upstream runtime drift for #1172|06aa99fe8bb:Refactor oversized GATES owners|b97ac9c852a:Merge upstream 53d600a into #1184 continuation candidate|c22ef4effa1:Merge upstream into #1184 final assembly candidate|3ed090e373e:merge: absorb latest upstream drift into #1184 assembly|228da670830:merge: absorb upstream lifecycle and cron ownership into assembly|d6ac137b148:Merge upstream c46cc1e2 into absorb branch|a05d8a41a26:merge: absorb frozen upstream for #1172|e3dd5604a7d:Merge frozen implementation epoch for #1172 LOC policy|c15743f18b6:temporary exact-tree LOC comparison|c7802d01d24:Merge upstream/main through 42d34eb4c8b into #1172 candidate|0dc146c8c57:Merge upstream main into #1172 cut candidate|b099ad6a996:fix(agents): disable continuation tools during compaction|a37a2215c28:Merge upstream/main into 1172 status row assembly|8422e7613b9:Merge upstream/main into 1172 status row assembly|977a63e8a4c:Merge upstream/main into #1172 safe assembly|00af7feddcc:Merge upstream/main into #1172 assembly|8434785c49b:Merge upstream/main into #1172 assembly|56360c15761:Merge upstream/main into #1172 assembly|e9e432d9cfa:Merge upstream/main into safe assembly|a9ea8e596e7:Backmerge upstream main into assembly after splay prune|ff1dea44344:Merge upstream/main into assembly drift branch|5dfa96c9346:Merge remote-tracking branch 'upstream/main' into frond-scribe/20260624/assembly-continuation-followons|f05c7cb92d5:WIP dc2: merge upstream d89ab2c014 onto 077b261dd8 — agent-runner-execution.ts resolved (version-A, scout-confirmed); 5 files conflict-marked for prince byte-check|f01d8eeffeb:Merge remote-tracking branch 'origin/main' into HEAD|d2c7457b3ba:merge: drift-cure back-merge upstream/main into assembly-drift-cure (#999 post-cleanse)|3a5266e6de8:scrub: remove fork org/issue refs + internal codenames for upstream presentation|d57b6ec0cac:docs(scrub): qualify unqualified 'RFC §' refs to the continuation RFC|8e04d27f1a5:feat(continuation): replay drift-cure candidate onto upstream	No current-upstream hunk exists: UPSTREAM:path equals OLD_MERGE_BASE:path at d30686bba388aae6cf1c71b5e3a93fe66b9875b8. CANDIDATE preserves accepted SOURCE blob e5396058bc5a505d011fcba81e453de57e2b47b5; the accepted +20/-1 overlay from d54403ab018:merge: absorb current upstream 23854c39 into continuation candidate|b5f1960fd4d:merge: backmerge frozen upstream into continuation|2cf1c4dba1a:Merge upstream main into continuation assembly|f2cc523f491:Merge upstream eb63cb148 into continuation assembly|3f8d6503dde:Merge upstream main 530b33e4 into continuation assembly|6f34847c57f:merge: absorb upstream/main into assembly (second incremental absorb)|2b07ba50956:Merge remote-tracking branch 'upstream/main' into scribe/20260709/1172-status-row-assembly|bd8fcdf6396:merge: absorb upstream/main drift (21 commits)|9507800800a:merge: absorb upstream/main into continuation assembly|056bdf88295:Merge upstream/main (750d0dcd9e7) into 1172 continuation assembly|93439dce72c:fix(agents): drop imports the back-merge left unused in openclaw-tools|90b055341a1:Merge upstream/main into the continuation assembly candidate|a7ef03177e0:Merge remote-tracking branch 'upstream/main' into scribe/20260809/backmerge-upstream|ca5a25affc9:Merge upstream/main (cb50289e283) into 1172 continuation assembly|0dd8008463d:merge: absorb upstream 480e0c0 into PR presentation assembly|cb73c7db50c:Merge upstream f4387b7a into PR presentation assembly|b5bc4347c0d:Merge upstream 18c9f27e into #1219 F1 accepted head|68358363287:Merge frozen upstream acf28495 into 1172 status-row assembly|9ed7fd20b49:merge: absorb upstream cc48aef into continuation assembly|726f4e2f9cc:Merge upstream after post-666 corrections|bae7eae11ab:Merge upstream/main into post-666 assembly candidate|b134a64a443:fix(continuation): harden structured delegate returns|18e02c2b5b3:fix(continuation): add managed delegate return claims|f01e2fbf091:merge: absorb upstream through 7d159fdc for #1172|672bd50a7dc:Merge upstream 692310de into continuation assembly|81930ccd5e2:merge: absorb upstream through 444fd4b for #1172|4c235d8c199:merge: absorb upstream runtime drift for #1172|06aa99fe8bb:Refactor oversized GATES owners|b97ac9c852a:Merge upstream 53d600a into #1184 continuation candidate|c22ef4effa1:Merge upstream into #1184 final assembly candidate|3ed090e373e:merge: absorb latest upstream drift into #1184 assembly|228da670830:merge: absorb upstream lifecycle and cron ownership into assembly|d6ac137b148:Merge upstream c46cc1e2 into absorb branch|a05d8a41a26:merge: absorb frozen upstream for #1172|e3dd5604a7d:Merge frozen implementation epoch for #1172 LOC policy|c15743f18b6:temporary exact-tree LOC comparison|c7802d01d24:Merge upstream/main through 42d34eb4c8b into #1172 candidate|0dc146c8c57:Merge upstream main into #1172 cut candidate|b099ad6a996:fix(agents): disable continuation tools during compaction|a37a2215c28:Merge upstream/main into 1172 status row assembly|8422e7613b9:Merge upstream/main into 1172 status row assembly|977a63e8a4c:Merge upstream/main into #1172 safe assembly|00af7feddcc:Merge upstream/main into #1172 assembly|8434785c49b:Merge upstream/main into #1172 assembly|56360c15761:Merge upstream/main into #1172 assembly|e9e432d9cfa:Merge upstream/main into safe assembly|a9ea8e596e7:Backmerge upstream main into assembly after splay prune|ff1dea44344:Merge upstream/main into assembly drift branch|5dfa96c9346:Merge remote-tracking branch 'upstream/main' into frond-scribe/20260624/assembly-continuation-followons|f05c7cb92d5:WIP dc2: merge upstream d89ab2c014 onto 077b261dd8 — agent-runner-execution.ts resolved (version-A, scout-confirmed); 5 files conflict-marked for prince byte-check|f01d8eeffeb:Merge remote-tracking branch 'origin/main' into HEAD|d2c7457b3ba:merge: drift-cure back-merge upstream/main into assembly-drift-cure (#999 post-cleanse)|3a5266e6de8:scrub: remove fork org/issue refs + internal codenames for upstream presentation|d57b6ec0cac:docs(scrub): qualify unqualified 'RFC §' refs to the continuation RFC|8e04d27f1a5:feat(continuation): replay drift-cure candidate onto upstream supersedes the 1-line post-PR set candidate. No upstream restoration applies in this cure.
src/agents/sandbox/fs-bridge.boundary.test.ts	1	db7fc41f1713bf75cc0f76687b4d572d90831898	70ff198c0c6bc93a7135b75506e5ff9bde1c7b71	+5/-5	a316a17ca0d:merge: absorb upstream/main drift and follow the session-path renames|90b055341a1:Merge upstream/main into the continuation assembly candidate	No current-upstream hunk exists: UPSTREAM:path equals OLD_MERGE_BASE:path at db7fc41f1713bf75cc0f76687b4d572d90831898. CANDIDATE preserves accepted SOURCE blob 70ff198c0c6bc93a7135b75506e5ff9bde1c7b71; the accepted +5/-5 overlay from a316a17ca0d:merge: absorb upstream/main drift and follow the session-path renames|90b055341a1:Merge upstream/main into the continuation assembly candidate supersedes the 1-line post-PR set candidate. No upstream restoration applies in this cure.
src/agents/sandbox/remote-fs-bridge.test.ts	1	864f1c16e5aa6c99f76cf967403f786c09f75a47	3366030e3470166631d3242923667ee967d65d2e	+14/-14	a316a17ca0d:merge: absorb upstream/main drift and follow the session-path renames	No current-upstream hunk exists: UPSTREAM:path equals OLD_MERGE_BASE:path at 864f1c16e5aa6c99f76cf967403f786c09f75a47. CANDIDATE preserves accepted SOURCE blob 3366030e3470166631d3242923667ee967d65d2e; the accepted +14/-14 overlay from a316a17ca0d:merge: absorb upstream/main drift and follow the session-path renames supersedes the 1-line post-PR set candidate. No upstream restoration applies in this cure.
src/agents/session-transcript-repair.ts	22	9ad76b870053c147a828ab1e633dd335ca1c5373	fd8aef8c2cf374660c4cee413832fd2abc481964	+18/-27	f2cc523f491:Merge upstream eb63cb148 into continuation assembly|3f8d6503dde:Merge upstream main 530b33e4 into continuation assembly|6f34847c57f:merge: absorb upstream/main into assembly (second incremental absorb)|5df9d96eb8f:style: oxfmt the four files hand-edited during conflict resolution|ca5a25affc9:Merge upstream/main (cb50289e283) into 1172 continuation assembly|4ffbc5b2add:fix(continuation): preserve safe attachment diagnostics|e534d1f15d2:fix(continuation): restore typed delegate input attachments|0ff0add5e40:merge: absorb upstream through 025e6cee for #1172	No current-upstream hunk exists: UPSTREAM:path equals OLD_MERGE_BASE:path at 9ad76b870053c147a828ab1e633dd335ca1c5373. CANDIDATE preserves accepted SOURCE blob fd8aef8c2cf374660c4cee413832fd2abc481964; the accepted +18/-27 overlay from f2cc523f491:Merge upstream eb63cb148 into continuation assembly|3f8d6503dde:Merge upstream main 530b33e4 into continuation assembly|6f34847c57f:merge: absorb upstream/main into assembly (second incremental absorb)|5df9d96eb8f:style: oxfmt the four files hand-edited during conflict resolution|ca5a25affc9:Merge upstream/main (cb50289e283) into 1172 continuation assembly|4ffbc5b2add:fix(continuation): preserve safe attachment diagnostics|e534d1f15d2:fix(continuation): restore typed delegate input attachments|0ff0add5e40:merge: absorb upstream through 025e6cee for #1172 supersedes the 22-line post-PR set candidate. No upstream restoration applies in this cure.
src/agents/shell-snapshot.ts	2	63a39412869dbab6243c31762516586f6165ebc0	c36cd8e2fc4c3a294cd12eeb2bab67385f3aa8d2	+3/-2	bae7eae11ab:Merge upstream/main into post-666 assembly candidate|228da670830:merge: absorb upstream lifecycle and cron ownership into assembly|a05d8a41a26:merge: absorb frozen upstream for #1172|a9ea8e596e7:Backmerge upstream main into assembly after splay prune|2723dbee783:fix(ci): isolate runner-local tooling tests	No current-upstream hunk exists: UPSTREAM:path equals OLD_MERGE_BASE:path at 63a39412869dbab6243c31762516586f6165ebc0. CANDIDATE preserves accepted SOURCE blob c36cd8e2fc4c3a294cd12eeb2bab67385f3aa8d2; the accepted +3/-2 overlay from bae7eae11ab:Merge upstream/main into post-666 assembly candidate|228da670830:merge: absorb upstream lifecycle and cron ownership into assembly|a05d8a41a26:merge: absorb frozen upstream for #1172|a9ea8e596e7:Backmerge upstream main into assembly after splay prune|2723dbee783:fix(ci): isolate runner-local tooling tests supersedes the 2-line post-PR set candidate. No upstream restoration applies in this cure.
src/agents/spawn-pipeline.ts	2	a8c481810b05dd4d1777607629734cef92cc7b20	9862cce8fc15d89a50b58a9bbf800189e6cef49a	+1/-4	056bdf88295:Merge upstream/main (750d0dcd9e7) into 1172 continuation assembly|b5bc4347c0d:Merge upstream 18c9f27e into #1219 F1 accepted head|ac371f93bec:fix: close post-merge continuation test gaps	No current-upstream hunk exists: UPSTREAM:path equals OLD_MERGE_BASE:path at a8c481810b05dd4d1777607629734cef92cc7b20. CANDIDATE preserves accepted SOURCE blob 9862cce8fc15d89a50b58a9bbf800189e6cef49a; the accepted +1/-4 overlay from 056bdf88295:Merge upstream/main (750d0dcd9e7) into 1172 continuation assembly|b5bc4347c0d:Merge upstream 18c9f27e into #1219 F1 accepted head|ac371f93bec:fix: close post-merge continuation test gaps supersedes the 2-line post-PR set candidate. No upstream restoration applies in this cure.
src/agents/subagents/announce/subagent-announce-descendant-wake.ts	42	1cfb4fcc4a7e3832a0752eebf861adaa32f2fe1e	a4b036540af93e8623aff4439b2f145c0acdf1cb	+175/-78	d46885d6422:chore(merge): merge two duplicate-module imports left by the resolver|056bdf88295:Merge upstream/main (750d0dcd9e7) into 1172 continuation assembly	No current-upstream hunk exists: UPSTREAM:path equals OLD_MERGE_BASE:path at 1cfb4fcc4a7e3832a0752eebf861adaa32f2fe1e. CANDIDATE preserves accepted SOURCE blob a4b036540af93e8623aff4439b2f145c0acdf1cb; the accepted +175/-78 overlay from d46885d6422:chore(merge): merge two duplicate-module imports left by the resolver|056bdf88295:Merge upstream/main (750d0dcd9e7) into 1172 continuation assembly supersedes the 42-line post-PR set candidate. No upstream restoration applies in this cure.
src/agents/subagents/announce/subagent-announce-output.ts	4	34d014b40aaea2476968c2c285b5f36b18a3d3f7	0a7aa1d80f976550d7c61a2c31598cc0cab0ea41	+2/-9	d54403ab018:merge: absorb current upstream 23854c39 into continuation candidate|b5f1960fd4d:merge: backmerge frozen upstream into continuation|f2cc523f491:Merge upstream eb63cb148 into continuation assembly|3f8d6503dde:Merge upstream main 530b33e4 into continuation assembly|a316a17ca0d:merge: absorb upstream/main drift and follow the session-path renames|7464b874e55:merge: absorb upstream/main drift|9507800800a:merge: absorb upstream/main into continuation assembly|f0f993b8398:fix(knip): drop the two dead re-exports left by the cycle break|b186a132756:fix(gateway): break announce/spawn session-utils madge cycle|056bdf88295:Merge upstream/main (750d0dcd9e7) into 1172 continuation assembly	No current-upstream hunk exists: UPSTREAM:path equals OLD_MERGE_BASE:path at 34d014b40aaea2476968c2c285b5f36b18a3d3f7. CANDIDATE preserves accepted SOURCE blob 0a7aa1d80f976550d7c61a2c31598cc0cab0ea41; the accepted +2/-9 overlay from d54403ab018:merge: absorb current upstream 23854c39 into continuation candidate|b5f1960fd4d:merge: backmerge frozen upstream into continuation|f2cc523f491:Merge upstream eb63cb148 into continuation assembly|3f8d6503dde:Merge upstream main 530b33e4 into continuation assembly|a316a17ca0d:merge: absorb upstream/main drift and follow the session-path renames|7464b874e55:merge: absorb upstream/main drift|9507800800a:merge: absorb upstream/main into continuation assembly|f0f993b8398:fix(knip): drop the two dead re-exports left by the cycle break|b186a132756:fix(gateway): break announce/spawn session-utils madge cycle|056bdf88295:Merge upstream/main (750d0dcd9e7) into 1172 continuation assembly supersedes the 4-line post-PR set candidate. No upstream restoration applies in this cure.
src/agents/subagents/announce/subagent-announce.format.e2e.test.ts	7	8d524fb6d76bfbccc4f1864d3e102b3ad43c465b	26dc5c4b4264c3542494cf44e39a6bd6f3d307fc	+206/-11	d54403ab018:merge: absorb current upstream 23854c39 into continuation candidate|3f8d6503dde:Merge upstream main 530b33e4 into continuation assembly|a316a17ca0d:merge: absorb upstream/main drift and follow the session-path renames|7464b874e55:merge: absorb upstream/main drift|f47d004c5eb:fix(test): complete the read-surface mocks and adopt the outcome contract|9507800800a:merge: absorb upstream/main into continuation assembly|056bdf88295:Merge upstream/main (750d0dcd9e7) into 1172 continuation assembly	No current-upstream hunk exists: UPSTREAM:path equals OLD_MERGE_BASE:path at 8d524fb6d76bfbccc4f1864d3e102b3ad43c465b. CANDIDATE preserves accepted SOURCE blob 26dc5c4b4264c3542494cf44e39a6bd6f3d307fc; the accepted +206/-11 overlay from d54403ab018:merge: absorb current upstream 23854c39 into continuation candidate|3f8d6503dde:Merge upstream main 530b33e4 into continuation assembly|a316a17ca0d:merge: absorb upstream/main drift and follow the session-path renames|7464b874e55:merge: absorb upstream/main drift|f47d004c5eb:fix(test): complete the read-surface mocks and adopt the outcome contract|9507800800a:merge: absorb upstream/main into continuation assembly|056bdf88295:Merge upstream/main (750d0dcd9e7) into 1172 continuation assembly supersedes the 7-line post-PR set candidate. No upstream restoration applies in this cure.
src/agents/subagents/announce/subagent-announce.requester-settle-wake.ts	1	832d5f007bebaa51cb143ea2d05ed844030faf96	8a560641e74e93480ded16136a89d2a19e977a34	+1/-1	b5f1960fd4d:merge: backmerge frozen upstream into continuation|3f8d6503dde:Merge upstream main 530b33e4 into continuation assembly|3db90c52a68:fix(gateway-protocol): use canonical isRecord; format back-merge edits|9507800800a:merge: absorb upstream/main into continuation assembly|056bdf88295:Merge upstream/main (750d0dcd9e7) into 1172 continuation assembly	No current-upstream hunk exists: UPSTREAM:path equals OLD_MERGE_BASE:path at 832d5f007bebaa51cb143ea2d05ed844030faf96. CANDIDATE preserves accepted SOURCE blob 8a560641e74e93480ded16136a89d2a19e977a34; the accepted +1/-1 overlay from b5f1960fd4d:merge: backmerge frozen upstream into continuation|3f8d6503dde:Merge upstream main 530b33e4 into continuation assembly|3db90c52a68:fix(gateway-protocol): use canonical isRecord; format back-merge edits|9507800800a:merge: absorb upstream/main into continuation assembly|056bdf88295:Merge upstream/main (750d0dcd9e7) into 1172 continuation assembly supersedes the 1-line post-PR set candidate. No upstream restoration applies in this cure.
src/agents/subagents/announce/subagent-announce.test.ts	2	915620f68e2b071cd6d08bc1c221635839c4aaf8	c3622ea2b8cf10818323b54e061c39fa49fe5364	+11/-2	a316a17ca0d:merge: absorb upstream/main drift and follow the session-path renames|7464b874e55:merge: absorb upstream/main drift|9507800800a:merge: absorb upstream/main into continuation assembly|056bdf88295:Merge upstream/main (750d0dcd9e7) into 1172 continuation assembly	No current-upstream hunk exists: UPSTREAM:path equals OLD_MERGE_BASE:path at 915620f68e2b071cd6d08bc1c221635839c4aaf8. CANDIDATE preserves accepted SOURCE blob c3622ea2b8cf10818323b54e061c39fa49fe5364; the accepted +11/-2 overlay from a316a17ca0d:merge: absorb upstream/main drift and follow the session-path renames|7464b874e55:merge: absorb upstream/main drift|9507800800a:merge: absorb upstream/main into continuation assembly|056bdf88295:Merge upstream/main (750d0dcd9e7) into 1172 continuation assembly supersedes the 2-line post-PR set candidate. No upstream restoration applies in this cure.
src/agents/subagents/announce/subagent-announce.timeout.test.ts	1	14b900012e3782b1c7edd3bb3a822e0e316335dc	c86103199670594b1d42058cb30ce9d520d6763e	+9/-1	b5f1960fd4d:merge: backmerge frozen upstream into continuation|a316a17ca0d:merge: absorb upstream/main drift and follow the session-path renames|7464b874e55:merge: absorb upstream/main drift|9507800800a:merge: absorb upstream/main into continuation assembly|056bdf88295:Merge upstream/main (750d0dcd9e7) into 1172 continuation assembly	No current-upstream hunk exists: UPSTREAM:path equals OLD_MERGE_BASE:path at 14b900012e3782b1c7edd3bb3a822e0e316335dc. CANDIDATE preserves accepted SOURCE blob c86103199670594b1d42058cb30ce9d520d6763e; the accepted +9/-1 overlay from b5f1960fd4d:merge: backmerge frozen upstream into continuation|a316a17ca0d:merge: absorb upstream/main drift and follow the session-path renames|7464b874e55:merge: absorb upstream/main drift|9507800800a:merge: absorb upstream/main into continuation assembly|056bdf88295:Merge upstream/main (750d0dcd9e7) into 1172 continuation assembly supersedes the 1-line post-PR set candidate. No upstream restoration applies in this cure.
src/agents/subagents/announce/subagent-announce.ts	176	0472571d94792df01491c56b11785b43c11c3395	b29da4502a70a8bd6bdadfb2848d5a0613736437	+298/-236	b5f1960fd4d:merge: backmerge frozen upstream into continuation|dfe2d49b2cb:refactor: close continuation gate ratchets|3f8d6503dde:Merge upstream main 530b33e4 into continuation assembly|d470fe34fd5:fix(agents): repair back-merge fallout in the announce read surface|9507800800a:merge: absorb upstream/main into continuation assembly|b186a132756:fix(gateway): break announce/spawn session-utils madge cycle|056bdf88295:Merge upstream/main (750d0dcd9e7) into 1172 continuation assembly	No current-upstream hunk exists: UPSTREAM:path equals OLD_MERGE_BASE:path at 0472571d94792df01491c56b11785b43c11c3395. CANDIDATE preserves accepted SOURCE blob b29da4502a70a8bd6bdadfb2848d5a0613736437; the accepted +298/-236 overlay from b5f1960fd4d:merge: backmerge frozen upstream into continuation|dfe2d49b2cb:refactor: close continuation gate ratchets|3f8d6503dde:Merge upstream main 530b33e4 into continuation assembly|d470fe34fd5:fix(agents): repair back-merge fallout in the announce read surface|9507800800a:merge: absorb upstream/main into continuation assembly|b186a132756:fix(gateway): break announce/spawn session-utils madge cycle|056bdf88295:Merge upstream/main (750d0dcd9e7) into 1172 continuation assembly supersedes the 176-line post-PR set candidate. No upstream restoration applies in this cure.
src/agents/subagents/completion/subagent-completion-admission.store.ts	1	86f4aed0adbe389b3f77f7377c368167cb090357	f9e1a04ee69795ad2366ff81abd6d0376e10a362	+2/-1	3f8d6503dde:Merge upstream main 530b33e4 into continuation assembly|3b33188c6d4:merge: absorb upstream/main into continuation assembly|056bdf88295:Merge upstream/main (750d0dcd9e7) into 1172 continuation assembly	No current-upstream hunk exists: UPSTREAM:path equals OLD_MERGE_BASE:path at 86f4aed0adbe389b3f77f7377c368167cb090357. CANDIDATE preserves accepted SOURCE blob f9e1a04ee69795ad2366ff81abd6d0376e10a362; the accepted +2/-1 overlay from 3f8d6503dde:Merge upstream main 530b33e4 into continuation assembly|3b33188c6d4:merge: absorb upstream/main into continuation assembly|056bdf88295:Merge upstream/main (750d0dcd9e7) into 1172 continuation assembly supersedes the 1-line post-PR set candidate. No upstream restoration applies in this cure.
src/agents/subagents/registry/subagent-control-messaging.ts	11	8675a148887aa8c2d877ee6b050181a3947ff3e0	657bca47a0d997708c8554bf8c77806f6d59ded2	+128/-29	2cf1c4dba1a:Merge upstream main into continuation assembly|dfe2d49b2cb:refactor: close continuation gate ratchets	No current-upstream hunk exists: UPSTREAM:path equals OLD_MERGE_BASE:path at 8675a148887aa8c2d877ee6b050181a3947ff3e0. CANDIDATE preserves accepted SOURCE blob 657bca47a0d997708c8554bf8c77806f6d59ded2; the accepted +128/-29 overlay from 2cf1c4dba1a:Merge upstream main into continuation assembly|dfe2d49b2cb:refactor: close continuation gate ratchets supersedes the 11-line post-PR set candidate. No upstream restoration applies in this cure.
src/agents/subagents/registry/subagent-registry-completion.ts	1	e08bf043d0c9e9308a0168f243040dc18d1e4c95	beecf723f820bb8516d026055c56bd5b97ea4f4e	+1/-2	b186a132756:fix(gateway): break announce/spawn session-utils madge cycle|056bdf88295:Merge upstream/main (750d0dcd9e7) into 1172 continuation assembly	No current-upstream hunk exists: UPSTREAM:path equals OLD_MERGE_BASE:path at e08bf043d0c9e9308a0168f243040dc18d1e4c95. CANDIDATE preserves accepted SOURCE blob beecf723f820bb8516d026055c56bd5b97ea4f4e; the accepted +1/-2 overlay from b186a132756:fix(gateway): break announce/spawn session-utils madge cycle|056bdf88295:Merge upstream/main (750d0dcd9e7) into 1172 continuation assembly supersedes the 1-line post-PR set candidate. No upstream restoration applies in this cure.
src/agents/subagents/registry/subagent-registry-lifecycle-announce-cleanup.ts	1	d2212903e670b86ece3c8ff9fb290e60b6c9c8dc	a35493bbeabd6e1115bcf06b9fd6a2ea29818f00	+7/-1	2f08a3b375d:test: stabilize final gate ownership|b5f1960fd4d:merge: backmerge frozen upstream into continuation|2cf1c4dba1a:Merge upstream main into continuation assembly|c30aef476f1:fix(continuation): re-home continuation behaviour onto upstream's new layout	No current-upstream hunk exists: UPSTREAM:path equals OLD_MERGE_BASE:path at d2212903e670b86ece3c8ff9fb290e60b6c9c8dc. CANDIDATE preserves accepted SOURCE blob a35493bbeabd6e1115bcf06b9fd6a2ea29818f00; the accepted +7/-1 overlay from 2f08a3b375d:test: stabilize final gate ownership|b5f1960fd4d:merge: backmerge frozen upstream into continuation|2cf1c4dba1a:Merge upstream main into continuation assembly|c30aef476f1:fix(continuation): re-home continuation behaviour onto upstream's new layout supersedes the 1-line post-PR set candidate. No upstream restoration applies in this cure.
src/agents/subagents/registry/subagent-registry-lifecycle-completion.ts	3	4a2b082d22bd3a6ea3ecb5a57efea62265df6eac	5350bc4e37cee0ff2f7514e503bef174cf28622b	+2/-4	b5f1960fd4d:merge: backmerge frozen upstream into continuation|f2cc523f491:Merge upstream eb63cb148 into continuation assembly|c30aef476f1:fix(continuation): re-home continuation behaviour onto upstream's new layout	No current-upstream hunk exists: UPSTREAM:path equals OLD_MERGE_BASE:path at 4a2b082d22bd3a6ea3ecb5a57efea62265df6eac. CANDIDATE preserves accepted SOURCE blob 5350bc4e37cee0ff2f7514e503bef174cf28622b; the accepted +2/-4 overlay from b5f1960fd4d:merge: backmerge frozen upstream into continuation|f2cc523f491:Merge upstream eb63cb148 into continuation assembly|c30aef476f1:fix(continuation): re-home continuation behaviour onto upstream's new layout supersedes the 3-line post-PR set candidate. No upstream restoration applies in this cure.
src/agents/subagents/registry/subagent-registry-lifecycle-delivery.ts	1	14d895911de08a4de74beebe98193e101fc89b88	a070ba09be475d6bcbb7ac23a4c2bed5447f096b	+1/-1	b5f1960fd4d:merge: backmerge frozen upstream into continuation|a316a17ca0d:merge: absorb upstream/main drift and follow the session-path renames|3b33188c6d4:merge: absorb upstream/main into continuation assembly|9507800800a:merge: absorb upstream/main into continuation assembly|b186a132756:fix(gateway): break announce/spawn session-utils madge cycle|056bdf88295:Merge upstream/main (750d0dcd9e7) into 1172 continuation assembly	No current-upstream hunk exists: UPSTREAM:path equals OLD_MERGE_BASE:path at 14d895911de08a4de74beebe98193e101fc89b88. CANDIDATE preserves accepted SOURCE blob a070ba09be475d6bcbb7ac23a4c2bed5447f096b; the accepted +1/-1 overlay from b5f1960fd4d:merge: backmerge frozen upstream into continuation|a316a17ca0d:merge: absorb upstream/main drift and follow the session-path renames|3b33188c6d4:merge: absorb upstream/main into continuation assembly|9507800800a:merge: absorb upstream/main into continuation assembly|b186a132756:fix(gateway): break announce/spawn session-utils madge cycle|056bdf88295:Merge upstream/main (750d0dcd9e7) into 1172 continuation assembly supersedes the 1-line post-PR set candidate. No upstream restoration applies in this cure.
src/agents/subagents/registry/subagent-registry-maintenance.ts	3	9fde2d0dded12b8061274909576f4c0457388c79	a5d5b9529532dae5b484a42031fa07eebfbe3cf7	+3/-3	056bdf88295:Merge upstream/main (750d0dcd9e7) into 1172 continuation assembly	No current-upstream hunk exists: UPSTREAM:path equals OLD_MERGE_BASE:path at 9fde2d0dded12b8061274909576f4c0457388c79. CANDIDATE preserves accepted SOURCE blob a5d5b9529532dae5b484a42031fa07eebfbe3cf7; the accepted +3/-3 overlay from 056bdf88295:Merge upstream/main (750d0dcd9e7) into 1172 continuation assembly supersedes the 3-line post-PR set candidate. No upstream restoration applies in this cure.
src/agents/subagents/registry/subagent-registry-queries.ts	1	0016e350b577f185d7d8ab617405ae82923eec8a	3724b8cc7845ecb6c5c0a168bd9003b19d22925c	+49/-1	3f8d6503dde:Merge upstream main 530b33e4 into continuation assembly|196e61740af:merge: absorb upstream/main drift|056bdf88295:Merge upstream/main (750d0dcd9e7) into 1172 continuation assembly	No current-upstream hunk exists: UPSTREAM:path equals OLD_MERGE_BASE:path at 0016e350b577f185d7d8ab617405ae82923eec8a. CANDIDATE preserves accepted SOURCE blob 3724b8cc7845ecb6c5c0a168bd9003b19d22925c; the accepted +49/-1 overlay from 3f8d6503dde:Merge upstream main 530b33e4 into continuation assembly|196e61740af:merge: absorb upstream/main drift|056bdf88295:Merge upstream/main (750d0dcd9e7) into 1172 continuation assembly supersedes the 1-line post-PR set candidate. No upstream restoration applies in this cure.
src/agents/subagents/registry/subagent-registry-restart-recovery.ts	125	b8f6b1a36d61e6b9fda4ecab5755ce05e8647f7b	94e5aed32436cef582729971335b57306ff5af70	+25/-224	2cf1c4dba1a:Merge upstream main into continuation assembly|a316a17ca0d:merge: absorb upstream/main drift and follow the session-path renames|0121445304c:fix(sessions): follow upstream's session-accessor renames through our surface|7464b874e55:merge: absorb upstream/main drift|bd8fcdf6396:merge: absorb upstream/main drift (21 commits)|056bdf88295:Merge upstream/main (750d0dcd9e7) into 1172 continuation assembly	No current-upstream hunk exists: UPSTREAM:path equals OLD_MERGE_BASE:path at b8f6b1a36d61e6b9fda4ecab5755ce05e8647f7b. CANDIDATE preserves accepted SOURCE blob 94e5aed32436cef582729971335b57306ff5af70; the accepted +25/-224 overlay from 2cf1c4dba1a:Merge upstream main into continuation assembly|a316a17ca0d:merge: absorb upstream/main drift and follow the session-path renames|0121445304c:fix(sessions): follow upstream's session-accessor renames through our surface|7464b874e55:merge: absorb upstream/main drift|bd8fcdf6396:merge: absorb upstream/main drift (21 commits)|056bdf88295:Merge upstream/main (750d0dcd9e7) into 1172 continuation assembly supersedes the 125-line post-PR set candidate. No upstream restoration applies in this cure.
src/agents/subagents/registry/subagent-registry-restore.ts	5	b53aa3c9d65dbd64c29f51dc867bbef186f43f7d	5fc5e477b77a7473171eaf83dae40c07346a4d39	+20/-5	b5f1960fd4d:merge: backmerge frozen upstream into continuation|3f8d6503dde:Merge upstream main 530b33e4 into continuation assembly|3b33188c6d4:merge: absorb upstream/main into continuation assembly|9507800800a:merge: absorb upstream/main into continuation assembly|056bdf88295:Merge upstream/main (750d0dcd9e7) into 1172 continuation assembly	No current-upstream hunk exists: UPSTREAM:path equals OLD_MERGE_BASE:path at b53aa3c9d65dbd64c29f51dc867bbef186f43f7d. CANDIDATE preserves accepted SOURCE blob 5fc5e477b77a7473171eaf83dae40c07346a4d39; the accepted +20/-5 overlay from b5f1960fd4d:merge: backmerge frozen upstream into continuation|3f8d6503dde:Merge upstream main 530b33e4 into continuation assembly|3b33188c6d4:merge: absorb upstream/main into continuation assembly|9507800800a:merge: absorb upstream/main into continuation assembly|056bdf88295:Merge upstream/main (750d0dcd9e7) into 1172 continuation assembly supersedes the 5-line post-PR set candidate. No upstream restoration applies in this cure.
src/agents/subagents/registry/subagent-registry-run-launch.ts	4	aecd239a54e3e00a7329e222b74b2b3008fa230a	61f57f3ec3742f3dadef63018e6c3c6a8a35b5f2	+28/-4	b5f1960fd4d:merge: backmerge frozen upstream into continuation|c608d1f2bf2:fix: preserve optional task ownership|6be6484bd9f:fix: close continuation gate debt|dfe2d49b2cb:refactor: close continuation gate ratchets	No current-upstream hunk exists: UPSTREAM:path equals OLD_MERGE_BASE:path at aecd239a54e3e00a7329e222b74b2b3008fa230a. CANDIDATE preserves accepted SOURCE blob 61f57f3ec3742f3dadef63018e6c3c6a8a35b5f2; the accepted +28/-4 overlay from b5f1960fd4d:merge: backmerge frozen upstream into continuation|c608d1f2bf2:fix: preserve optional task ownership|6be6484bd9f:fix: close continuation gate debt|dfe2d49b2cb:refactor: close continuation gate ratchets supersedes the 4-line post-PR set candidate. No upstream restoration applies in this cure.
src/agents/subagents/registry/subagent-registry-run-recovery.ts	2	d18b24d5fa9ac1bcbe5e7116555fdad08b973898	e4872b31514d4e3accde68e1453d8025aa21cd57	+106/-2	b5f1960fd4d:merge: backmerge frozen upstream into continuation|dfe2d49b2cb:refactor: close continuation gate ratchets	No current-upstream hunk exists: UPSTREAM:path equals OLD_MERGE_BASE:path at d18b24d5fa9ac1bcbe5e7116555fdad08b973898. CANDIDATE preserves accepted SOURCE blob e4872b31514d4e3accde68e1453d8025aa21cd57; the accepted +106/-2 overlay from b5f1960fd4d:merge: backmerge frozen upstream into continuation|dfe2d49b2cb:refactor: close continuation gate ratchets supersedes the 2-line post-PR set candidate. No upstream restoration applies in this cure.
src/agents/subagents/registry/subagent-registry-run-wait.ts	3	793c527510b9dcd0c2b9e0bc251c5930b6d58be4	d021eb91bd109beded2c93ab6e41bbc30ada0a89	+2/-4	b5f1960fd4d:merge: backmerge frozen upstream into continuation|f2cc523f491:Merge upstream eb63cb148 into continuation assembly|dfe2d49b2cb:refactor: close continuation gate ratchets	No current-upstream hunk exists: UPSTREAM:path equals OLD_MERGE_BASE:path at 793c527510b9dcd0c2b9e0bc251c5930b6d58be4. CANDIDATE preserves accepted SOURCE blob d021eb91bd109beded2c93ab6e41bbc30ada0a89; the accepted +2/-4 overlay from b5f1960fd4d:merge: backmerge frozen upstream into continuation|f2cc523f491:Merge upstream eb63cb148 into continuation assembly|dfe2d49b2cb:refactor: close continuation gate ratchets supersedes the 3-line post-PR set candidate. No upstream restoration applies in this cure.
src/agents/subagents/registry/subagent-registry-sweep-kill.ts	1	00978542df0cd4f4179ec9d983b4bb92d4272be9	4a64fda8fc6c1083db2ed44e12057f0fc391013a	+79/-1	a316a17ca0d:merge: absorb upstream/main drift and follow the session-path renames|056bdf88295:Merge upstream/main (750d0dcd9e7) into 1172 continuation assembly	No current-upstream hunk exists: UPSTREAM:path equals OLD_MERGE_BASE:path at 00978542df0cd4f4179ec9d983b4bb92d4272be9. CANDIDATE preserves accepted SOURCE blob 4a64fda8fc6c1083db2ed44e12057f0fc391013a; the accepted +79/-1 overlay from a316a17ca0d:merge: absorb upstream/main drift and follow the session-path renames|056bdf88295:Merge upstream/main (750d0dcd9e7) into 1172 continuation assembly supersedes the 1-line post-PR set candidate. No upstream restoration applies in this cure.
src/agents/subagents/registry/subagent-registry-sweeper-recovery.test.ts	3	faed61f5d0d1b46f7dd2877de47bf179bd38c246	116ae2eedc6ed3a9c9202bacf85f519f7fc68f0a	+108/-3	3b33188c6d4:merge: absorb upstream/main into continuation assembly|056bdf88295:Merge upstream/main (750d0dcd9e7) into 1172 continuation assembly	No current-upstream hunk exists: UPSTREAM:path equals OLD_MERGE_BASE:path at faed61f5d0d1b46f7dd2877de47bf179bd38c246. CANDIDATE preserves accepted SOURCE blob 116ae2eedc6ed3a9c9202bacf85f519f7fc68f0a; the accepted +108/-3 overlay from 3b33188c6d4:merge: absorb upstream/main into continuation assembly|056bdf88295:Merge upstream/main (750d0dcd9e7) into 1172 continuation assembly supersedes the 3-line post-PR set candidate. No upstream restoration applies in this cure.
src/agents/subagents/registry/subagent-registry-sweeper.ts	53	71666d00b2c727832cc4fdbb1f438fb261268b25	14f076b106812832b7f5b9ae59a531824fb7e336	+53/-72	2cf1c4dba1a:Merge upstream main into continuation assembly|3f8d6503dde:Merge upstream main 530b33e4 into continuation assembly|3b33188c6d4:merge: absorb upstream/main into continuation assembly|056bdf88295:Merge upstream/main (750d0dcd9e7) into 1172 continuation assembly	No current-upstream hunk exists: UPSTREAM:path equals OLD_MERGE_BASE:path at 71666d00b2c727832cc4fdbb1f438fb261268b25. CANDIDATE preserves accepted SOURCE blob 14f076b106812832b7f5b9ae59a531824fb7e336; the accepted +53/-72 overlay from 2cf1c4dba1a:Merge upstream main into continuation assembly|3f8d6503dde:Merge upstream main 530b33e4 into continuation assembly|3b33188c6d4:merge: absorb upstream/main into continuation assembly|056bdf88295:Merge upstream/main (750d0dcd9e7) into 1172 continuation assembly supersedes the 53-line post-PR set candidate. No upstream restoration applies in this cure.
src/agents/subagents/registry/subagent-registry.persistence.test.ts	104	6f2450077f1ea1852d348e4cd96c4dc905a8efd1	f8b98ee5174254b4fb10e4f036cea55a839674f0	+99/-172	b5f1960fd4d:merge: backmerge frozen upstream into continuation|9507800800a:merge: absorb upstream/main into continuation assembly|919b8cd160f:fix(lint): drop three vestigial imports left by the concept-directory merge|056bdf88295:Merge upstream/main (750d0dcd9e7) into 1172 continuation assembly	No current-upstream hunk exists: UPSTREAM:path equals OLD_MERGE_BASE:path at 6f2450077f1ea1852d348e4cd96c4dc905a8efd1. CANDIDATE preserves accepted SOURCE blob f8b98ee5174254b4fb10e4f036cea55a839674f0; the accepted +99/-172 overlay from b5f1960fd4d:merge: backmerge frozen upstream into continuation|9507800800a:merge: absorb upstream/main into continuation assembly|919b8cd160f:fix(lint): drop three vestigial imports left by the concept-directory merge|056bdf88295:Merge upstream/main (750d0dcd9e7) into 1172 continuation assembly supersedes the 104-line post-PR set candidate. No upstream restoration applies in this cure.
src/agents/subagents/registry/subagent-registry.test.ts	4	f0eae216e48b16ae27f7ee488a5bf14d4180db34	22c5591360c8f19c264d802c76d1451dd2ffa260	+403/-6	b5f1960fd4d:merge: backmerge frozen upstream into continuation|c608d1f2bf2:fix: preserve optional task ownership|3f8d6503dde:Merge upstream main 530b33e4 into continuation assembly|a316a17ca0d:merge: absorb upstream/main drift and follow the session-path renames|7464b874e55:merge: absorb upstream/main drift|9507800800a:merge: absorb upstream/main into continuation assembly|056bdf88295:Merge upstream/main (750d0dcd9e7) into 1172 continuation assembly	No current-upstream hunk exists: UPSTREAM:path equals OLD_MERGE_BASE:path at f0eae216e48b16ae27f7ee488a5bf14d4180db34. CANDIDATE preserves accepted SOURCE blob 22c5591360c8f19c264d802c76d1451dd2ffa260; the accepted +403/-6 overlay from b5f1960fd4d:merge: backmerge frozen upstream into continuation|c608d1f2bf2:fix: preserve optional task ownership|3f8d6503dde:Merge upstream main 530b33e4 into continuation assembly|a316a17ca0d:merge: absorb upstream/main drift and follow the session-path renames|7464b874e55:merge: absorb upstream/main drift|9507800800a:merge: absorb upstream/main into continuation assembly|056bdf88295:Merge upstream/main (750d0dcd9e7) into 1172 continuation assembly supersedes the 4-line post-PR set candidate. No upstream restoration applies in this cure.
src/agents/subagents/registry/subagent-registry.ts	3	ba508619a51b4aa283b585f97a0bf813e59ac113	c1363d07c4752aca5446c9626885d7ff5f21af2a	+79/-4	b5f1960fd4d:merge: backmerge frozen upstream into continuation|ff3e0dd6337:Repair frozen upstream merge unions|3f8d6503dde:Merge upstream main 530b33e4 into continuation assembly|196e61740af:merge: absorb upstream/main drift|3b33188c6d4:merge: absorb upstream/main into continuation assembly|9507800800a:merge: absorb upstream/main into continuation assembly|056bdf88295:Merge upstream/main (750d0dcd9e7) into 1172 continuation assembly	No current-upstream hunk exists: UPSTREAM:path equals OLD_MERGE_BASE:path at ba508619a51b4aa283b585f97a0bf813e59ac113. CANDIDATE preserves accepted SOURCE blob c1363d07c4752aca5446c9626885d7ff5f21af2a; the accepted +79/-4 overlay from b5f1960fd4d:merge: backmerge frozen upstream into continuation|ff3e0dd6337:Repair frozen upstream merge unions|3f8d6503dde:Merge upstream main 530b33e4 into continuation assembly|196e61740af:merge: absorb upstream/main drift|3b33188c6d4:merge: absorb upstream/main into continuation assembly|9507800800a:merge: absorb upstream/main into continuation assembly|056bdf88295:Merge upstream/main (750d0dcd9e7) into 1172 continuation assembly supersedes the 3-line post-PR set candidate. No upstream restoration applies in this cure.
src/agents/subagents/registry/subagent-registry.types.ts	1	90a1954557eb757f8ac7227a3f77be4a5e07f29f	ad9d8b773ddf144d8524552f814822acc475fd5d	+25/-1	b5f1960fd4d:merge: backmerge frozen upstream into continuation|3f8d6503dde:Merge upstream main 530b33e4 into continuation assembly|9507800800a:merge: absorb upstream/main into continuation assembly|b186a132756:fix(gateway): break announce/spawn session-utils madge cycle|056bdf88295:Merge upstream/main (750d0dcd9e7) into 1172 continuation assembly	No current-upstream hunk exists: UPSTREAM:path equals OLD_MERGE_BASE:path at 90a1954557eb757f8ac7227a3f77be4a5e07f29f. CANDIDATE preserves accepted SOURCE blob ad9d8b773ddf144d8524552f814822acc475fd5d; the accepted +25/-1 overlay from b5f1960fd4d:merge: backmerge frozen upstream into continuation|3f8d6503dde:Merge upstream main 530b33e4 into continuation assembly|9507800800a:merge: absorb upstream/main into continuation assembly|b186a132756:fix(gateway): break announce/spawn session-utils madge cycle|056bdf88295:Merge upstream/main (750d0dcd9e7) into 1172 continuation assembly supersedes the 1-line post-PR set candidate. No upstream restoration applies in this cure.
src/agents/subagents/registry/subagent-run-liveness.ts	5	41fdd6dbf11c5feb916a8edcbe71cebb050dc9aa	9fd514a5fe2d36044420d990f334a79401e95933	+63/-5	056bdf88295:Merge upstream/main (750d0dcd9e7) into 1172 continuation assembly	No current-upstream hunk exists: UPSTREAM:path equals OLD_MERGE_BASE:path at 41fdd6dbf11c5feb916a8edcbe71cebb050dc9aa. CANDIDATE preserves accepted SOURCE blob 9fd514a5fe2d36044420d990f334a79401e95933; the accepted +63/-5 overlay from 056bdf88295:Merge upstream/main (750d0dcd9e7) into 1172 continuation assembly supersedes the 5-line post-PR set candidate. No upstream restoration applies in this cure.
src/agents/subagents/registry/subagent-session-cleanup.ts	2	56ead58ece825dbcd717c4825e1e6ebaa200fb27	45d2d586939038e6bd622cef1dd43a99f2ee14fd	+95/-3	9507800800a:merge: absorb upstream/main into continuation assembly|056bdf88295:Merge upstream/main (750d0dcd9e7) into 1172 continuation assembly	No current-upstream hunk exists: UPSTREAM:path equals OLD_MERGE_BASE:path at 56ead58ece825dbcd717c4825e1e6ebaa200fb27. CANDIDATE preserves accepted SOURCE blob 45d2d586939038e6bd622cef1dd43a99f2ee14fd; the accepted +95/-3 overlay from 9507800800a:merge: absorb upstream/main into continuation assembly|056bdf88295:Merge upstream/main (750d0dcd9e7) into 1172 continuation assembly supersedes the 2-line post-PR set candidate. No upstream restoration applies in this cure.
src/agents/subagents/registry/subagent-session-reconciliation.ts	1	669dc0a265dbca99665c02ff3d844bcff3d58f43	1b4ef684820b1f5034e4c59054eb986fb889de84	+1/-1	d54403ab018:merge: absorb current upstream 23854c39 into continuation candidate|a316a17ca0d:merge: absorb upstream/main drift and follow the session-path renames|b186a132756:fix(gateway): break announce/spawn session-utils madge cycle	No current-upstream hunk exists: UPSTREAM:path equals OLD_MERGE_BASE:path at 669dc0a265dbca99665c02ff3d844bcff3d58f43. CANDIDATE preserves accepted SOURCE blob 1b4ef684820b1f5034e4c59054eb986fb889de84; the accepted +1/-1 overlay from d54403ab018:merge: absorb current upstream 23854c39 into continuation candidate|a316a17ca0d:merge: absorb upstream/main drift and follow the session-path renames|b186a132756:fix(gateway): break announce/spawn session-utils madge cycle supersedes the 1-line post-PR set candidate. No upstream restoration applies in this cure.
src/agents/subagents/spawn/acp-spawn-parent-stream.test.ts	2	ef28d34a63bf938ef1ef62247a97f2dd7718cfb5	206a24e787a74ef51a4acd88919f9e778950c4d9	+2/-2	6be6484bd9f:fix: close continuation gate debt	No current-upstream hunk exists: UPSTREAM:path equals OLD_MERGE_BASE:path at ef28d34a63bf938ef1ef62247a97f2dd7718cfb5. CANDIDATE preserves accepted SOURCE blob 206a24e787a74ef51a4acd88919f9e778950c4d9; the accepted +2/-2 overlay from 6be6484bd9f:fix: close continuation gate debt supersedes the 2-line post-PR set candidate. No upstream restoration applies in this cure.
src/agents/subagents/spawn/acp-spawn-parent-stream.ts	2	194d7e32d8a9df1e64d8e427ae48ae4cf898ffcb	077c8a98568512a8461c0959f83ac336f5f2d7dd	+2/-2	6be6484bd9f:fix: close continuation gate debt	No current-upstream hunk exists: UPSTREAM:path equals OLD_MERGE_BASE:path at 194d7e32d8a9df1e64d8e427ae48ae4cf898ffcb. CANDIDATE preserves accepted SOURCE blob 077c8a98568512a8461c0959f83ac336f5f2d7dd; the accepted +2/-2 overlay from 6be6484bd9f:fix: close continuation gate debt supersedes the 2-line post-PR set candidate. No upstream restoration applies in this cure.
src/agents/subagents/spawn/acp-spawn.test.ts	1	7222e0b95c60c172c67aed60593944bb9a980259	2be036cb431c1c62427bcba37f04250dd469fb46	+5/-1	b5f1960fd4d:merge: backmerge frozen upstream into continuation|2cf1c4dba1a:Merge upstream main into continuation assembly|f2cc523f491:Merge upstream eb63cb148 into continuation assembly|3f8d6503dde:Merge upstream main 530b33e4 into continuation assembly|a316a17ca0d:merge: absorb upstream/main drift and follow the session-path renames|0121445304c:fix(sessions): follow upstream's session-accessor renames through our surface|196e61740af:merge: absorb upstream/main drift|9507800800a:merge: absorb upstream/main into continuation assembly|056bdf88295:Merge upstream/main (750d0dcd9e7) into 1172 continuation assembly|324fef4071d:Merge remote-tracking branch 'upstream/main' into scribe/20260809/backmerge-upstream	No current-upstream hunk exists: UPSTREAM:path equals OLD_MERGE_BASE:path at 7222e0b95c60c172c67aed60593944bb9a980259. CANDIDATE preserves accepted SOURCE blob 2be036cb431c1c62427bcba37f04250dd469fb46; the accepted +5/-1 overlay from b5f1960fd4d:merge: backmerge frozen upstream into continuation|2cf1c4dba1a:Merge upstream main into continuation assembly|f2cc523f491:Merge upstream eb63cb148 into continuation assembly|3f8d6503dde:Merge upstream main 530b33e4 into continuation assembly|a316a17ca0d:merge: absorb upstream/main drift and follow the session-path renames|0121445304c:fix(sessions): follow upstream's session-accessor renames through our surface|196e61740af:merge: absorb upstream/main drift|9507800800a:merge: absorb upstream/main into continuation assembly|056bdf88295:Merge upstream/main (750d0dcd9e7) into 1172 continuation assembly|324fef4071d:Merge remote-tracking branch 'upstream/main' into scribe/20260809/backmerge-upstream supersedes the 1-line post-PR set candidate. No upstream restoration applies in this cure.
src/agents/subagents/spawn/subagent-attachments.ts	95	ce5692125a4063e565c117c5debecec5614195c3	fb0eaaceb0999545693b364bdb5ed226cea6a298	+189/-144	26d6e1b5857:test: repair final validation boundaries|b5f1960fd4d:merge: backmerge frozen upstream into continuation|ff3e0dd6337:Repair frozen upstream merge unions|f2cc523f491:Merge upstream eb63cb148 into continuation assembly|056bdf88295:Merge upstream/main (750d0dcd9e7) into 1172 continuation assembly	No current-upstream hunk exists: UPSTREAM:path equals OLD_MERGE_BASE:path at ce5692125a4063e565c117c5debecec5614195c3. CANDIDATE preserves accepted SOURCE blob fb0eaaceb0999545693b364bdb5ed226cea6a298; the accepted +189/-144 overlay from 26d6e1b5857:test: repair final validation boundaries|b5f1960fd4d:merge: backmerge frozen upstream into continuation|ff3e0dd6337:Repair frozen upstream merge unions|f2cc523f491:Merge upstream eb63cb148 into continuation assembly|056bdf88295:Merge upstream/main (750d0dcd9e7) into 1172 continuation assembly supersedes the 95-line post-PR set candidate. No upstream restoration applies in this cure.
src/agents/subagents/spawn/subagent-spawn-cleanup.test.ts	17	d2b4ebe2694d725b4e1a81fadda61733f13e79ef	88c502bea9d5cfe059a16ccab5c35dc2a9aa32de	+76/-29	324fef4071d:Merge remote-tracking branch 'upstream/main' into scribe/20260809/backmerge-upstream	No current-upstream hunk exists: UPSTREAM:path equals OLD_MERGE_BASE:path at d2b4ebe2694d725b4e1a81fadda61733f13e79ef. CANDIDATE preserves accepted SOURCE blob 88c502bea9d5cfe059a16ccab5c35dc2a9aa32de; the accepted +76/-29 overlay from 324fef4071d:Merge remote-tracking branch 'upstream/main' into scribe/20260809/backmerge-upstream supersedes the 17-line post-PR set candidate. No upstream restoration applies in this cure.
src/agents/subagents/spawn/subagent-spawn-cleanup.ts	19	7dece3b904665bb48ecff1e5e972acd088e3a4be	92d73275648068866fc93c1b8389c84fba7562a5	+55/-27	ff3e0dd6337:Repair frozen upstream merge unions|056bdf88295:Merge upstream/main (750d0dcd9e7) into 1172 continuation assembly|324fef4071d:Merge remote-tracking branch 'upstream/main' into scribe/20260809/backmerge-upstream	No current-upstream hunk exists: UPSTREAM:path equals OLD_MERGE_BASE:path at 7dece3b904665bb48ecff1e5e972acd088e3a4be. CANDIDATE preserves accepted SOURCE blob 92d73275648068866fc93c1b8389c84fba7562a5; the accepted +55/-27 overlay from ff3e0dd6337:Repair frozen upstream merge unions|056bdf88295:Merge upstream/main (750d0dcd9e7) into 1172 continuation assembly|324fef4071d:Merge remote-tracking branch 'upstream/main' into scribe/20260809/backmerge-upstream supersedes the 19-line post-PR set candidate. No upstream restoration applies in this cure.
src/agents/subagents/spawn/subagent-spawn-session-patch.ts	13	51ea62862eb58145d5ae29232d120fc472230000	fb2007592cabcce389e567e3f149cf3a73044642	+0/-30	2cf1c4dba1a:Merge upstream main into continuation assembly|a316a17ca0d:merge: absorb upstream/main drift and follow the session-path renames|324fef4071d:Merge remote-tracking branch 'upstream/main' into scribe/20260809/backmerge-upstream	No current-upstream hunk exists: UPSTREAM:path equals OLD_MERGE_BASE:path at 51ea62862eb58145d5ae29232d120fc472230000. CANDIDATE preserves accepted SOURCE blob fb2007592cabcce389e567e3f149cf3a73044642; the accepted +0/-30 overlay from 2cf1c4dba1a:Merge upstream main into continuation assembly|a316a17ca0d:merge: absorb upstream/main drift and follow the session-path renames|324fef4071d:Merge remote-tracking branch 'upstream/main' into scribe/20260809/backmerge-upstream supersedes the 13-line post-PR set candidate. No upstream restoration applies in this cure.
src/agents/subagents/spawn/subagent-spawn.attachments.test.ts	4	f757f411a39985b7932eec60bc7a23693783a2c1	884976f948f308da0222acd8b26086751b9dcaf9	+307/-5	b5f1960fd4d:merge: backmerge frozen upstream into continuation|324fef4071d:Merge remote-tracking branch 'upstream/main' into scribe/20260809/backmerge-upstream	No current-upstream hunk exists: UPSTREAM:path equals OLD_MERGE_BASE:path at f757f411a39985b7932eec60bc7a23693783a2c1. CANDIDATE preserves accepted SOURCE blob 884976f948f308da0222acd8b26086751b9dcaf9; the accepted +307/-5 overlay from b5f1960fd4d:merge: backmerge frozen upstream into continuation|324fef4071d:Merge remote-tracking branch 'upstream/main' into scribe/20260809/backmerge-upstream supersedes the 4-line post-PR set candidate. No upstream restoration applies in this cure.
src/agents/subagents/spawn/subagent-spawn.model-session.test.ts	8	73c81f27a6b8a8e389b67c7577d52a16fee152ef	c4ec042f85855cc55193d8710efcfba38ad8c29b	+71/-13	056bdf88295:Merge upstream/main (750d0dcd9e7) into 1172 continuation assembly|324fef4071d:Merge remote-tracking branch 'upstream/main' into scribe/20260809/backmerge-upstream	No current-upstream hunk exists: UPSTREAM:path equals OLD_MERGE_BASE:path at 73c81f27a6b8a8e389b67c7577d52a16fee152ef. CANDIDATE preserves accepted SOURCE blob c4ec042f85855cc55193d8710efcfba38ad8c29b; the accepted +71/-13 overlay from 056bdf88295:Merge upstream/main (750d0dcd9e7) into 1172 continuation assembly|324fef4071d:Merge remote-tracking branch 'upstream/main' into scribe/20260809/backmerge-upstream supersedes the 8-line post-PR set candidate. No upstream restoration applies in this cure.
src/agents/subagents/spawn/subagent-spawn.runtime.ts	1	70e54e3ca43a181028f628470097991e82e784cf	2eedaf5c82e396f55605fe30a843ac7e06727245	+4/-1	b5f1960fd4d:merge: backmerge frozen upstream into continuation|a316a17ca0d:merge: absorb upstream/main drift and follow the session-path renames|b186a132756:fix(gateway): break announce/spawn session-utils madge cycle	No current-upstream hunk exists: UPSTREAM:path equals OLD_MERGE_BASE:path at 70e54e3ca43a181028f628470097991e82e784cf. CANDIDATE preserves accepted SOURCE blob 2eedaf5c82e396f55605fe30a843ac7e06727245; the accepted +4/-1 overlay from b5f1960fd4d:merge: backmerge frozen upstream into continuation|a316a17ca0d:merge: absorb upstream/main drift and follow the session-path renames|b186a132756:fix(gateway): break announce/spawn session-utils madge cycle supersedes the 1-line post-PR set candidate. No upstream restoration applies in this cure.
src/agents/subagents/spawn/subagent-spawn.test-helpers.ts	3	ce88d6c310621ced5e8ffb09be5f7b0c575b5add	b6688331c8838dbfc419340bb1986b35c73052db	+16/-3	b5f1960fd4d:merge: backmerge frozen upstream into continuation|f2cc523f491:Merge upstream eb63cb148 into continuation assembly|a316a17ca0d:merge: absorb upstream/main drift and follow the session-path renames|056bdf88295:Merge upstream/main (750d0dcd9e7) into 1172 continuation assembly|324fef4071d:Merge remote-tracking branch 'upstream/main' into scribe/20260809/backmerge-upstream	No current-upstream hunk exists: UPSTREAM:path equals OLD_MERGE_BASE:path at ce88d6c310621ced5e8ffb09be5f7b0c575b5add. CANDIDATE preserves accepted SOURCE blob b6688331c8838dbfc419340bb1986b35c73052db; the accepted +16/-3 overlay from b5f1960fd4d:merge: backmerge frozen upstream into continuation|f2cc523f491:Merge upstream eb63cb148 into continuation assembly|a316a17ca0d:merge: absorb upstream/main drift and follow the session-path renames|056bdf88295:Merge upstream/main (750d0dcd9e7) into 1172 continuation assembly|324fef4071d:Merge remote-tracking branch 'upstream/main' into scribe/20260809/backmerge-upstream supersedes the 3-line post-PR set candidate. No upstream restoration applies in this cure.
src/agents/subagents/spawn/subagent-spawn.test.ts	1	aef4f017f851ed4969e74db8fa1bbbf0102d212a	1867be78b5ab087fae07c32c179eff060d99741e	+230/-1	b5f1960fd4d:merge: backmerge frozen upstream into continuation|2cf1c4dba1a:Merge upstream main into continuation assembly|f2cc523f491:Merge upstream eb63cb148 into continuation assembly|3f8d6503dde:Merge upstream main 530b33e4 into continuation assembly|056bdf88295:Merge upstream/main (750d0dcd9e7) into 1172 continuation assembly|90b055341a1:Merge upstream/main into the continuation assembly candidate|534ff0add89:fix(test): correct relative import depth for subagent-continuation-ids|324fef4071d:Merge remote-tracking branch 'upstream/main' into scribe/20260809/backmerge-upstream	No current-upstream hunk exists: UPSTREAM:path equals OLD_MERGE_BASE:path at aef4f017f851ed4969e74db8fa1bbbf0102d212a. CANDIDATE preserves accepted SOURCE blob 1867be78b5ab087fae07c32c179eff060d99741e; the accepted +230/-1 overlay from b5f1960fd4d:merge: backmerge frozen upstream into continuation|2cf1c4dba1a:Merge upstream main into continuation assembly|f2cc523f491:Merge upstream eb63cb148 into continuation assembly|3f8d6503dde:Merge upstream main 530b33e4 into continuation assembly|056bdf88295:Merge upstream/main (750d0dcd9e7) into 1172 continuation assembly|90b055341a1:Merge upstream/main into the continuation assembly candidate|534ff0add89:fix(test): correct relative import depth for subagent-continuation-ids|324fef4071d:Merge remote-tracking branch 'upstream/main' into scribe/20260809/backmerge-upstream supersedes the 1-line post-PR set candidate. No upstream restoration applies in this cure.
src/agents/subagents/spawn/subagent-spawn.ts	91	0d0bcb3a41d8a4ff24e180b70ffcd9dfb4cc7bc4	9ce8ebb486fd286a4d1816deee3953bbea40cc96	+104/-128	b5f1960fd4d:merge: backmerge frozen upstream into continuation|04ed3627482:fix: close Gate 3 static regressions|2cf1c4dba1a:Merge upstream main into continuation assembly|3f8d6503dde:Merge upstream main 530b33e4 into continuation assembly|056bdf88295:Merge upstream/main (750d0dcd9e7) into 1172 continuation assembly|a4f25012bdd:style: apply oxfmt canonical import ordering to three continuation files|324fef4071d:Merge remote-tracking branch 'upstream/main' into scribe/20260809/backmerge-upstream	No current-upstream hunk exists: UPSTREAM:path equals OLD_MERGE_BASE:path at 0d0bcb3a41d8a4ff24e180b70ffcd9dfb4cc7bc4. CANDIDATE preserves accepted SOURCE blob 9ce8ebb486fd286a4d1816deee3953bbea40cc96; the accepted +104/-128 overlay from b5f1960fd4d:merge: backmerge frozen upstream into continuation|04ed3627482:fix: close Gate 3 static regressions|2cf1c4dba1a:Merge upstream main into continuation assembly|3f8d6503dde:Merge upstream main 530b33e4 into continuation assembly|056bdf88295:Merge upstream/main (750d0dcd9e7) into 1172 continuation assembly|a4f25012bdd:style: apply oxfmt canonical import ordering to three continuation files|324fef4071d:Merge remote-tracking branch 'upstream/main' into scribe/20260809/backmerge-upstream supersedes the 91-line post-PR set candidate. No upstream restoration applies in this cure.
src/agents/tool-display-config.ts	95	2b6e39d95f5ddc89dc1ca2e1911c2c1a82653f3d	a2800e51ab8bd84b7aea07b3977f09f787fd9c52	+7/-150	b5f1960fd4d:merge: backmerge frozen upstream into continuation|2cf1c4dba1a:Merge upstream main into continuation assembly|3f8d6503dde:Merge upstream main 530b33e4 into continuation assembly|9507800800a:merge: absorb upstream/main into continuation assembly|31af61428a6:merge: absorb upstream drift and restore continuation tracing|eef6a0d1e88:refactor(agents): split tool display registries|18e02c2b5b3:fix(continuation): add managed delegate return claims|672bd50a7dc:Merge upstream 692310de into continuation assembly|b97ac9c852a:Merge upstream 53d600a into #1184 continuation candidate|23b00d51939:fix: close integration lint gates|228da670830:merge: absorb upstream lifecycle and cron ownership into assembly|d6ac137b148:Merge upstream c46cc1e2 into absorb branch|a05d8a41a26:merge: absorb frozen upstream for #1172|0dc146c8c57:Merge upstream main into #1172 cut candidate|8434785c49b:Merge upstream/main into #1172 assembly|e9e432d9cfa:Merge upstream/main into safe assembly|ff1dea44344:Merge upstream/main into assembly drift branch|d04ab6c5567:Merge upstream/main 190ca52882 (drift re-absorb #4) + prune stale deadcode allowlist|2e584ac4bea:merge: sync upstream/main (3d05da9a54) into drift-corrected tip; reconcile 6 conflicts|8e04d27f1a5:feat(continuation): replay drift-cure candidate onto upstream	No current-upstream hunk exists: UPSTREAM:path equals OLD_MERGE_BASE:path at 2b6e39d95f5ddc89dc1ca2e1911c2c1a82653f3d. CANDIDATE preserves accepted SOURCE blob a2800e51ab8bd84b7aea07b3977f09f787fd9c52; the accepted +7/-150 overlay from b5f1960fd4d:merge: backmerge frozen upstream into continuation|2cf1c4dba1a:Merge upstream main into continuation assembly|3f8d6503dde:Merge upstream main 530b33e4 into continuation assembly|9507800800a:merge: absorb upstream/main into continuation assembly|31af61428a6:merge: absorb upstream drift and restore continuation tracing|eef6a0d1e88:refactor(agents): split tool display registries|18e02c2b5b3:fix(continuation): add managed delegate return claims|672bd50a7dc:Merge upstream 692310de into continuation assembly|b97ac9c852a:Merge upstream 53d600a into #1184 continuation candidate|23b00d51939:fix: close integration lint gates|228da670830:merge: absorb upstream lifecycle and cron ownership into assembly|d6ac137b148:Merge upstream c46cc1e2 into absorb branch|a05d8a41a26:merge: absorb frozen upstream for #1172|0dc146c8c57:Merge upstream main into #1172 cut candidate|8434785c49b:Merge upstream/main into #1172 assembly|e9e432d9cfa:Merge upstream/main into safe assembly|ff1dea44344:Merge upstream/main into assembly drift branch|d04ab6c5567:Merge upstream/main 190ca52882 (drift re-absorb #4) + prune stale deadcode allowlist|2e584ac4bea:merge: sync upstream/main (3d05da9a54) into drift-corrected tip; reconcile 6 conflicts|8e04d27f1a5:feat(continuation): replay drift-cure candidate onto upstream supersedes the 95-line post-PR set candidate. No upstream restoration applies in this cure.
src/agents/tool-display-message-config.ts	89	b5f212588e96bb433f167dd0c692721223c199f0	219fe67b4976dc11e71a157d7cc56ee6ade20c3a	+131/-130	eef6a0d1e88:refactor(agents): split tool display registries	No current-upstream hunk exists: UPSTREAM:path equals OLD_MERGE_BASE:path at b5f212588e96bb433f167dd0c692721223c199f0. CANDIDATE preserves accepted SOURCE blob 219fe67b4976dc11e71a157d7cc56ee6ade20c3a; the accepted +131/-130 overlay from eef6a0d1e88:refactor(agents): split tool display registries supersedes the 89-line post-PR set candidate. No upstream restoration applies in this cure.
src/agents/tool-error-summary.ts	1	42b2c86af750913a2625b3108cc1e415edab17cd	054e7b2d50f364afcba641f47db414400a53ff6a	+16/-1	b5f1960fd4d:merge: backmerge frozen upstream into continuation|2cf1c4dba1a:Merge upstream main into continuation assembly|f2cc523f491:Merge upstream eb63cb148 into continuation assembly|ca5a25affc9:Merge upstream/main (cb50289e283) into 1172 continuation assembly|a491b32e26e:fix(gateway): harden validation terminal ownership|11d7c638245:merge: absorb upstream drift into assembly	No current-upstream hunk exists: UPSTREAM:path equals OLD_MERGE_BASE:path at 42b2c86af750913a2625b3108cc1e415edab17cd. CANDIDATE preserves accepted SOURCE blob 054e7b2d50f364afcba641f47db414400a53ff6a; the accepted +16/-1 overlay from b5f1960fd4d:merge: backmerge frozen upstream into continuation|2cf1c4dba1a:Merge upstream main into continuation assembly|f2cc523f491:Merge upstream eb63cb148 into continuation assembly|ca5a25affc9:Merge upstream/main (cb50289e283) into 1172 continuation assembly|a491b32e26e:fix(gateway): harden validation terminal ownership|11d7c638245:merge: absorb upstream drift into assembly supersedes the 1-line post-PR set candidate. No upstream restoration applies in this cure.
src/agents/tools-effective-inventory.test.ts	110	4c06bdbb77c9e5d9bccce6b087fa20dd1ef78315	e65c795e0df6706ca7f096af78d2d7393636f41e	+0/-318	e9a5ae9d12d:Merge upstream 0ea8d565 into CFC5 successor|b937a0d6d38:test: split inherited lint floor|5c496f41da0:Merge upstream/main into #1172 status-row assembly|166eaaa9bcb:Merge upstream/main into 1172 status row assembly|8e04d27f1a5:feat(continuation): replay drift-cure candidate onto upstream	No current-upstream hunk exists: UPSTREAM:path equals OLD_MERGE_BASE:path at 4c06bdbb77c9e5d9bccce6b087fa20dd1ef78315. CANDIDATE preserves accepted SOURCE blob e65c795e0df6706ca7f096af78d2d7393636f41e; the accepted +0/-318 overlay from e9a5ae9d12d:Merge upstream 0ea8d565 into CFC5 successor|b937a0d6d38:test: split inherited lint floor|5c496f41da0:Merge upstream/main into #1172 status-row assembly|166eaaa9bcb:Merge upstream/main into 1172 status row assembly|8e04d27f1a5:feat(continuation): replay drift-cure candidate onto upstream supersedes the 110-line post-PR set candidate. No upstream restoration applies in this cure.
src/agents/tools/media-generate-background-shared.ts	10	cf8b383549f2b5e818ad33e9d4c4f11d215ef86b	0b8686b3feea7f1a15b6427c17424261d1e7e04c	+10/-132	b5f1960fd4d:merge: backmerge frozen upstream into continuation|dfe2d49b2cb:refactor: close continuation gate ratchets|3f8d6503dde:Merge upstream main 530b33e4 into continuation assembly|3b33188c6d4:merge: absorb upstream/main into continuation assembly|056bdf88295:Merge upstream/main (750d0dcd9e7) into 1172 continuation assembly|ca5a25affc9:Merge upstream/main (cb50289e283) into 1172 continuation assembly|55fb755bebb:merge: absorb frozen upstream for WO-1217|b5bc4347c0d:Merge upstream 18c9f27e into #1219 F1 accepted head|009e4554627:fix: preserve generated media continuations	No current-upstream hunk exists: UPSTREAM:path equals OLD_MERGE_BASE:path at cf8b383549f2b5e818ad33e9d4c4f11d215ef86b. CANDIDATE preserves accepted SOURCE blob 0b8686b3feea7f1a15b6427c17424261d1e7e04c; the accepted +10/-132 overlay from b5f1960fd4d:merge: backmerge frozen upstream into continuation|dfe2d49b2cb:refactor: close continuation gate ratchets|3f8d6503dde:Merge upstream main 530b33e4 into continuation assembly|3b33188c6d4:merge: absorb upstream/main into continuation assembly|056bdf88295:Merge upstream/main (750d0dcd9e7) into 1172 continuation assembly|ca5a25affc9:Merge upstream/main (cb50289e283) into 1172 continuation assembly|55fb755bebb:merge: absorb frozen upstream for WO-1217|b5bc4347c0d:Merge upstream 18c9f27e into #1219 F1 accepted head|009e4554627:fix: preserve generated media continuations supersedes the 10-line post-PR set candidate. No upstream restoration applies in this cure.
src/agents/tools/sessions-spawn-tool.ts	8	4ac7f230d8fa2ad4ac88eefb3612cdf6811af666	013cd73e03456d157068c604fa389ae3be2d25b9	+12/-8	d54403ab018:merge: absorb current upstream 23854c39 into continuation candidate|2cf1c4dba1a:Merge upstream main into continuation assembly|f2cc523f491:Merge upstream eb63cb148 into continuation assembly|3b33188c6d4:merge: absorb upstream/main into continuation assembly|9507800800a:merge: absorb upstream/main into continuation assembly|056bdf88295:Merge upstream/main (750d0dcd9e7) into 1172 continuation assembly|324fef4071d:Merge remote-tracking branch 'upstream/main' into scribe/20260809/backmerge-upstream|ca5a25affc9:Merge upstream/main (cb50289e283) into 1172 continuation assembly|55fb755bebb:merge: absorb frozen upstream for WO-1217|9ed7fd20b49:merge: absorb upstream cc48aef into continuation assembly|726f4e2f9cc:Merge upstream after post-666 corrections|bae7eae11ab:Merge upstream/main into post-666 assembly candidate|203b83203a5:fix(continuation): bound serialized attachment snapshots|e534d1f15d2:fix(continuation): restore typed delegate input attachments	No current-upstream hunk exists: UPSTREAM:path equals OLD_MERGE_BASE:path at 4ac7f230d8fa2ad4ac88eefb3612cdf6811af666. CANDIDATE preserves accepted SOURCE blob 013cd73e03456d157068c604fa389ae3be2d25b9; the accepted +12/-8 overlay from d54403ab018:merge: absorb current upstream 23854c39 into continuation candidate|2cf1c4dba1a:Merge upstream main into continuation assembly|f2cc523f491:Merge upstream eb63cb148 into continuation assembly|3b33188c6d4:merge: absorb upstream/main into continuation assembly|9507800800a:merge: absorb upstream/main into continuation assembly|056bdf88295:Merge upstream/main (750d0dcd9e7) into 1172 continuation assembly|324fef4071d:Merge remote-tracking branch 'upstream/main' into scribe/20260809/backmerge-upstream|ca5a25affc9:Merge upstream/main (cb50289e283) into 1172 continuation assembly|55fb755bebb:merge: absorb frozen upstream for WO-1217|9ed7fd20b49:merge: absorb upstream cc48aef into continuation assembly|726f4e2f9cc:Merge upstream after post-666 corrections|bae7eae11ab:Merge upstream/main into post-666 assembly candidate|203b83203a5:fix(continuation): bound serialized attachment snapshots|e534d1f15d2:fix(continuation): restore typed delegate input attachments supersedes the 8-line post-PR set candidate. No upstream restoration applies in this cure.
src/agents/transcript-redact.ts	2	3792b439c44c5033fc897bbcf0e51053091b0233	21ebc1968c0292721baa7baa577e319be0feb189	+9/-2	d54403ab018:merge: absorb current upstream 23854c39 into continuation candidate|b5f1960fd4d:merge: backmerge frozen upstream into continuation|3f8d6503dde:Merge upstream main 530b33e4 into continuation assembly|ca5a25affc9:Merge upstream/main (cb50289e283) into 1172 continuation assembly|31af61428a6:merge: absorb upstream drift and restore continuation tracing|8abde93a5d1:Merge upstream 9aa24e8f into PR presentation assembly|543b02c5a24:fix(continuation): port attachment hardening to assembly|672bd50a7dc:Merge upstream 692310de into continuation assembly|52e1e670ba0:merge: absorb upstream through 0f066eec for #1172|4c10a0b22b5:merge: absorb upstream through 461583b5 for #1172|b1b6b2d68f8:merge: absorb upstream through 40c2d279 for #1172|0ff0add5e40:merge: absorb upstream through 025e6cee for #1172	No current-upstream hunk exists: UPSTREAM:path equals OLD_MERGE_BASE:path at 3792b439c44c5033fc897bbcf0e51053091b0233. CANDIDATE preserves accepted SOURCE blob 21ebc1968c0292721baa7baa577e319be0feb189; the accepted +9/-2 overlay from d54403ab018:merge: absorb current upstream 23854c39 into continuation candidate|b5f1960fd4d:merge: backmerge frozen upstream into continuation|3f8d6503dde:Merge upstream main 530b33e4 into continuation assembly|ca5a25affc9:Merge upstream/main (cb50289e283) into 1172 continuation assembly|31af61428a6:merge: absorb upstream drift and restore continuation tracing|8abde93a5d1:Merge upstream 9aa24e8f into PR presentation assembly|543b02c5a24:fix(continuation): port attachment hardening to assembly|672bd50a7dc:Merge upstream 692310de into continuation assembly|52e1e670ba0:merge: absorb upstream through 0f066eec for #1172|4c10a0b22b5:merge: absorb upstream through 461583b5 for #1172|b1b6b2d68f8:merge: absorb upstream through 40c2d279 for #1172|0ff0add5e40:merge: absorb upstream through 025e6cee for #1172 supersedes the 2-line post-PR set candidate. No upstream restoration applies in this cure.
src/auto-reply/reply/abort.test.ts	1	291ca4347821a30f8c2be4ea8239acd4998a3b85	3b31efee4f431a858e6fdbedcdd9ea54e6e3904a	+2/-1	2cf1c4dba1a:Merge upstream main into continuation assembly|a316a17ca0d:merge: absorb upstream/main drift and follow the session-path renames|1f1e12d846e:fix(test): complete the auto-reply read-surface mocks	No current-upstream hunk exists: UPSTREAM:path equals OLD_MERGE_BASE:path at 291ca4347821a30f8c2be4ea8239acd4998a3b85. CANDIDATE preserves accepted SOURCE blob 3b31efee4f431a858e6fdbedcdd9ea54e6e3904a; the accepted +2/-1 overlay from 2cf1c4dba1a:Merge upstream main into continuation assembly|a316a17ca0d:merge: absorb upstream/main drift and follow the session-path renames|1f1e12d846e:fix(test): complete the auto-reply read-surface mocks supersedes the 1-line post-PR set candidate. No upstream restoration applies in this cure.
src/auto-reply/reply/agent-runner-cli-candidate.ts	1	c95474cfee58be8fd4b46057b3472409e56f7202	d74b367395f46bb662635b4885ed8cf9ed8c88ea	+1/-1	d54403ab018:merge: absorb current upstream 23854c39 into continuation candidate|b5f1960fd4d:merge: backmerge frozen upstream into continuation|2cf1c4dba1a:Merge upstream main into continuation assembly|f2cc523f491:Merge upstream eb63cb148 into continuation assembly|3f8d6503dde:Merge upstream main 530b33e4 into continuation assembly|9507800800a:merge: absorb upstream/main into continuation assembly|90b055341a1:Merge upstream/main into the continuation assembly candidate|0dd8008463d:merge: absorb upstream 480e0c0 into PR presentation assembly|cb73c7db50c:Merge upstream f4387b7a into PR presentation assembly|164351fe76c:merge: absorb final frozen upstream for WO-1217|55fb755bebb:merge: absorb frozen upstream for WO-1217|2615e52048d:merge(1205): absorb current upstream f9207db3 into continuation base 4c5bd846|9ed7fd20b49:merge: absorb upstream cc48aef into continuation assembly|672bd50a7dc:Merge upstream 692310de into continuation assembly|228da670830:merge: absorb upstream lifecycle and cron ownership into assembly	No current-upstream hunk exists: UPSTREAM:path equals OLD_MERGE_BASE:path at c95474cfee58be8fd4b46057b3472409e56f7202. CANDIDATE preserves accepted SOURCE blob d74b367395f46bb662635b4885ed8cf9ed8c88ea; the accepted +1/-1 overlay from d54403ab018:merge: absorb current upstream 23854c39 into continuation candidate|b5f1960fd4d:merge: backmerge frozen upstream into continuation|2cf1c4dba1a:Merge upstream main into continuation assembly|f2cc523f491:Merge upstream eb63cb148 into continuation assembly|3f8d6503dde:Merge upstream main 530b33e4 into continuation assembly|9507800800a:merge: absorb upstream/main into continuation assembly|90b055341a1:Merge upstream/main into the continuation assembly candidate|0dd8008463d:merge: absorb upstream 480e0c0 into PR presentation assembly|cb73c7db50c:Merge upstream f4387b7a into PR presentation assembly|164351fe76c:merge: absorb final frozen upstream for WO-1217|55fb755bebb:merge: absorb frozen upstream for WO-1217|2615e52048d:merge(1205): absorb current upstream f9207db3 into continuation base 4c5bd846|9ed7fd20b49:merge: absorb upstream cc48aef into continuation assembly|672bd50a7dc:Merge upstream 692310de into continuation assembly|228da670830:merge: absorb upstream lifecycle and cron ownership into assembly supersedes the 1-line post-PR set candidate. No upstream restoration applies in this cure.
src/auto-reply/reply/agent-runner-execution.ts	42	518489c3bff17f9282d5560192981262129176a7	d06f5b92b233dad15bd64859effbecf1eb98dfc4	+15/-58	b5f1960fd4d:merge: backmerge frozen upstream into continuation|2cf1c4dba1a:Merge upstream main into continuation assembly|f2cc523f491:Merge upstream eb63cb148 into continuation assembly|3f8d6503dde:Merge upstream main 530b33e4 into continuation assembly|9507800800a:merge: absorb upstream/main into continuation assembly|0dd8008463d:merge: absorb upstream 480e0c0 into PR presentation assembly|cb73c7db50c:Merge upstream f4387b7a into PR presentation assembly|53818a55db0:fix(continuation): preserve raw delegate fallback|164351fe76c:merge: absorb final frozen upstream for WO-1217|b5bc4347c0d:Merge upstream 18c9f27e into #1219 F1 accepted head|c07cb0b066b:fix(continuation): restore post-drift runner lifecycle|2e155cf622e:merge: absorb upstream through 20eda for continuation assembly|672bd50a7dc:Merge upstream 692310de into continuation assembly|b97ac9c852a:Merge upstream 53d600a into #1184 continuation candidate|228da670830:merge: absorb upstream lifecycle and cron ownership into assembly|a05d8a41a26:merge: absorb frozen upstream for #1172|7089291da21:refactor(continuation): delete delegate store facade|28903525687:refactor(auto-reply): move continuation parser to signal owner|c15743f18b6:temporary exact-tree LOC comparison|a5f393ca06c:merge: absorb upstream through 604c026409|4828d51f9fd:merge: absorb upstream main through a4cc24d113|83d0eba67f0:Merge remote-tracking branch 'upstream/main' into scribe/20260709/1172-status-row-assembly|8422e7613b9:Merge upstream/main into 1172 status row assembly|40d0fde6d33:Fix static gate lint findings|7043b6f9a0d:Merge upstream/main into 1172 status row assembly|977a63e8a4c:Merge upstream/main into #1172 safe assembly|d99dd096dd6:Merge upstream/main into #1172 safe assembly|42a449f9ad2:Merge upstream/main into #1172 safe assembly|a50f171de61:Merge upstream/main into #1172 assembly|8434785c49b:Merge upstream/main into #1172 assembly|56360c15761:Merge upstream/main into #1172 assembly|a9ea8e596e7:Backmerge upstream main into assembly after splay prune|ea06393bacf:Prune assembly splay before drift correction|7497a460d61:Merge upstream/main into assembly drift backmerge|ff1dea44344:Merge upstream/main into assembly drift branch|93dd8b01b3e:Merge upstream/main into continuation presentation|67f5a6dd9df:Merge upstream/main into assembly backmerge|0755b23bb5d:fix: release post-compaction delegates after manual compact|5503bd986c2:Merge remote-tracking branch 'upstream/main' into scribe/20260704/assembly-upstream-drift-backmerge|d3cfdf2dbf5:merge: absorb upstream main after 1159 fold|8c7930d64de:fix continuation review findings|71b082b6f5a:merge: absorb #1158 (codeagent/1144-assembly-review-followups) into assembly|44e26679302:fix(continuation): address 1158 review follow-ups|c8ff54907c6:Merge origin/main into assembly continuation branch|8df028d988e:fix(continuation): #1144 assembly review follow-ups (impl, tests pending)|6f6c6a4aeef:fix(continuation): re-stage volitional request_compaction delegates on double persistence failure (I2)|b2b7de036fb:Merge remote-tracking branch 'upstream/main' into frond-scribe/20260624/assembly-continuation-followons|f27e2483608:Merge upstream/main into assembly-continuation-followons|900fcc9d961:Merge upstream/main 2ea0e8807a (drift re-absorb #8 — restore mergeability)|d04ab6c5567:Merge upstream/main 190ca52882 (drift re-absorb #4) + prune stale deadcode allowlist|22bb2dd0dbe:Merge upstream/main (drift-absorb) into pr-presentation c814979|3dd788ce2ce:fix(continuation): route subagent continuation off the main lane (#1057 completion)|79f458516a8:migrate(continuation): route session-store calls through session-accessor facade (#1037)|1eec452a231:merge: resync presentation onto upstream/main dd7376fdcb|2e584ac4bea:merge: sync upstream/main (3d05da9a54) into drift-corrected tip; reconcile 6 conflicts|f05c7cb92d5:WIP dc2: merge upstream d89ab2c014 onto 077b261dd8 — agent-runner-execution.ts resolved (version-A, scout-confirmed); 5 files conflict-marked for prince byte-check|f01d8eeffeb:Merge remote-tracking branch 'origin/main' into HEAD|5f472fe8bf7:Merge remote-tracking branch 'upstream/main' into freshmerge-20260613|d2c7457b3ba:merge: drift-cure back-merge upstream/main into assembly-drift-cure (#999 post-cleanse)|d118c435610:Merge remote-tracking branch 'upstream/main' into frond-scribe/20260611/drift-preview-990|36bd8974000:fix(continuation): fan out multi continue_work() elections (#982)|09153e9f123:Back-merge upstream/main (7cdec28706) into continuation candidate 8b5dde6165 (history-preserving)|7dcc9d578ca:Back-merge upstream/main (ebb9c6a013) into continuation candidate e66dc63f (history-preserving)|e44f0a47486:fix: harden durable continue_work parity edges|5db6b71b7a4:Merge remote-tracking branch 'origin/frond-scribe/20260606/938-compaction-focus' into frond-scribe/20260606/assembly-stabilized|06799157ac3:feat: thread request compaction focus|63ddbdfc5a3:fix: restore upstream faithfulness for #935|8e04d27f1a5:feat(continuation): replay drift-cure candidate onto upstream	No current-upstream hunk exists: UPSTREAM:path equals OLD_MERGE_BASE:path at 518489c3bff17f9282d5560192981262129176a7. CANDIDATE preserves accepted SOURCE blob d06f5b92b233dad15bd64859effbecf1eb98dfc4; the accepted +15/-58 overlay from b5f1960fd4d:merge: backmerge frozen upstream into continuation|2cf1c4dba1a:Merge upstream main into continuation assembly|f2cc523f491:Merge upstream eb63cb148 into continuation assembly|3f8d6503dde:Merge upstream main 530b33e4 into continuation assembly|9507800800a:merge: absorb upstream/main into continuation assembly|0dd8008463d:merge: absorb upstream 480e0c0 into PR presentation assembly|cb73c7db50c:Merge upstream f4387b7a into PR presentation assembly|53818a55db0:fix(continuation): preserve raw delegate fallback|164351fe76c:merge: absorb final frozen upstream for WO-1217|b5bc4347c0d:Merge upstream 18c9f27e into #1219 F1 accepted head|c07cb0b066b:fix(continuation): restore post-drift runner lifecycle|2e155cf622e:merge: absorb upstream through 20eda for continuation assembly|672bd50a7dc:Merge upstream 692310de into continuation assembly|b97ac9c852a:Merge upstream 53d600a into #1184 continuation candidate|228da670830:merge: absorb upstream lifecycle and cron ownership into assembly|a05d8a41a26:merge: absorb frozen upstream for #1172|7089291da21:refactor(continuation): delete delegate store facade|28903525687:refactor(auto-reply): move continuation parser to signal owner|c15743f18b6:temporary exact-tree LOC comparison|a5f393ca06c:merge: absorb upstream through 604c026409|4828d51f9fd:merge: absorb upstream main through a4cc24d113|83d0eba67f0:Merge remote-tracking branch 'upstream/main' into scribe/20260709/1172-status-row-assembly|8422e7613b9:Merge upstream/main into 1172 status row assembly|40d0fde6d33:Fix static gate lint findings|7043b6f9a0d:Merge upstream/main into 1172 status row assembly|977a63e8a4c:Merge upstream/main into #1172 safe assembly|d99dd096dd6:Merge upstream/main into #1172 safe assembly|42a449f9ad2:Merge upstream/main into #1172 safe assembly|a50f171de61:Merge upstream/main into #1172 assembly|8434785c49b:Merge upstream/main into #1172 assembly|56360c15761:Merge upstream/main into #1172 assembly|a9ea8e596e7:Backmerge upstream main into assembly after splay prune|ea06393bacf:Prune assembly splay before drift correction|7497a460d61:Merge upstream/main into assembly drift backmerge|ff1dea44344:Merge upstream/main into assembly drift branch|93dd8b01b3e:Merge upstream/main into continuation presentation|67f5a6dd9df:Merge upstream/main into assembly backmerge|0755b23bb5d:fix: release post-compaction delegates after manual compact|5503bd986c2:Merge remote-tracking branch 'upstream/main' into scribe/20260704/assembly-upstream-drift-backmerge|d3cfdf2dbf5:merge: absorb upstream main after 1159 fold|8c7930d64de:fix continuation review findings|71b082b6f5a:merge: absorb #1158 (codeagent/1144-assembly-review-followups) into assembly|44e26679302:fix(continuation): address 1158 review follow-ups|c8ff54907c6:Merge origin/main into assembly continuation branch|8df028d988e:fix(continuation): #1144 assembly review follow-ups (impl, tests pending)|6f6c6a4aeef:fix(continuation): re-stage volitional request_compaction delegates on double persistence failure (I2)|b2b7de036fb:Merge remote-tracking branch 'upstream/main' into frond-scribe/20260624/assembly-continuation-followons|f27e2483608:Merge upstream/main into assembly-continuation-followons|900fcc9d961:Merge upstream/main 2ea0e8807a (drift re-absorb #8 — restore mergeability)|d04ab6c5567:Merge upstream/main 190ca52882 (drift re-absorb #4) + prune stale deadcode allowlist|22bb2dd0dbe:Merge upstream/main (drift-absorb) into pr-presentation c814979|3dd788ce2ce:fix(continuation): route subagent continuation off the main lane (#1057 completion)|79f458516a8:migrate(continuation): route session-store calls through session-accessor facade (#1037)|1eec452a231:merge: resync presentation onto upstream/main dd7376fdcb|2e584ac4bea:merge: sync upstream/main (3d05da9a54) into drift-corrected tip; reconcile 6 conflicts|f05c7cb92d5:WIP dc2: merge upstream d89ab2c014 onto 077b261dd8 — agent-runner-execution.ts resolved (version-A, scout-confirmed); 5 files conflict-marked for prince byte-check|f01d8eeffeb:Merge remote-tracking branch 'origin/main' into HEAD|5f472fe8bf7:Merge remote-tracking branch 'upstream/main' into freshmerge-20260613|d2c7457b3ba:merge: drift-cure back-merge upstream/main into assembly-drift-cure (#999 post-cleanse)|d118c435610:Merge remote-tracking branch 'upstream/main' into frond-scribe/20260611/drift-preview-990|36bd8974000:fix(continuation): fan out multi continue_work() elections (#982)|09153e9f123:Back-merge upstream/main (7cdec28706) into continuation candidate 8b5dde6165 (history-preserving)|7dcc9d578ca:Back-merge upstream/main (ebb9c6a013) into continuation candidate e66dc63f (history-preserving)|e44f0a47486:fix: harden durable continue_work parity edges|5db6b71b7a4:Merge remote-tracking branch 'origin/frond-scribe/20260606/938-compaction-focus' into frond-scribe/20260606/assembly-stabilized|06799157ac3:feat: thread request compaction focus|63ddbdfc5a3:fix: restore upstream faithfulness for #935|8e04d27f1a5:feat(continuation): replay drift-cure candidate onto upstream supersedes the 42-line post-PR set candidate. No upstream restoration applies in this cure.
src/auto-reply/reply/agent-runner-fallback-settlement.ts	1	a72799a97a3011303d6f618b0f36419397a1e3c4	2e4bcf6cdeab876797274631d41cc7e684264789	+17/-1	b5f1960fd4d:merge: backmerge frozen upstream into continuation|9507800800a:merge: absorb upstream/main into continuation assembly|90b055341a1:Merge upstream/main into the continuation assembly candidate|53818a55db0:fix(continuation): preserve raw delegate fallback|0ff0add5e40:merge: absorb upstream through 025e6cee for #1172|81930ccd5e2:merge: absorb upstream through 444fd4b for #1172|a05d8a41a26:merge: absorb frozen upstream for #1172	No current-upstream hunk exists: UPSTREAM:path equals OLD_MERGE_BASE:path at a72799a97a3011303d6f618b0f36419397a1e3c4. CANDIDATE preserves accepted SOURCE blob 2e4bcf6cdeab876797274631d41cc7e684264789; the accepted +17/-1 overlay from b5f1960fd4d:merge: backmerge frozen upstream into continuation|9507800800a:merge: absorb upstream/main into continuation assembly|90b055341a1:Merge upstream/main into the continuation assembly candidate|53818a55db0:fix(continuation): preserve raw delegate fallback|0ff0add5e40:merge: absorb upstream through 025e6cee for #1172|81930ccd5e2:merge: absorb upstream through 444fd4b for #1172|a05d8a41a26:merge: absorb frozen upstream for #1172 supersedes the 1-line post-PR set candidate. No upstream restoration applies in this cure.
src/auto-reply/reply/agent-runner-result-accounting.test.ts	51	0213f05a3c9ef51140c89d1f388b69e3c186cc46	63b35c31c941bff0db2692b1c2a8987a2f253aa5	+461/-63	b5f1960fd4d:merge: backmerge frozen upstream into continuation|2cf1c4dba1a:Merge upstream main into continuation assembly|3f8d6503dde:Merge upstream main 530b33e4 into continuation assembly|a316a17ca0d:merge: absorb upstream/main drift and follow the session-path renames|cb73c7db50c:Merge upstream f4387b7a into PR presentation assembly|53818a55db0:fix(continuation): preserve raw delegate fallback|c07cb0b066b:fix(continuation): restore post-drift runner lifecycle	No current-upstream hunk exists: UPSTREAM:path equals OLD_MERGE_BASE:path at 0213f05a3c9ef51140c89d1f388b69e3c186cc46. CANDIDATE preserves accepted SOURCE blob 63b35c31c941bff0db2692b1c2a8987a2f253aa5; the accepted +461/-63 overlay from b5f1960fd4d:merge: backmerge frozen upstream into continuation|2cf1c4dba1a:Merge upstream main into continuation assembly|3f8d6503dde:Merge upstream main 530b33e4 into continuation assembly|a316a17ca0d:merge: absorb upstream/main drift and follow the session-path renames|cb73c7db50c:Merge upstream f4387b7a into PR presentation assembly|53818a55db0:fix(continuation): preserve raw delegate fallback|c07cb0b066b:fix(continuation): restore post-drift runner lifecycle supersedes the 51-line post-PR set candidate. No upstream restoration applies in this cure.
src/auto-reply/reply/agent-runner-result-accounting.ts	1	b80b43e491271861e0474b6c21dcc5aafea9c797	eac2b31a0294b20d26e8855f3726156df86e7462	+172/-1	b5f1960fd4d:merge: backmerge frozen upstream into continuation|2cf1c4dba1a:Merge upstream main into continuation assembly|3f8d6503dde:Merge upstream main 530b33e4 into continuation assembly|a316a17ca0d:merge: absorb upstream/main drift and follow the session-path renames|d7b6ac70e5b:Merge upstream main through c5d00cb|cb73c7db50c:Merge upstream f4387b7a into PR presentation assembly|53818a55db0:fix(continuation): preserve raw delegate fallback|9ed7fd20b49:merge: absorb upstream cc48aef into continuation assembly|c07cb0b066b:fix(continuation): restore post-drift runner lifecycle|2e155cf622e:merge: absorb upstream through 20eda for continuation assembly|726f4e2f9cc:Merge upstream after post-666 corrections|36d3b449add:refactor(reply): make agent-runner and get-reply-run upstream-small facades	No current-upstream hunk exists: UPSTREAM:path equals OLD_MERGE_BASE:path at b80b43e491271861e0474b6c21dcc5aafea9c797. CANDIDATE preserves accepted SOURCE blob eac2b31a0294b20d26e8855f3726156df86e7462; the accepted +172/-1 overlay from b5f1960fd4d:merge: backmerge frozen upstream into continuation|2cf1c4dba1a:Merge upstream main into continuation assembly|3f8d6503dde:Merge upstream main 530b33e4 into continuation assembly|a316a17ca0d:merge: absorb upstream/main drift and follow the session-path renames|d7b6ac70e5b:Merge upstream main through c5d00cb|cb73c7db50c:Merge upstream f4387b7a into PR presentation assembly|53818a55db0:fix(continuation): preserve raw delegate fallback|9ed7fd20b49:merge: absorb upstream cc48aef into continuation assembly|c07cb0b066b:fix(continuation): restore post-drift runner lifecycle|2e155cf622e:merge: absorb upstream through 20eda for continuation assembly|726f4e2f9cc:Merge upstream after post-666 corrections|36d3b449add:refactor(reply): make agent-runner and get-reply-run upstream-small facades supersedes the 1-line post-PR set candidate. No upstream restoration applies in this cure.
src/auto-reply/reply/agent-runner-result-complete.ts	115	5c0edfa430eec60e8a27df756d39d000a9f178a6	3470ab60665a902716c1c84ab0b8af3d273f5576	+214/-133	cad7ff3918a:fix: close drift-cure gate debt|2cf1c4dba1a:Merge upstream main into continuation assembly|d470fe34fd5:fix(agents): repair back-merge fallout in the announce read surface|9507800800a:merge: absorb upstream/main into continuation assembly|9ed7fd20b49:merge: absorb upstream cc48aef into continuation assembly|c07cb0b066b:fix(continuation): restore post-drift runner lifecycle|2e155cf622e:merge: absorb upstream through 20eda for continuation assembly|726f4e2f9cc:Merge upstream after post-666 corrections|36d3b449add:refactor(reply): make agent-runner and get-reply-run upstream-small facades	No current-upstream hunk exists: UPSTREAM:path equals OLD_MERGE_BASE:path at 5c0edfa430eec60e8a27df756d39d000a9f178a6. CANDIDATE preserves accepted SOURCE blob 3470ab60665a902716c1c84ab0b8af3d273f5576; the accepted +214/-133 overlay from cad7ff3918a:fix: close drift-cure gate debt|2cf1c4dba1a:Merge upstream main into continuation assembly|d470fe34fd5:fix(agents): repair back-merge fallout in the announce read surface|9507800800a:merge: absorb upstream/main into continuation assembly|9ed7fd20b49:merge: absorb upstream cc48aef into continuation assembly|c07cb0b066b:fix(continuation): restore post-drift runner lifecycle|2e155cf622e:merge: absorb upstream through 20eda for continuation assembly|726f4e2f9cc:Merge upstream after post-666 corrections|36d3b449add:refactor(reply): make agent-runner and get-reply-run upstream-small facades supersedes the 115-line post-PR set candidate. No upstream restoration applies in this cure.
src/auto-reply/reply/agent-runner-result-payloads.ts	14	1adb9e4b1d05ebf3e5419fadf8ab4b36e9a66b4d	c614056061d701053d5c3567f6ca0de1236deeb5	+139/-22	b5f1960fd4d:merge: backmerge frozen upstream into continuation|2cf1c4dba1a:Merge upstream main into continuation assembly|ff3e0dd6337:Repair frozen upstream merge unions|f2cc523f491:Merge upstream eb63cb148 into continuation assembly|3f8d6503dde:Merge upstream main 530b33e4 into continuation assembly|ec72b26076c:merge: absorb upstream drift #12 into assembly|90b055341a1:Merge upstream/main into the continuation assembly candidate|8abde93a5d1:Merge upstream 9aa24e8f into PR presentation assembly|164351fe76c:merge: absorb final frozen upstream for WO-1217|2615e52048d:merge(1205): absorb current upstream f9207db3 into continuation base 4c5bd846|a5a0bf46928:refactor(continuation): split static gate owners|9ed7fd20b49:merge: absorb upstream cc48aef into continuation assembly|726f4e2f9cc:Merge upstream after post-666 corrections|36d3b449add:refactor(reply): make agent-runner and get-reply-run upstream-small facades	No current-upstream hunk exists: UPSTREAM:path equals OLD_MERGE_BASE:path at 1adb9e4b1d05ebf3e5419fadf8ab4b36e9a66b4d. CANDIDATE preserves accepted SOURCE blob c614056061d701053d5c3567f6ca0de1236deeb5; the accepted +139/-22 overlay from b5f1960fd4d:merge: backmerge frozen upstream into continuation|2cf1c4dba1a:Merge upstream main into continuation assembly|ff3e0dd6337:Repair frozen upstream merge unions|f2cc523f491:Merge upstream eb63cb148 into continuation assembly|3f8d6503dde:Merge upstream main 530b33e4 into continuation assembly|ec72b26076c:merge: absorb upstream drift #12 into assembly|90b055341a1:Merge upstream/main into the continuation assembly candidate|8abde93a5d1:Merge upstream 9aa24e8f into PR presentation assembly|164351fe76c:merge: absorb final frozen upstream for WO-1217|2615e52048d:merge(1205): absorb current upstream f9207db3 into continuation base 4c5bd846|a5a0bf46928:refactor(continuation): split static gate owners|9ed7fd20b49:merge: absorb upstream cc48aef into continuation assembly|726f4e2f9cc:Merge upstream after post-666 corrections|36d3b449add:refactor(reply): make agent-runner and get-reply-run upstream-small facades supersedes the 14-line post-PR set candidate. No upstream restoration applies in this cure.
src/auto-reply/reply/agent-runner.misc.runreplyagent.test.ts	2	52bfef511c821de2b533fc3de60b918ec357384e	c6a86bcee008e25df7ec922fe6df5188c9fa16c5	+28/-3	2f08a3b375d:test: stabilize final gate ownership|b5f1960fd4d:merge: backmerge frozen upstream into continuation|bf506f9eb39:test: repair Gate 2.5 semantic conflicts|2cf1c4dba1a:Merge upstream main into continuation assembly|3f8d6503dde:Merge upstream main 530b33e4 into continuation assembly|9507800800a:merge: absorb upstream/main into continuation assembly|056bdf88295:Merge upstream/main (750d0dcd9e7) into 1172 continuation assembly|90b055341a1:Merge upstream/main into the continuation assembly candidate|d7b6ac70e5b:Merge upstream main through c5d00cb|23f9d033c3c:merge: absorb upstream 53ae576 into PR presentation assembly|0dd8008463d:merge: absorb upstream 480e0c0 into PR presentation assembly|cb73c7db50c:Merge upstream f4387b7a into PR presentation assembly|8abde93a5d1:Merge upstream 9aa24e8f into PR presentation assembly|68358363287:Merge frozen upstream acf28495 into 1172 status-row assembly|2615e52048d:merge(1205): absorb current upstream f9207db3 into continuation base 4c5bd846|9ed7fd20b49:merge: absorb upstream cc48aef into continuation assembly|2e155cf622e:merge: absorb upstream through 20eda for continuation assembly|726f4e2f9cc:Merge upstream after post-666 corrections|bae7eae11ab:Merge upstream/main into post-666 assembly candidate|672bd50a7dc:Merge upstream 692310de into continuation assembly|228da670830:merge: absorb upstream lifecycle and cron ownership into assembly|7a1d239ab5b:fix: restore continuation registry read export|b2b8428ba3e:test: update continuation registry mocks|a05d8a41a26:merge: absorb frozen upstream for #1172|c15743f18b6:temporary exact-tree LOC comparison|83d0eba67f0:Merge remote-tracking branch 'upstream/main' into scribe/20260709/1172-status-row-assembly|f7577c570fc:Merge upstream/main into #1172 assembly|8ab994bd17c:Merge upstream/main into #1172 assembly|ea06393bacf:Prune assembly splay before drift correction|11d7c638245:merge: absorb upstream drift into assembly|d3cfdf2dbf5:merge: absorb upstream main after 1159 fold|c8ff54907c6:Merge origin/main into assembly continuation branch|f27e2483608:Merge upstream/main into assembly-continuation-followons|2e584ac4bea:merge: sync upstream/main (3d05da9a54) into drift-corrected tip; reconcile 6 conflicts|f01d8eeffeb:Merge remote-tracking branch 'origin/main' into HEAD|d2c7457b3ba:merge: drift-cure back-merge upstream/main into assembly-drift-cure (#999 post-cleanse)|0577934b467:Merge remote-tracking branch 'upstream/main' into drift-correct-20260610|7dcc9d578ca:Back-merge upstream/main (ebb9c6a013) into continuation candidate e66dc63f (history-preserving)|8e04d27f1a5:feat(continuation): replay drift-cure candidate onto upstream	No current-upstream hunk exists: UPSTREAM:path equals OLD_MERGE_BASE:path at 52bfef511c821de2b533fc3de60b918ec357384e. CANDIDATE preserves accepted SOURCE blob c6a86bcee008e25df7ec922fe6df5188c9fa16c5; the accepted +28/-3 overlay from 2f08a3b375d:test: stabilize final gate ownership|b5f1960fd4d:merge: backmerge frozen upstream into continuation|bf506f9eb39:test: repair Gate 2.5 semantic conflicts|2cf1c4dba1a:Merge upstream main into continuation assembly|3f8d6503dde:Merge upstream main 530b33e4 into continuation assembly|9507800800a:merge: absorb upstream/main into continuation assembly|056bdf88295:Merge upstream/main (750d0dcd9e7) into 1172 continuation assembly|90b055341a1:Merge upstream/main into the continuation assembly candidate|d7b6ac70e5b:Merge upstream main through c5d00cb|23f9d033c3c:merge: absorb upstream 53ae576 into PR presentation assembly|0dd8008463d:merge: absorb upstream 480e0c0 into PR presentation assembly|cb73c7db50c:Merge upstream f4387b7a into PR presentation assembly|8abde93a5d1:Merge upstream 9aa24e8f into PR presentation assembly|68358363287:Merge frozen upstream acf28495 into 1172 status-row assembly|2615e52048d:merge(1205): absorb current upstream f9207db3 into continuation base 4c5bd846|9ed7fd20b49:merge: absorb upstream cc48aef into continuation assembly|2e155cf622e:merge: absorb upstream through 20eda for continuation assembly|726f4e2f9cc:Merge upstream after post-666 corrections|bae7eae11ab:Merge upstream/main into post-666 assembly candidate|672bd50a7dc:Merge upstream 692310de into continuation assembly|228da670830:merge: absorb upstream lifecycle and cron ownership into assembly|7a1d239ab5b:fix: restore continuation registry read export|b2b8428ba3e:test: update continuation registry mocks|a05d8a41a26:merge: absorb frozen upstream for #1172|c15743f18b6:temporary exact-tree LOC comparison|83d0eba67f0:Merge remote-tracking branch 'upstream/main' into scribe/20260709/1172-status-row-assembly|f7577c570fc:Merge upstream/main into #1172 assembly|8ab994bd17c:Merge upstream/main into #1172 assembly|ea06393bacf:Prune assembly splay before drift correction|11d7c638245:merge: absorb upstream drift into assembly|d3cfdf2dbf5:merge: absorb upstream main after 1159 fold|c8ff54907c6:Merge origin/main into assembly continuation branch|f27e2483608:Merge upstream/main into assembly-continuation-followons|2e584ac4bea:merge: sync upstream/main (3d05da9a54) into drift-corrected tip; reconcile 6 conflicts|f01d8eeffeb:Merge remote-tracking branch 'origin/main' into HEAD|d2c7457b3ba:merge: drift-cure back-merge upstream/main into assembly-drift-cure (#999 post-cleanse)|0577934b467:Merge remote-tracking branch 'upstream/main' into drift-correct-20260610|7dcc9d578ca:Back-merge upstream/main (ebb9c6a013) into continuation candidate e66dc63f (history-preserving)|8e04d27f1a5:feat(continuation): replay drift-cure candidate onto upstream supersedes the 2-line post-PR set candidate. No upstream restoration applies in this cure.
src/auto-reply/reply/commands-compact.runtime.ts	1	b951c7cce964a5f3746b9e0bddf7f5ead6b77daf	6ae0a78cb2a2a99091f9ee0b4ac188bdaa3b2602	+5/-2	f2cc523f491:Merge upstream eb63cb148 into continuation assembly|6be6484bd9f:fix: close continuation gate debt	No current-upstream hunk exists: UPSTREAM:path equals OLD_MERGE_BASE:path at b951c7cce964a5f3746b9e0bddf7f5ead6b77daf. CANDIDATE preserves accepted SOURCE blob 6ae0a78cb2a2a99091f9ee0b4ac188bdaa3b2602; the accepted +5/-2 overlay from f2cc523f491:Merge upstream eb63cb148 into continuation assembly|6be6484bd9f:fix: close continuation gate debt supersedes the 1-line post-PR set candidate. No upstream restoration applies in this cure.
src/auto-reply/reply/commands-compact.ts	9	1f504277425005486874eb4741115daa39bd0a51	a54936d22bb8c541041a824d6b1e4682bc3baae7	+13/-10	2cf1c4dba1a:Merge upstream main into continuation assembly|f2cc523f491:Merge upstream eb63cb148 into continuation assembly|3f8d6503dde:Merge upstream main 530b33e4 into continuation assembly|a316a17ca0d:merge: absorb upstream/main drift and follow the session-path renames|7f2601b6779:Merge upstream/main (df725434f36) into 1172 continuation assembly|cb73c7db50c:Merge upstream f4387b7a into PR presentation assembly|b5bc4347c0d:Merge upstream 18c9f27e into #1219 F1 accepted head|e9a5ae9d12d:Merge upstream 0ea8d565 into CFC5 successor|9ed7fd20b49:merge: absorb upstream cc48aef into continuation assembly|2e155cf622e:merge: absorb upstream through 20eda for continuation assembly|790f6b2bf8c:fix(compaction): format empty transcript reason	No current-upstream hunk exists: UPSTREAM:path equals OLD_MERGE_BASE:path at 1f504277425005486874eb4741115daa39bd0a51. CANDIDATE preserves accepted SOURCE blob a54936d22bb8c541041a824d6b1e4682bc3baae7; the accepted +13/-10 overlay from 2cf1c4dba1a:Merge upstream main into continuation assembly|f2cc523f491:Merge upstream eb63cb148 into continuation assembly|3f8d6503dde:Merge upstream main 530b33e4 into continuation assembly|a316a17ca0d:merge: absorb upstream/main drift and follow the session-path renames|7f2601b6779:Merge upstream/main (df725434f36) into 1172 continuation assembly|cb73c7db50c:Merge upstream f4387b7a into PR presentation assembly|b5bc4347c0d:Merge upstream 18c9f27e into #1219 F1 accepted head|e9a5ae9d12d:Merge upstream 0ea8d565 into CFC5 successor|9ed7fd20b49:merge: absorb upstream cc48aef into continuation assembly|2e155cf622e:merge: absorb upstream through 20eda for continuation assembly|790f6b2bf8c:fix(compaction): format empty transcript reason supersedes the 9-line post-PR set candidate. No upstream restoration applies in this cure.
src/auto-reply/reply/directive-handling.mixed-inline.test.ts	1	fb810ca431e3481ccd1fd6f21406ccace432c9b4	0f6cf76bd8d773ccf43cfc07949fafb003607ab5	+2/-2	2cf1c4dba1a:Merge upstream main into continuation assembly|6be6484bd9f:fix: close continuation gate debt|7464b874e55:merge: absorb upstream/main drift	No current-upstream hunk exists: UPSTREAM:path equals OLD_MERGE_BASE:path at fb810ca431e3481ccd1fd6f21406ccace432c9b4. CANDIDATE preserves accepted SOURCE blob 0f6cf76bd8d773ccf43cfc07949fafb003607ab5; the accepted +2/-2 overlay from 2cf1c4dba1a:Merge upstream main into continuation assembly|6be6484bd9f:fix: close continuation gate debt|7464b874e55:merge: absorb upstream/main drift supersedes the 1-line post-PR set candidate. No upstream restoration applies in this cure.
src/auto-reply/reply/followup-turn-admission.ts	1	3144154df03e1341e71c26310da01b7db6d3426e	d927ce3ef18a35dda03625f54d0f37c4f4e1c0d3	+25/-1	2cf1c4dba1a:Merge upstream main into continuation assembly|3f8d6503dde:Merge upstream main 530b33e4 into continuation assembly|9f89d941dd1:merge: absorb frozen upstream c37ba84|68358363287:Merge frozen upstream acf28495 into 1172 status-row assembly|c07cb0b066b:fix(continuation): restore post-drift runner lifecycle	No current-upstream hunk exists: UPSTREAM:path equals OLD_MERGE_BASE:path at 3144154df03e1341e71c26310da01b7db6d3426e. CANDIDATE preserves accepted SOURCE blob d927ce3ef18a35dda03625f54d0f37c4f4e1c0d3; the accepted +25/-1 overlay from 2cf1c4dba1a:Merge upstream main into continuation assembly|3f8d6503dde:Merge upstream main 530b33e4 into continuation assembly|9f89d941dd1:merge: absorb frozen upstream c37ba84|68358363287:Merge frozen upstream acf28495 into 1172 status-row assembly|c07cb0b066b:fix(continuation): restore post-drift runner lifecycle supersedes the 1-line post-PR set candidate. No upstream restoration applies in this cure.
src/auto-reply/reply/get-reply-run-admission.ts	7	80ccc87a1cf0e62ca9e6cdd55d2640bd3af99125	dd8288f5cc7f5e76696b9d54fc5d7d27eeeeb99e	+38/-11	b5f1960fd4d:merge: backmerge frozen upstream into continuation|2cf1c4dba1a:Merge upstream main into continuation assembly|3f8d6503dde:Merge upstream main 530b33e4 into continuation assembly|a316a17ca0d:merge: absorb upstream/main drift and follow the session-path renames|90b055341a1:Merge upstream/main into the continuation assembly candidate|ca5a25affc9:Merge upstream/main (cb50289e283) into 1172 continuation assembly|23f9d033c3c:merge: absorb upstream 53ae576 into PR presentation assembly|0dd8008463d:merge: absorb upstream 480e0c0 into PR presentation assembly|cb73c7db50c:Merge upstream f4387b7a into PR presentation assembly|68358363287:Merge frozen upstream acf28495 into 1172 status-row assembly|2615e52048d:merge(1205): absorb current upstream f9207db3 into continuation base 4c5bd846|9ed7fd20b49:merge: absorb upstream cc48aef into continuation assembly|2e155cf622e:merge: absorb upstream through 20eda for continuation assembly|36d3b449add:refactor(reply): make agent-runner and get-reply-run upstream-small facades	No current-upstream hunk exists: UPSTREAM:path equals OLD_MERGE_BASE:path at 80ccc87a1cf0e62ca9e6cdd55d2640bd3af99125. CANDIDATE preserves accepted SOURCE blob dd8288f5cc7f5e76696b9d54fc5d7d27eeeeb99e; the accepted +38/-11 overlay from b5f1960fd4d:merge: backmerge frozen upstream into continuation|2cf1c4dba1a:Merge upstream main into continuation assembly|3f8d6503dde:Merge upstream main 530b33e4 into continuation assembly|a316a17ca0d:merge: absorb upstream/main drift and follow the session-path renames|90b055341a1:Merge upstream/main into the continuation assembly candidate|ca5a25affc9:Merge upstream/main (cb50289e283) into 1172 continuation assembly|23f9d033c3c:merge: absorb upstream 53ae576 into PR presentation assembly|0dd8008463d:merge: absorb upstream 480e0c0 into PR presentation assembly|cb73c7db50c:Merge upstream f4387b7a into PR presentation assembly|68358363287:Merge frozen upstream acf28495 into 1172 status-row assembly|2615e52048d:merge(1205): absorb current upstream f9207db3 into continuation base 4c5bd846|9ed7fd20b49:merge: absorb upstream cc48aef into continuation assembly|2e155cf622e:merge: absorb upstream through 20eda for continuation assembly|36d3b449add:refactor(reply): make agent-runner and get-reply-run upstream-small facades supersedes the 7-line post-PR set candidate. No upstream restoration applies in this cure.
src/auto-reply/reply/get-reply-run-execute.ts	3	f919aa41994778b6e54f94453df2d67dd84ee683	be1a021053a95cf149b5ee8f0a07315a22c73441	+29/-3	b5f1960fd4d:merge: backmerge frozen upstream into continuation|2cf1c4dba1a:Merge upstream main into continuation assembly|f2cc523f491:Merge upstream eb63cb148 into continuation assembly|3f8d6503dde:Merge upstream main 530b33e4 into continuation assembly|3b33188c6d4:merge: absorb upstream/main into continuation assembly|7f2601b6779:Merge upstream/main (df725434f36) into 1172 continuation assembly|23f9d033c3c:merge: absorb upstream 53ae576 into PR presentation assembly|0dd8008463d:merge: absorb upstream 480e0c0 into PR presentation assembly|164351fe76c:merge: absorb final frozen upstream for WO-1217|b5bc4347c0d:Merge upstream 18c9f27e into #1219 F1 accepted head|68358363287:Merge frozen upstream acf28495 into 1172 status-row assembly|9ed7fd20b49:merge: absorb upstream cc48aef into continuation assembly|726f4e2f9cc:Merge upstream after post-666 corrections|36d3b449add:refactor(reply): make agent-runner and get-reply-run upstream-small facades	No current-upstream hunk exists: UPSTREAM:path equals OLD_MERGE_BASE:path at f919aa41994778b6e54f94453df2d67dd84ee683. CANDIDATE preserves accepted SOURCE blob be1a021053a95cf149b5ee8f0a07315a22c73441; the accepted +29/-3 overlay from b5f1960fd4d:merge: backmerge frozen upstream into continuation|2cf1c4dba1a:Merge upstream main into continuation assembly|f2cc523f491:Merge upstream eb63cb148 into continuation assembly|3f8d6503dde:Merge upstream main 530b33e4 into continuation assembly|3b33188c6d4:merge: absorb upstream/main into continuation assembly|7f2601b6779:Merge upstream/main (df725434f36) into 1172 continuation assembly|23f9d033c3c:merge: absorb upstream 53ae576 into PR presentation assembly|0dd8008463d:merge: absorb upstream 480e0c0 into PR presentation assembly|164351fe76c:merge: absorb final frozen upstream for WO-1217|b5bc4347c0d:Merge upstream 18c9f27e into #1219 F1 accepted head|68358363287:Merge frozen upstream acf28495 into 1172 status-row assembly|9ed7fd20b49:merge: absorb upstream cc48aef into continuation assembly|726f4e2f9cc:Merge upstream after post-666 corrections|36d3b449add:refactor(reply): make agent-runner and get-reply-run upstream-small facades supersedes the 3-line post-PR set candidate. No upstream restoration applies in this cure.
src/auto-reply/reply/get-reply-run.media-only.test.ts	2	bd6dc36af2751834182416309e07c75789659658	3481bbc99da6e7c6522bd2424fd2eac2545cdc3e	+179/-2	b5f1960fd4d:merge: backmerge frozen upstream into continuation|2cf1c4dba1a:Merge upstream main into continuation assembly|f2cc523f491:Merge upstream eb63cb148 into continuation assembly|6be6484bd9f:fix: close continuation gate debt|3f8d6503dde:Merge upstream main 530b33e4 into continuation assembly|a8775165a4f:merge: absorb upstream drift #9 into assembly|a316a17ca0d:merge: absorb upstream/main drift and follow the session-path renames|7464b874e55:merge: absorb upstream/main drift|3b33188c6d4:merge: absorb upstream/main into continuation assembly|90b055341a1:Merge upstream/main into the continuation assembly candidate|d5bc0a1b361:fix(ci): clear the remaining upstream PR shard failures|7f2601b6779:Merge upstream/main (df725434f36) into 1172 continuation assembly|ca5a25affc9:Merge upstream/main (cb50289e283) into 1172 continuation assembly|0dd8008463d:merge: absorb upstream 480e0c0 into PR presentation assembly|cb73c7db50c:Merge upstream f4387b7a into PR presentation assembly|a978cc7bf8a:merge: absorb upstream and close post-039 CI failures|6bf596259a7:merge: absorb frozen upstream e4968af|b5bc4347c0d:Merge upstream 18c9f27e into #1219 F1 accepted head|68358363287:Merge frozen upstream acf28495 into 1172 status-row assembly|a5a0bf46928:refactor(continuation): split static gate owners|9ed7fd20b49:merge: absorb upstream cc48aef into continuation assembly|2e155cf622e:merge: absorb upstream through 20eda for continuation assembly|726f4e2f9cc:Merge upstream after post-666 corrections|bae7eae11ab:Merge upstream/main into post-666 assembly candidate|b134a64a443:fix(continuation): harden structured delegate returns|b97ac9c852a:Merge upstream 53d600a into #1184 continuation candidate|228da670830:merge: absorb upstream lifecycle and cron ownership into assembly|f76f0e5983f:refactor(continuation): retire unrelated carries|d6ac137b148:Merge upstream c46cc1e2 into absorb branch|a05d8a41a26:merge: absorb frozen upstream for #1172|1192886f766:Merge upstream/main through ef196b68b48 into #1172 candidate|a5f393ca06c:merge: absorb upstream through 604c026409|83d0eba67f0:Merge remote-tracking branch 'upstream/main' into scribe/20260709/1172-status-row-assembly|d99dd096dd6:Merge upstream/main into #1172 safe assembly|a9ea8e596e7:Backmerge upstream main into assembly after splay prune|ff1dea44344:Merge upstream/main into assembly drift branch|93dd8b01b3e:Merge upstream/main into continuation presentation|d3cfdf2dbf5:merge: absorb upstream main after 1159 fold|c8ff54907c6:Merge origin/main into assembly continuation branch|5dfa96c9346:Merge remote-tracking branch 'upstream/main' into frond-scribe/20260624/assembly-continuation-followons|d04ab6c5567:Merge upstream/main 190ca52882 (drift re-absorb #4) + prune stale deadcode allowlist|f01d8eeffeb:Merge remote-tracking branch 'origin/main' into HEAD|d2c7457b3ba:merge: drift-cure back-merge upstream/main into assembly-drift-cure (#999 post-cleanse)|6cfe57040e9:test: #999 drop forceSenderIsOwnerFalse from extension + core system-event tests|d118c435610:Merge remote-tracking branch 'upstream/main' into frond-scribe/20260611/drift-preview-990|43ed057d291:fix(continuation): reset chain budget for ordinary subagent-returns (#989-P2-1)|913100b7173:Restore upstream regression coverage|077f1233cc7:Merge remote-tracking branch 'upstream/main' into frond-scribe/20260606/assembly-stabilized|8e04d27f1a5:feat(continuation): replay drift-cure candidate onto upstream	No current-upstream hunk exists: UPSTREAM:path equals OLD_MERGE_BASE:path at bd6dc36af2751834182416309e07c75789659658. CANDIDATE preserves accepted SOURCE blob 3481bbc99da6e7c6522bd2424fd2eac2545cdc3e; the accepted +179/-2 overlay from b5f1960fd4d:merge: backmerge frozen upstream into continuation|2cf1c4dba1a:Merge upstream main into continuation assembly|f2cc523f491:Merge upstream eb63cb148 into continuation assembly|6be6484bd9f:fix: close continuation gate debt|3f8d6503dde:Merge upstream main 530b33e4 into continuation assembly|a8775165a4f:merge: absorb upstream drift #9 into assembly|a316a17ca0d:merge: absorb upstream/main drift and follow the session-path renames|7464b874e55:merge: absorb upstream/main drift|3b33188c6d4:merge: absorb upstream/main into continuation assembly|90b055341a1:Merge upstream/main into the continuation assembly candidate|d5bc0a1b361:fix(ci): clear the remaining upstream PR shard failures|7f2601b6779:Merge upstream/main (df725434f36) into 1172 continuation assembly|ca5a25affc9:Merge upstream/main (cb50289e283) into 1172 continuation assembly|0dd8008463d:merge: absorb upstream 480e0c0 into PR presentation assembly|cb73c7db50c:Merge upstream f4387b7a into PR presentation assembly|a978cc7bf8a:merge: absorb upstream and close post-039 CI failures|6bf596259a7:merge: absorb frozen upstream e4968af|b5bc4347c0d:Merge upstream 18c9f27e into #1219 F1 accepted head|68358363287:Merge frozen upstream acf28495 into 1172 status-row assembly|a5a0bf46928:refactor(continuation): split static gate owners|9ed7fd20b49:merge: absorb upstream cc48aef into continuation assembly|2e155cf622e:merge: absorb upstream through 20eda for continuation assembly|726f4e2f9cc:Merge upstream after post-666 corrections|bae7eae11ab:Merge upstream/main into post-666 assembly candidate|b134a64a443:fix(continuation): harden structured delegate returns|b97ac9c852a:Merge upstream 53d600a into #1184 continuation candidate|228da670830:merge: absorb upstream lifecycle and cron ownership into assembly|f76f0e5983f:refactor(continuation): retire unrelated carries|d6ac137b148:Merge upstream c46cc1e2 into absorb branch|a05d8a41a26:merge: absorb frozen upstream for #1172|1192886f766:Merge upstream/main through ef196b68b48 into #1172 candidate|a5f393ca06c:merge: absorb upstream through 604c026409|83d0eba67f0:Merge remote-tracking branch 'upstream/main' into scribe/20260709/1172-status-row-assembly|d99dd096dd6:Merge upstream/main into #1172 safe assembly|a9ea8e596e7:Backmerge upstream main into assembly after splay prune|ff1dea44344:Merge upstream/main into assembly drift branch|93dd8b01b3e:Merge upstream/main into continuation presentation|d3cfdf2dbf5:merge: absorb upstream main after 1159 fold|c8ff54907c6:Merge origin/main into assembly continuation branch|5dfa96c9346:Merge remote-tracking branch 'upstream/main' into frond-scribe/20260624/assembly-continuation-followons|d04ab6c5567:Merge upstream/main 190ca52882 (drift re-absorb #4) + prune stale deadcode allowlist|f01d8eeffeb:Merge remote-tracking branch 'origin/main' into HEAD|d2c7457b3ba:merge: drift-cure back-merge upstream/main into assembly-drift-cure (#999 post-cleanse)|6cfe57040e9:test: #999 drop forceSenderIsOwnerFalse from extension + core system-event tests|d118c435610:Merge remote-tracking branch 'upstream/main' into frond-scribe/20260611/drift-preview-990|43ed057d291:fix(continuation): reset chain budget for ordinary subagent-returns (#989-P2-1)|913100b7173:Restore upstream regression coverage|077f1233cc7:Merge remote-tracking branch 'upstream/main' into frond-scribe/20260606/assembly-stabilized|8e04d27f1a5:feat(continuation): replay drift-cure candidate onto upstream supersedes the 2-line post-PR set candidate. No upstream restoration applies in this cure.
src/auto-reply/reply/get-reply.fast-path.test.ts	1	0c26965562d25648727a48faf47c3e83df4bb096	a9593560b0bc9bddc47fdd6cb25bab5ca26e25fc	+10/-10	2cf1c4dba1a:Merge upstream main into continuation assembly|3b33188c6d4:merge: absorb upstream/main into continuation assembly|ca5a25affc9:Merge upstream/main (cb50289e283) into 1172 continuation assembly|10bb430d824:test(ci): isolate gate session stores	No current-upstream hunk exists: UPSTREAM:path equals OLD_MERGE_BASE:path at 0c26965562d25648727a48faf47c3e83df4bb096. CANDIDATE preserves accepted SOURCE blob a9593560b0bc9bddc47fdd6cb25bab5ca26e25fc; the accepted +10/-10 overlay from 2cf1c4dba1a:Merge upstream main into continuation assembly|3b33188c6d4:merge: absorb upstream/main into continuation assembly|ca5a25affc9:Merge upstream/main (cb50289e283) into 1172 continuation assembly|10bb430d824:test(ci): isolate gate session stores supersedes the 1-line post-PR set candidate. No upstream restoration applies in this cure.
src/auto-reply/reply/get-reply.ts	2	2847028f666940a08989758d07a3e2a5f536b8c1	b270e91cbd2c5a5e345208e5f8c37d4604c4850c	+6/-3	b5f1960fd4d:merge: backmerge frozen upstream into continuation|2cf1c4dba1a:Merge upstream main into continuation assembly|f2cc523f491:Merge upstream eb63cb148 into continuation assembly|3f8d6503dde:Merge upstream main 530b33e4 into continuation assembly|98448a6f6df:Merge upstream/main into 1172 continuation assembly|ca5a25affc9:Merge upstream/main (cb50289e283) into 1172 continuation assembly|9ed7fd20b49:merge: absorb upstream cc48aef into continuation assembly|2e155cf622e:merge: absorb upstream through 20eda for continuation assembly|726f4e2f9cc:Merge upstream after post-666 corrections|bae7eae11ab:Merge upstream/main into post-666 assembly candidate|672bd50a7dc:Merge upstream 692310de into continuation assembly|81930ccd5e2:merge: absorb upstream through 444fd4b for #1172|4c235d8c199:merge: absorb upstream runtime drift for #1172|b97ac9c852a:Merge upstream 53d600a into #1184 continuation candidate|228da670830:merge: absorb upstream lifecycle and cron ownership into assembly|d6ac137b148:Merge upstream c46cc1e2 into absorb branch|a05d8a41a26:merge: absorb frozen upstream for #1172|c15743f18b6:temporary exact-tree LOC comparison|83d0eba67f0:Merge remote-tracking branch 'upstream/main' into scribe/20260709/1172-status-row-assembly|7043b6f9a0d:Merge upstream/main into 1172 status row assembly|60cb154e3b4:Merge upstream/main into #1172 assembly|9fda5241278:Merge remote-tracking branch 'upstream/main' into scribe/20260704/assembly-upstream-drift-backmerge|5503bd986c2:Merge remote-tracking branch 'upstream/main' into scribe/20260704/assembly-upstream-drift-backmerge|d3cfdf2dbf5:merge: absorb upstream main after 1159 fold|bdd3cfd038b:Merge remote-tracking branch 'upstream/main' into frond-scribe/20260628/assembly-continuation-drift-absorb|f27e2483608:Merge upstream/main into assembly-continuation-followons|900fcc9d961:Merge upstream/main 2ea0e8807a (drift re-absorb #8 — restore mergeability)|cd255b3d6db:Merge upstream/main 2ce4a748 (drift re-absorb #6) + #1229 surface-budget pin|d04ab6c5567:Merge upstream/main 190ca52882 (drift re-absorb #4) + prune stale deadcode allowlist|f05c7cb92d5:WIP dc2: merge upstream d89ab2c014 onto 077b261dd8 — agent-runner-execution.ts resolved (version-A, scout-confirmed); 5 files conflict-marked for prince byte-check|d2c7457b3ba:merge: drift-cure back-merge upstream/main into assembly-drift-cure (#999 post-cleanse)|d118c435610:Merge remote-tracking branch 'upstream/main' into frond-scribe/20260611/drift-preview-990|e44f0a47486:fix: harden durable continue_work parity edges	No current-upstream hunk exists: UPSTREAM:path equals OLD_MERGE_BASE:path at 2847028f666940a08989758d07a3e2a5f536b8c1. CANDIDATE preserves accepted SOURCE blob b270e91cbd2c5a5e345208e5f8c37d4604c4850c; the accepted +6/-3 overlay from b5f1960fd4d:merge: backmerge frozen upstream into continuation|2cf1c4dba1a:Merge upstream main into continuation assembly|f2cc523f491:Merge upstream eb63cb148 into continuation assembly|3f8d6503dde:Merge upstream main 530b33e4 into continuation assembly|98448a6f6df:Merge upstream/main into 1172 continuation assembly|ca5a25affc9:Merge upstream/main (cb50289e283) into 1172 continuation assembly|9ed7fd20b49:merge: absorb upstream cc48aef into continuation assembly|2e155cf622e:merge: absorb upstream through 20eda for continuation assembly|726f4e2f9cc:Merge upstream after post-666 corrections|bae7eae11ab:Merge upstream/main into post-666 assembly candidate|672bd50a7dc:Merge upstream 692310de into continuation assembly|81930ccd5e2:merge: absorb upstream through 444fd4b for #1172|4c235d8c199:merge: absorb upstream runtime drift for #1172|b97ac9c852a:Merge upstream 53d600a into #1184 continuation candidate|228da670830:merge: absorb upstream lifecycle and cron ownership into assembly|d6ac137b148:Merge upstream c46cc1e2 into absorb branch|a05d8a41a26:merge: absorb frozen upstream for #1172|c15743f18b6:temporary exact-tree LOC comparison|83d0eba67f0:Merge remote-tracking branch 'upstream/main' into scribe/20260709/1172-status-row-assembly|7043b6f9a0d:Merge upstream/main into 1172 status row assembly|60cb154e3b4:Merge upstream/main into #1172 assembly|9fda5241278:Merge remote-tracking branch 'upstream/main' into scribe/20260704/assembly-upstream-drift-backmerge|5503bd986c2:Merge remote-tracking branch 'upstream/main' into scribe/20260704/assembly-upstream-drift-backmerge|d3cfdf2dbf5:merge: absorb upstream main after 1159 fold|bdd3cfd038b:Merge remote-tracking branch 'upstream/main' into frond-scribe/20260628/assembly-continuation-drift-absorb|f27e2483608:Merge upstream/main into assembly-continuation-followons|900fcc9d961:Merge upstream/main 2ea0e8807a (drift re-absorb #8 — restore mergeability)|cd255b3d6db:Merge upstream/main 2ce4a748 (drift re-absorb #6) + #1229 surface-budget pin|d04ab6c5567:Merge upstream/main 190ca52882 (drift re-absorb #4) + prune stale deadcode allowlist|f05c7cb92d5:WIP dc2: merge upstream d89ab2c014 onto 077b261dd8 — agent-runner-execution.ts resolved (version-A, scout-confirmed); 5 files conflict-marked for prince byte-check|d2c7457b3ba:merge: drift-cure back-merge upstream/main into assembly-drift-cure (#999 post-cleanse)|d118c435610:Merge remote-tracking branch 'upstream/main' into frond-scribe/20260611/drift-preview-990|e44f0a47486:fix: harden durable continue_work parity edges supersedes the 2-line post-PR set candidate. No upstream restoration applies in this cure.
src/auto-reply/reply/reply-state.test.ts	1	fe30b2755ff1989020cf1a86cd01fab49bcd0975	9d41b49db17a41cf7630da587dcecd6d8e4a2bc0	+9/-2	2cf1c4dba1a:Merge upstream main into continuation assembly|3f8d6503dde:Merge upstream main 530b33e4 into continuation assembly|a316a17ca0d:merge: absorb upstream/main drift and follow the session-path renames|f42b15e94aa:Merge upstream/main (8fdf7570a17) into 1172 continuation assembly|d7b6ac70e5b:Merge upstream main through c5d00cb|9ed7fd20b49:merge: absorb upstream cc48aef into continuation assembly|2e155cf622e:merge: absorb upstream through 20eda for continuation assembly|c15743f18b6:temporary exact-tree LOC comparison|1192886f766:Merge upstream/main through ef196b68b48 into #1172 candidate|83d0eba67f0:Merge remote-tracking branch 'upstream/main' into scribe/20260709/1172-status-row-assembly|0577934b467:Merge remote-tracking branch 'upstream/main' into drift-correct-20260610|7dcc9d578ca:Back-merge upstream/main (ebb9c6a013) into continuation candidate e66dc63f (history-preserving)|8e04d27f1a5:feat(continuation): replay drift-cure candidate onto upstream	No current-upstream hunk exists: UPSTREAM:path equals OLD_MERGE_BASE:path at fe30b2755ff1989020cf1a86cd01fab49bcd0975. CANDIDATE preserves accepted SOURCE blob 9d41b49db17a41cf7630da587dcecd6d8e4a2bc0; the accepted +9/-2 overlay from 2cf1c4dba1a:Merge upstream main into continuation assembly|3f8d6503dde:Merge upstream main 530b33e4 into continuation assembly|a316a17ca0d:merge: absorb upstream/main drift and follow the session-path renames|f42b15e94aa:Merge upstream/main (8fdf7570a17) into 1172 continuation assembly|d7b6ac70e5b:Merge upstream main through c5d00cb|9ed7fd20b49:merge: absorb upstream cc48aef into continuation assembly|2e155cf622e:merge: absorb upstream through 20eda for continuation assembly|c15743f18b6:temporary exact-tree LOC comparison|1192886f766:Merge upstream/main through ef196b68b48 into #1172 candidate|83d0eba67f0:Merge remote-tracking branch 'upstream/main' into scribe/20260709/1172-status-row-assembly|0577934b467:Merge remote-tracking branch 'upstream/main' into drift-correct-20260610|7dcc9d578ca:Back-merge upstream/main (ebb9c6a013) into continuation candidate e66dc63f (history-preserving)|8e04d27f1a5:feat(continuation): replay drift-cure candidate onto upstream supersedes the 1-line post-PR set candidate. No upstream restoration applies in this cure.
src/auto-reply/reply/session-init-conflict-retry.ts	11	b8fc2adc842a33b7de17c149bf21a188a1c73096	aa6b24a994e0037063f7dd73106edd9d5802c210	+14/-11	b6842092148:fix: stabilize 1184 GATES integration repairs	No current-upstream hunk exists: UPSTREAM:path equals OLD_MERGE_BASE:path at b8fc2adc842a33b7de17c149bf21a188a1c73096. CANDIDATE preserves accepted SOURCE blob aa6b24a994e0037063f7dd73106edd9d5802c210; the accepted +14/-11 overlay from b6842092148:fix: stabilize 1184 GATES integration repairs supersedes the 11-line post-PR set candidate. No upstream restoration applies in this cure.
src/auto-reply/reply/session-system-events.ts	20	2434e19c10db98b5c8d40c84aacb3bc4ac27f417	9df57847902ea1ebe612ab8426e875e5da219fe5	+526/-22	ff3e0dd6337:Repair frozen upstream merge unions|a316a17ca0d:merge: absorb upstream/main drift and follow the session-path renames|5df9d96eb8f:style: oxfmt the four files hand-edited during conflict resolution|ca5a25affc9:Merge upstream/main (cb50289e283) into 1172 continuation assembly|a978cc7bf8a:merge: absorb upstream and close post-039 CI failures|47c4169ea92:fix(continuation): close the last three F1 replay/duplication gaps|59bbfcffce0:fix(continuation): settle the terminal notice at turn adoption, not preparation|726f4e2f9cc:Merge upstream after post-666 corrections|7d344c03948:fix(ci): avoid treating metadata key as env var|1e96338ac70:refactor(infra): split session delivery codec|ab86369d07b:fix(continuation): close delegate return review gaps|8e55bfda61c:fix(continuation): make delegate returns crash safe|18e02c2b5b3:fix(continuation): add managed delegate return claims|672bd50a7dc:Merge upstream 692310de into continuation assembly|939e5a6a748:fix(continuation): harden wake routing and stream stripping|55f44f1d841:fix(gates): restore absorbed integration contracts	No current-upstream hunk exists: UPSTREAM:path equals OLD_MERGE_BASE:path at 2434e19c10db98b5c8d40c84aacb3bc4ac27f417. CANDIDATE preserves accepted SOURCE blob 9df57847902ea1ebe612ab8426e875e5da219fe5; the accepted +526/-22 overlay from ff3e0dd6337:Repair frozen upstream merge unions|a316a17ca0d:merge: absorb upstream/main drift and follow the session-path renames|5df9d96eb8f:style: oxfmt the four files hand-edited during conflict resolution|ca5a25affc9:Merge upstream/main (cb50289e283) into 1172 continuation assembly|a978cc7bf8a:merge: absorb upstream and close post-039 CI failures|47c4169ea92:fix(continuation): close the last three F1 replay/duplication gaps|59bbfcffce0:fix(continuation): settle the terminal notice at turn adoption, not preparation|726f4e2f9cc:Merge upstream after post-666 corrections|7d344c03948:fix(ci): avoid treating metadata key as env var|1e96338ac70:refactor(infra): split session delivery codec|ab86369d07b:fix(continuation): close delegate return review gaps|8e55bfda61c:fix(continuation): make delegate returns crash safe|18e02c2b5b3:fix(continuation): add managed delegate return claims|672bd50a7dc:Merge upstream 692310de into continuation assembly|939e5a6a748:fix(continuation): harden wake routing and stream stripping|55f44f1d841:fix(gates): restore absorbed integration contracts supersedes the 20-line post-PR set candidate. No upstream restoration applies in this cure.
src/auto-reply/reply/session-updates.ts	4	091fa59a468688cc92567d189a0243585f3624ec	fbf68b77de7f9c3406e1a603f6b027a33377e4eb	+12/-4	2cf1c4dba1a:Merge upstream main into continuation assembly|f2cc523f491:Merge upstream eb63cb148 into continuation assembly|3f8d6503dde:Merge upstream main 530b33e4 into continuation assembly|7464b874e55:merge: absorb upstream/main drift|d7b6ac70e5b:Merge upstream main through c5d00cb|9ed7fd20b49:merge: absorb upstream cc48aef into continuation assembly|427f2ed24cc:fix(compaction): preserve rollover session identity|2e155cf622e:merge: absorb upstream through 20eda for continuation assembly|bae7eae11ab:Merge upstream/main into post-666 assembly candidate|672bd50a7dc:Merge upstream 692310de into continuation assembly|c15743f18b6:temporary exact-tree LOC comparison|83d0eba67f0:Merge remote-tracking branch 'upstream/main' into scribe/20260709/1172-status-row-assembly|166eaaa9bcb:Merge upstream/main into 1172 status row assembly|6339671f8df:Merge upstream/main into #1172 safe assembly|5503bd986c2:Merge remote-tracking branch 'upstream/main' into scribe/20260704/assembly-upstream-drift-backmerge|f27e2483608:Merge upstream/main into assembly-continuation-followons|ca02cd2e616:Merge upstream/main into assembly — absorb 1361-commit drift for PR #85651 currency|f05c7cb92d5:WIP dc2: merge upstream d89ab2c014 onto 077b261dd8 — agent-runner-execution.ts resolved (version-A, scout-confirmed); 5 files conflict-marked for prince byte-check|8e04d27f1a5:feat(continuation): replay drift-cure candidate onto upstream	No current-upstream hunk exists: UPSTREAM:path equals OLD_MERGE_BASE:path at 091fa59a468688cc92567d189a0243585f3624ec. CANDIDATE preserves accepted SOURCE blob fbf68b77de7f9c3406e1a603f6b027a33377e4eb; the accepted +12/-4 overlay from 2cf1c4dba1a:Merge upstream main into continuation assembly|f2cc523f491:Merge upstream eb63cb148 into continuation assembly|3f8d6503dde:Merge upstream main 530b33e4 into continuation assembly|7464b874e55:merge: absorb upstream/main drift|d7b6ac70e5b:Merge upstream main through c5d00cb|9ed7fd20b49:merge: absorb upstream cc48aef into continuation assembly|427f2ed24cc:fix(compaction): preserve rollover session identity|2e155cf622e:merge: absorb upstream through 20eda for continuation assembly|bae7eae11ab:Merge upstream/main into post-666 assembly candidate|672bd50a7dc:Merge upstream 692310de into continuation assembly|c15743f18b6:temporary exact-tree LOC comparison|83d0eba67f0:Merge remote-tracking branch 'upstream/main' into scribe/20260709/1172-status-row-assembly|166eaaa9bcb:Merge upstream/main into 1172 status row assembly|6339671f8df:Merge upstream/main into #1172 safe assembly|5503bd986c2:Merge remote-tracking branch 'upstream/main' into scribe/20260704/assembly-upstream-drift-backmerge|f27e2483608:Merge upstream/main into assembly-continuation-followons|ca02cd2e616:Merge upstream/main into assembly — absorb 1361-commit drift for PR #85651 currency|f05c7cb92d5:WIP dc2: merge upstream d89ab2c014 onto 077b261dd8 — agent-runner-execution.ts resolved (version-A, scout-confirmed); 5 files conflict-marked for prince byte-check|8e04d27f1a5:feat(continuation): replay drift-cure candidate onto upstream supersedes the 4-line post-PR set candidate. No upstream restoration applies in this cure.
src/auto-reply/reply/session.test.ts	1	813c8ca9e6450f9b7d9874f87125138c1509752d	9bc5b95d78e50f7c16393b907551e53aa95a5a90	+17/-2	b5f1960fd4d:merge: backmerge frozen upstream into continuation|2cf1c4dba1a:Merge upstream main into continuation assembly|6be6484bd9f:fix: close continuation gate debt|3f8d6503dde:Merge upstream main 530b33e4 into continuation assembly|3b33188c6d4:merge: absorb upstream/main into continuation assembly|90b055341a1:Merge upstream/main into the continuation assembly candidate|a7ef03177e0:Merge remote-tracking branch 'upstream/main' into scribe/20260809/backmerge-upstream|ca5a25affc9:Merge upstream/main (cb50289e283) into 1172 continuation assembly|d7b6ac70e5b:Merge upstream main through c5d00cb|164351fe76c:merge: absorb final frozen upstream for WO-1217|55fb755bebb:merge: absorb frozen upstream for WO-1217|68358363287:Merge frozen upstream acf28495 into 1172 status-row assembly|2615e52048d:merge(1205): absorb current upstream f9207db3 into continuation base 4c5bd846|9ed7fd20b49:merge: absorb upstream cc48aef into continuation assembly|2e155cf622e:merge: absorb upstream through 20eda for continuation assembly|bae7eae11ab:Merge upstream/main into post-666 assembly candidate|672bd50a7dc:Merge upstream 692310de into continuation assembly|0ff0add5e40:merge: absorb upstream through 025e6cee for #1172|4c235d8c199:merge: absorb upstream runtime drift for #1172|b97ac9c852a:Merge upstream 53d600a into #1184 continuation candidate|228da670830:merge: absorb upstream lifecycle and cron ownership into assembly|a05d8a41a26:merge: absorb frozen upstream for #1172|c15743f18b6:temporary exact-tree LOC comparison|1192886f766:Merge upstream/main through ef196b68b48 into #1172 candidate|4828d51f9fd:merge: absorb upstream main through a4cc24d113|83d0eba67f0:Merge remote-tracking branch 'upstream/main' into scribe/20260709/1172-status-row-assembly|7043b6f9a0d:Merge upstream/main into 1172 status row assembly|a9ea8e596e7:Backmerge upstream main into assembly after splay prune|ff1dea44344:Merge upstream/main into assembly drift branch|5503bd986c2:Merge remote-tracking branch 'upstream/main' into scribe/20260704/assembly-upstream-drift-backmerge|c8ff54907c6:Merge origin/main into assembly continuation branch|78d31449a23:merge: absorb upstream main into continuation assembly|5dfa96c9346:Merge remote-tracking branch 'upstream/main' into frond-scribe/20260624/assembly-continuation-followons|ba9778fa570:Merge upstream/main into assembly-continuation-followons|f27e2483608:Merge upstream/main into assembly-continuation-followons|cd255b3d6db:Merge upstream/main 2ce4a748 (drift re-absorb #6) + #1229 surface-budget pin|cfd63895c92:merge: resync presentation onto upstream/main ce763e6ec9|2e584ac4bea:merge: sync upstream/main (3d05da9a54) into drift-corrected tip; reconcile 6 conflicts|f05c7cb92d5:WIP dc2: merge upstream d89ab2c014 onto 077b261dd8 — agent-runner-execution.ts resolved (version-A, scout-confirmed); 5 files conflict-marked for prince byte-check|d2c7457b3ba:merge: drift-cure back-merge upstream/main into assembly-drift-cure (#999 post-cleanse)|b1d6240ffcf:Merge remote-tracking branch 'upstream/main' into frond-scribe/20260612/drift-correct-990-v4|d118c435610:Merge remote-tracking branch 'upstream/main' into frond-scribe/20260611/drift-preview-990|0577934b467:Merge remote-tracking branch 'upstream/main' into drift-correct-20260610|f3f9fcceaeb:Back-merge upstream/main (bf89552) into assembly-token-wiring drift-correct|7dcc9d578ca:Back-merge upstream/main (ebb9c6a013) into continuation candidate e66dc63f (history-preserving)|8e04d27f1a5:feat(continuation): replay drift-cure candidate onto upstream	No current-upstream hunk exists: UPSTREAM:path equals OLD_MERGE_BASE:path at 813c8ca9e6450f9b7d9874f87125138c1509752d. CANDIDATE preserves accepted SOURCE blob 9bc5b95d78e50f7c16393b907551e53aa95a5a90; the accepted +17/-2 overlay from b5f1960fd4d:merge: backmerge frozen upstream into continuation|2cf1c4dba1a:Merge upstream main into continuation assembly|6be6484bd9f:fix: close continuation gate debt|3f8d6503dde:Merge upstream main 530b33e4 into continuation assembly|3b33188c6d4:merge: absorb upstream/main into continuation assembly|90b055341a1:Merge upstream/main into the continuation assembly candidate|a7ef03177e0:Merge remote-tracking branch 'upstream/main' into scribe/20260809/backmerge-upstream|ca5a25affc9:Merge upstream/main (cb50289e283) into 1172 continuation assembly|d7b6ac70e5b:Merge upstream main through c5d00cb|164351fe76c:merge: absorb final frozen upstream for WO-1217|55fb755bebb:merge: absorb frozen upstream for WO-1217|68358363287:Merge frozen upstream acf28495 into 1172 status-row assembly|2615e52048d:merge(1205): absorb current upstream f9207db3 into continuation base 4c5bd846|9ed7fd20b49:merge: absorb upstream cc48aef into continuation assembly|2e155cf622e:merge: absorb upstream through 20eda for continuation assembly|bae7eae11ab:Merge upstream/main into post-666 assembly candidate|672bd50a7dc:Merge upstream 692310de into continuation assembly|0ff0add5e40:merge: absorb upstream through 025e6cee for #1172|4c235d8c199:merge: absorb upstream runtime drift for #1172|b97ac9c852a:Merge upstream 53d600a into #1184 continuation candidate|228da670830:merge: absorb upstream lifecycle and cron ownership into assembly|a05d8a41a26:merge: absorb frozen upstream for #1172|c15743f18b6:temporary exact-tree LOC comparison|1192886f766:Merge upstream/main through ef196b68b48 into #1172 candidate|4828d51f9fd:merge: absorb upstream main through a4cc24d113|83d0eba67f0:Merge remote-tracking branch 'upstream/main' into scribe/20260709/1172-status-row-assembly|7043b6f9a0d:Merge upstream/main into 1172 status row assembly|a9ea8e596e7:Backmerge upstream main into assembly after splay prune|ff1dea44344:Merge upstream/main into assembly drift branch|5503bd986c2:Merge remote-tracking branch 'upstream/main' into scribe/20260704/assembly-upstream-drift-backmerge|c8ff54907c6:Merge origin/main into assembly continuation branch|78d31449a23:merge: absorb upstream main into continuation assembly|5dfa96c9346:Merge remote-tracking branch 'upstream/main' into frond-scribe/20260624/assembly-continuation-followons|ba9778fa570:Merge upstream/main into assembly-continuation-followons|f27e2483608:Merge upstream/main into assembly-continuation-followons|cd255b3d6db:Merge upstream/main 2ce4a748 (drift re-absorb #6) + #1229 surface-budget pin|cfd63895c92:merge: resync presentation onto upstream/main ce763e6ec9|2e584ac4bea:merge: sync upstream/main (3d05da9a54) into drift-corrected tip; reconcile 6 conflicts|f05c7cb92d5:WIP dc2: merge upstream d89ab2c014 onto 077b261dd8 — agent-runner-execution.ts resolved (version-A, scout-confirmed); 5 files conflict-marked for prince byte-check|d2c7457b3ba:merge: drift-cure back-merge upstream/main into assembly-drift-cure (#999 post-cleanse)|b1d6240ffcf:Merge remote-tracking branch 'upstream/main' into frond-scribe/20260612/drift-correct-990-v4|d118c435610:Merge remote-tracking branch 'upstream/main' into frond-scribe/20260611/drift-preview-990|0577934b467:Merge remote-tracking branch 'upstream/main' into drift-correct-20260610|f3f9fcceaeb:Back-merge upstream/main (bf89552) into assembly-token-wiring drift-correct|7dcc9d578ca:Back-merge upstream/main (ebb9c6a013) into continuation candidate e66dc63f (history-preserving)|8e04d27f1a5:feat(continuation): replay drift-cure candidate onto upstream supersedes the 1-line post-PR set candidate. No upstream restoration applies in this cure.
src/auto-reply/tokens.test.ts	8	ad828c62878518fa0e8cce7836bedd434385d3ee	0da52741a72575b3d9a537ee54a582caceafc510	+51/-9	726f4e2f9cc:Merge upstream after post-666 corrections|28903525687:refactor(auto-reply): move continuation parser to signal owner|03899c6a484:fix(continuation): trust only internal trace context|ff1dea44344:Merge upstream/main into assembly drift branch|d3cfdf2dbf5:merge: absorb upstream main after 1159 fold|cfd63895c92:merge: resync presentation onto upstream/main ce763e6ec9|7dcc9d578ca:Back-merge upstream/main (ebb9c6a013) into continuation candidate e66dc63f (history-preserving)|8e04d27f1a5:feat(continuation): replay drift-cure candidate onto upstream	No current-upstream hunk exists: UPSTREAM:path equals OLD_MERGE_BASE:path at ad828c62878518fa0e8cce7836bedd434385d3ee. CANDIDATE preserves accepted SOURCE blob 0da52741a72575b3d9a537ee54a582caceafc510; the accepted +51/-9 overlay from 726f4e2f9cc:Merge upstream after post-666 corrections|28903525687:refactor(auto-reply): move continuation parser to signal owner|03899c6a484:fix(continuation): trust only internal trace context|ff1dea44344:Merge upstream/main into assembly drift branch|d3cfdf2dbf5:merge: absorb upstream main after 1159 fold|cfd63895c92:merge: resync presentation onto upstream/main ce763e6ec9|7dcc9d578ca:Back-merge upstream/main (ebb9c6a013) into continuation candidate e66dc63f (history-preserving)|8e04d27f1a5:feat(continuation): replay drift-cure candidate onto upstream supersedes the 8-line post-PR set candidate. No upstream restoration applies in this cure.
src/cli/gateway-cli/run.option-collisions.test.ts	4	3f9685da2ea6666b719d849c60647e52229cc07b	4cadc7fb8fff7b0a81b47ef7edef6a24780c2a82	+16/-4	b5f1960fd4d:merge: backmerge frozen upstream into continuation|2cf1c4dba1a:Merge upstream main into continuation assembly|3f8d6503dde:Merge upstream main 530b33e4 into continuation assembly|97bbea60bca:merge: absorb upstream through b067 for continuation presentation|7abbbe17ef9:merge: absorb upstream 6543e6f into PR presentation assembly|55fb755bebb:merge: absorb frozen upstream for WO-1217|68358363287:Merge frozen upstream acf28495 into 1172 status-row assembly|2e155cf622e:merge: absorb upstream through 20eda for continuation assembly|0ff0add5e40:merge: absorb upstream through 025e6cee for #1172|c22ef4effa1:Merge upstream into #1184 final assembly candidate|228da670830:merge: absorb upstream lifecycle and cron ownership into assembly|f76f0e5983f:refactor(continuation): retire unrelated carries|a05d8a41a26:merge: absorb frozen upstream for #1172|c15743f18b6:temporary exact-tree LOC comparison|44d1d70bb66:Merge upstream/main into #1172 safe assembly|a9ea8e596e7:Backmerge upstream main into assembly after splay prune|394649fbcbb:Merge remote-tracking branch 'upstream/main' into scribe/20260704/assembly-upstream-drift-backmerge|f27e2483608:Merge upstream/main into assembly-continuation-followons|2e584ac4bea:merge: sync upstream/main (3d05da9a54) into drift-corrected tip; reconcile 6 conflicts|f05c7cb92d5:WIP dc2: merge upstream d89ab2c014 onto 077b261dd8 — agent-runner-execution.ts resolved (version-A, scout-confirmed); 5 files conflict-marked for prince byte-check|d118c435610:Merge remote-tracking branch 'upstream/main' into frond-scribe/20260611/drift-preview-990|8e04d27f1a5:feat(continuation): replay drift-cure candidate onto upstream	No current-upstream hunk exists: UPSTREAM:path equals OLD_MERGE_BASE:path at 3f9685da2ea6666b719d849c60647e52229cc07b. CANDIDATE preserves accepted SOURCE blob 4cadc7fb8fff7b0a81b47ef7edef6a24780c2a82; the accepted +16/-4 overlay from b5f1960fd4d:merge: backmerge frozen upstream into continuation|2cf1c4dba1a:Merge upstream main into continuation assembly|3f8d6503dde:Merge upstream main 530b33e4 into continuation assembly|97bbea60bca:merge: absorb upstream through b067 for continuation presentation|7abbbe17ef9:merge: absorb upstream 6543e6f into PR presentation assembly|55fb755bebb:merge: absorb frozen upstream for WO-1217|68358363287:Merge frozen upstream acf28495 into 1172 status-row assembly|2e155cf622e:merge: absorb upstream through 20eda for continuation assembly|0ff0add5e40:merge: absorb upstream through 025e6cee for #1172|c22ef4effa1:Merge upstream into #1184 final assembly candidate|228da670830:merge: absorb upstream lifecycle and cron ownership into assembly|f76f0e5983f:refactor(continuation): retire unrelated carries|a05d8a41a26:merge: absorb frozen upstream for #1172|c15743f18b6:temporary exact-tree LOC comparison|44d1d70bb66:Merge upstream/main into #1172 safe assembly|a9ea8e596e7:Backmerge upstream main into assembly after splay prune|394649fbcbb:Merge remote-tracking branch 'upstream/main' into scribe/20260704/assembly-upstream-drift-backmerge|f27e2483608:Merge upstream/main into assembly-continuation-followons|2e584ac4bea:merge: sync upstream/main (3d05da9a54) into drift-corrected tip; reconcile 6 conflicts|f05c7cb92d5:WIP dc2: merge upstream d89ab2c014 onto 077b261dd8 — agent-runner-execution.ts resolved (version-A, scout-confirmed); 5 files conflict-marked for prince byte-check|d118c435610:Merge remote-tracking branch 'upstream/main' into frond-scribe/20260611/drift-preview-990|8e04d27f1a5:feat(continuation): replay drift-cure candidate onto upstream supersedes the 4-line post-PR set candidate. No upstream restoration applies in this cure.
src/commands/agent/session.test.ts	1	4bfa348e96ccf50555e65a2e284a878bf404c384	0fd3c902253df95a908979228d9bc2609664fe98	+8/-8	a316a17ca0d:merge: absorb upstream/main drift and follow the session-path renames|7464b874e55:merge: absorb upstream/main drift	No current-upstream hunk exists: UPSTREAM:path equals OLD_MERGE_BASE:path at 4bfa348e96ccf50555e65a2e284a878bf404c384. CANDIDATE preserves accepted SOURCE blob 0fd3c902253df95a908979228d9bc2609664fe98; the accepted +8/-8 overlay from a316a17ca0d:merge: absorb upstream/main drift and follow the session-path renames|7464b874e55:merge: absorb upstream/main drift supersedes the 1-line post-PR set candidate. No upstream restoration applies in this cure.
src/commands/doctor-config-preflight.legacy-copy.test.ts	3	dcfe3a361358fe81fe322e315f584f278f9de0b1	fc7b8c60143805c596f681f535e73f61e110a01f	+3/-3	2cf1c4dba1a:Merge upstream main into continuation assembly	No current-upstream hunk exists: UPSTREAM:path equals OLD_MERGE_BASE:path at dcfe3a361358fe81fe322e315f584f278f9de0b1. CANDIDATE preserves accepted SOURCE blob fc7b8c60143805c596f681f535e73f61e110a01f; the accepted +3/-3 overlay from 2cf1c4dba1a:Merge upstream main into continuation assembly supersedes the 3-line post-PR set candidate. No upstream restoration applies in this cure.
src/commands/doctor-device-pairing.test.ts	1	00ec431a2a6a8a27daa322d2429cabb14826ac95	7450b36d08ca327d021eb18894c68ba69e1b160b	+4/-4	2cf1c4dba1a:Merge upstream main into continuation assembly|0dadf772997:test: resolve temp-dir helper drift union|f2cc523f491:Merge upstream eb63cb148 into continuation assembly|a316a17ca0d:merge: absorb upstream/main drift and follow the session-path renames|8abde93a5d1:Merge upstream 9aa24e8f into PR presentation assembly|672bd50a7dc:Merge upstream 692310de into continuation assembly	No current-upstream hunk exists: UPSTREAM:path equals OLD_MERGE_BASE:path at 00ec431a2a6a8a27daa322d2429cabb14826ac95. CANDIDATE preserves accepted SOURCE blob 7450b36d08ca327d021eb18894c68ba69e1b160b; the accepted +4/-4 overlay from 2cf1c4dba1a:Merge upstream main into continuation assembly|0dadf772997:test: resolve temp-dir helper drift union|f2cc523f491:Merge upstream eb63cb148 into continuation assembly|a316a17ca0d:merge: absorb upstream/main drift and follow the session-path renames|8abde93a5d1:Merge upstream 9aa24e8f into PR presentation assembly|672bd50a7dc:Merge upstream 692310de into continuation assembly supersedes the 1-line post-PR set candidate. No upstream restoration applies in this cure.
src/commands/export-trajectory.test.ts	2	14b8e8700437d88b570dccab7a24727e0341e5b4	e65e1c8e230e1cb47d1355b613dd94a5bfd5bb82	+19/-15	b5f1960fd4d:merge: backmerge frozen upstream into continuation|f2cc523f491:Merge upstream eb63cb148 into continuation assembly|a316a17ca0d:merge: absorb upstream/main drift and follow the session-path renames	No current-upstream hunk exists: UPSTREAM:path equals OLD_MERGE_BASE:path at 14b8e8700437d88b570dccab7a24727e0341e5b4. CANDIDATE preserves accepted SOURCE blob e65e1c8e230e1cb47d1355b613dd94a5bfd5bb82; the accepted +19/-15 overlay from b5f1960fd4d:merge: backmerge frozen upstream into continuation|f2cc523f491:Merge upstream eb63cb148 into continuation assembly|a316a17ca0d:merge: absorb upstream/main drift and follow the session-path renames supersedes the 2-line post-PR set candidate. No upstream restoration applies in this cure.
src/commands/flows.test.ts	1	9c871a3d4b003ae871e33b13f61f4f14d80e4eff	ab6cac643eb21daa39e12136d527ed0f76034480	+40/-1	b5f1960fd4d:merge: backmerge frozen upstream into continuation|f2cc523f491:Merge upstream eb63cb148 into continuation assembly|9507800800a:merge: absorb upstream/main into continuation assembly|164351fe76c:merge: absorb final frozen upstream for WO-1217|8cad5c7aa3b:merge: absorb frozen upstream 86233913 for #1216|68358363287:Merge frozen upstream acf28495 into 1172 status-row assembly|543b02c5a24:fix(continuation): port attachment hardening to assembly	No current-upstream hunk exists: UPSTREAM:path equals OLD_MERGE_BASE:path at 9c871a3d4b003ae871e33b13f61f4f14d80e4eff. CANDIDATE preserves accepted SOURCE blob ab6cac643eb21daa39e12136d527ed0f76034480; the accepted +40/-1 overlay from b5f1960fd4d:merge: backmerge frozen upstream into continuation|f2cc523f491:Merge upstream eb63cb148 into continuation assembly|9507800800a:merge: absorb upstream/main into continuation assembly|164351fe76c:merge: absorb final frozen upstream for WO-1217|8cad5c7aa3b:merge: absorb frozen upstream 86233913 for #1216|68358363287:Merge frozen upstream acf28495 into 1172 status-row assembly|543b02c5a24:fix(continuation): port attachment hardening to assembly supersedes the 1-line post-PR set candidate. No upstream restoration applies in this cure.
src/commands/sandbox-explain.test.ts	1	5959bba7972cf64a7c22adc513ce8f9ec53a7e42	c030ea65c078a6b83f7f80b92a6a27c98aa70cb7	+30/-9	b5f1960fd4d:merge: backmerge frozen upstream into continuation|2cf1c4dba1a:Merge upstream main into continuation assembly|f2cc523f491:Merge upstream eb63cb148 into continuation assembly|68358363287:Merge frozen upstream acf28495 into 1172 status-row assembly|10bb430d824:test(ci): isolate gate session stores	No current-upstream hunk exists: UPSTREAM:path equals OLD_MERGE_BASE:path at 5959bba7972cf64a7c22adc513ce8f9ec53a7e42. CANDIDATE preserves accepted SOURCE blob c030ea65c078a6b83f7f80b92a6a27c98aa70cb7; the accepted +30/-9 overlay from b5f1960fd4d:merge: backmerge frozen upstream into continuation|2cf1c4dba1a:Merge upstream main into continuation assembly|f2cc523f491:Merge upstream eb63cb148 into continuation assembly|68358363287:Merge frozen upstream acf28495 into 1172 status-row assembly|10bb430d824:test(ci): isolate gate session stores supersedes the 1-line post-PR set candidate. No upstream restoration applies in this cure.
src/commands/status.test.ts	5	67822d0d0fd1b1b03d1ce4bc5260bd0bb49e4951	ac36c383f1325a7bf33a254b003c83cba9b31f39	+48/-18	d54403ab018:merge: absorb current upstream 23854c39 into continuation candidate|f2cc523f491:Merge upstream eb63cb148 into continuation assembly|a316a17ca0d:merge: absorb upstream/main drift and follow the session-path renames|7464b874e55:merge: absorb upstream/main drift|3b33188c6d4:merge: absorb upstream/main into continuation assembly|f393f95b2eb:test(status): include fresh-token provenance in mock control|d7b6ac70e5b:Merge upstream main through c5d00cb|68358363287:Merge frozen upstream acf28495 into 1172 status-row assembly|b635087360a:fix(sessions): close static split review findings	No current-upstream hunk exists: UPSTREAM:path equals OLD_MERGE_BASE:path at 67822d0d0fd1b1b03d1ce4bc5260bd0bb49e4951. CANDIDATE preserves accepted SOURCE blob ac36c383f1325a7bf33a254b003c83cba9b31f39; the accepted +48/-18 overlay from d54403ab018:merge: absorb current upstream 23854c39 into continuation candidate|f2cc523f491:Merge upstream eb63cb148 into continuation assembly|a316a17ca0d:merge: absorb upstream/main drift and follow the session-path renames|7464b874e55:merge: absorb upstream/main drift|3b33188c6d4:merge: absorb upstream/main into continuation assembly|f393f95b2eb:test(status): include fresh-token provenance in mock control|d7b6ac70e5b:Merge upstream main through c5d00cb|68358363287:Merge frozen upstream acf28495 into 1172 status-row assembly|b635087360a:fix(sessions): close static split review findings supersedes the 5-line post-PR set candidate. No upstream restoration applies in this cure.
src/config/io.compat.test.ts	2	9a8b9d0ae996da2956fb303dd37d72d1a748e987	68ec9f19f8839c20605a17aa8200c69703e043cc	+2/-2	2cf1c4dba1a:Merge upstream main into continuation assembly|3f8d6503dde:Merge upstream main 530b33e4 into continuation assembly	No current-upstream hunk exists: UPSTREAM:path equals OLD_MERGE_BASE:path at 9a8b9d0ae996da2956fb303dd37d72d1a748e987. CANDIDATE preserves accepted SOURCE blob 68ec9f19f8839c20605a17aa8200c69703e043cc; the accepted +2/-2 overlay from 2cf1c4dba1a:Merge upstream main into continuation assembly|3f8d6503dde:Merge upstream main 530b33e4 into continuation assembly supersedes the 2-line post-PR set candidate. No upstream restoration applies in this cure.
src/config/io.scalar-root.test.ts	2	7114f3c5a27911fda4ad40c6a4b990a7b1ac5781	2862dc6b4fd3afcd587d2803f576527a44b72e71	+2/-2	2cf1c4dba1a:Merge upstream main into continuation assembly	No current-upstream hunk exists: UPSTREAM:path equals OLD_MERGE_BASE:path at 7114f3c5a27911fda4ad40c6a4b990a7b1ac5781. CANDIDATE preserves accepted SOURCE blob 2862dc6b4fd3afcd587d2803f576527a44b72e71; the accepted +2/-2 overlay from 2cf1c4dba1a:Merge upstream main into continuation assembly supersedes the 2-line post-PR set candidate. No upstream restoration applies in this cure.
src/config/sessions/artifacts.ts	1	417461798598b9fd10b5de966ed4fd5341a4baa6	c5992446fb490935ca7a3fae9438c6c1921f3789	+32/-1	2cf1c4dba1a:Merge upstream main into continuation assembly|f2cc523f491:Merge upstream eb63cb148 into continuation assembly|a978cc7bf8a:merge: absorb upstream and close post-039 CI failures|53052170a84:Merge upstream session history retention|a05d8a41a26:merge: absorb frozen upstream for #1172|c15743f18b6:temporary exact-tree LOC comparison|83d0eba67f0:Merge remote-tracking branch 'upstream/main' into scribe/20260709/1172-status-row-assembly|a9ea8e596e7:Backmerge upstream main into assembly after splay prune|8e04d27f1a5:feat(continuation): replay drift-cure candidate onto upstream	No current-upstream hunk exists: UPSTREAM:path equals OLD_MERGE_BASE:path at 417461798598b9fd10b5de966ed4fd5341a4baa6. CANDIDATE preserves accepted SOURCE blob c5992446fb490935ca7a3fae9438c6c1921f3789; the accepted +32/-1 overlay from 2cf1c4dba1a:Merge upstream main into continuation assembly|f2cc523f491:Merge upstream eb63cb148 into continuation assembly|a978cc7bf8a:merge: absorb upstream and close post-039 CI failures|53052170a84:Merge upstream session history retention|a05d8a41a26:merge: absorb frozen upstream for #1172|c15743f18b6:temporary exact-tree LOC comparison|83d0eba67f0:Merge remote-tracking branch 'upstream/main' into scribe/20260709/1172-status-row-assembly|a9ea8e596e7:Backmerge upstream main into assembly after splay prune|8e04d27f1a5:feat(continuation): replay drift-cure candidate onto upstream supersedes the 1-line post-PR set candidate. No upstream restoration applies in this cure.
src/config/sessions/conversation-registry.test.ts	1	260171dc0cf4cd0b8a09742109662c3d097c10c0	16b59c6de4c622b6193026e70d15d0c7dcce16de	+11/-11	b5f1960fd4d:merge: backmerge frozen upstream into continuation|a316a17ca0d:merge: absorb upstream/main drift and follow the session-path renames	No current-upstream hunk exists: UPSTREAM:path equals OLD_MERGE_BASE:path at 260171dc0cf4cd0b8a09742109662c3d097c10c0. CANDIDATE preserves accepted SOURCE blob 16b59c6de4c622b6193026e70d15d0c7dcce16de; the accepted +11/-11 overlay from b5f1960fd4d:merge: backmerge frozen upstream into continuation|a316a17ca0d:merge: absorb upstream/main drift and follow the session-path renames supersedes the 1-line post-PR set candidate. No upstream restoration applies in this cure.
src/config/sessions/session-accessor.conformance.test.ts	1	a22dc69855ffe6b116ba0f62ac86b679f654dbbd	60f7e414e98bd0a1437f16e33781b4379f571bc9	+5/-5	b5f1960fd4d:merge: backmerge frozen upstream into continuation|f2cc523f491:Merge upstream eb63cb148 into continuation assembly|3f8d6503dde:Merge upstream main 530b33e4 into continuation assembly|aceb7c98561:fix(lint): drop self-renames left by the rename sweep|a316a17ca0d:merge: absorb upstream/main drift and follow the session-path renames|7464b874e55:merge: absorb upstream/main drift	No current-upstream hunk exists: UPSTREAM:path equals OLD_MERGE_BASE:path at a22dc69855ffe6b116ba0f62ac86b679f654dbbd. CANDIDATE preserves accepted SOURCE blob 60f7e414e98bd0a1437f16e33781b4379f571bc9; the accepted +5/-5 overlay from b5f1960fd4d:merge: backmerge frozen upstream into continuation|f2cc523f491:Merge upstream eb63cb148 into continuation assembly|3f8d6503dde:Merge upstream main 530b33e4 into continuation assembly|aceb7c98561:fix(lint): drop self-renames left by the rename sweep|a316a17ca0d:merge: absorb upstream/main drift and follow the session-path renames|7464b874e55:merge: absorb upstream/main drift supersedes the 1-line post-PR set candidate. No upstream restoration applies in this cure.
src/config/sessions/session-accessor.sqlite-parent-fork.ts	1	8c381dc1f34c181ea0b377422dc1e51085a7329c	2a8723cdad67c9ab207bae859beeed5d95f21947	+1/-1	f2cc523f491:Merge upstream eb63cb148 into continuation assembly|3b33188c6d4:merge: absorb upstream/main into continuation assembly|d7b6ac70e5b:Merge upstream main through c5d00cb|4018b96af02:refactor(sessions): split static gate owners	No current-upstream hunk exists: UPSTREAM:path equals OLD_MERGE_BASE:path at 8c381dc1f34c181ea0b377422dc1e51085a7329c. CANDIDATE preserves accepted SOURCE blob 2a8723cdad67c9ab207bae859beeed5d95f21947; the accepted +1/-1 overlay from f2cc523f491:Merge upstream eb63cb148 into continuation assembly|3b33188c6d4:merge: absorb upstream/main into continuation assembly|d7b6ac70e5b:Merge upstream main through c5d00cb|4018b96af02:refactor(sessions): split static gate owners supersedes the 1-line post-PR set candidate. No upstream restoration applies in this cure.
src/config/sessions/types.ts	14	08b0b25971cb1cd43e7cefe75bbf62f758710cdf	24d73fa2a9b027511cbbe6b24d131b57a94f31b0	+54/-223	d54403ab018:merge: absorb current upstream 23854c39 into continuation candidate|b5f1960fd4d:merge: backmerge frozen upstream into continuation|2cf1c4dba1a:Merge upstream main into continuation assembly|f2cc523f491:Merge upstream eb63cb148 into continuation assembly|6f34847c57f:merge: absorb upstream/main into assembly (second incremental absorb)|3b33188c6d4:merge: absorb upstream/main into continuation assembly|9507800800a:merge: absorb upstream/main into continuation assembly|90b055341a1:Merge upstream/main into the continuation assembly candidate|ca5a25affc9:Merge upstream/main (cb50289e283) into 1172 continuation assembly|d7b6ac70e5b:Merge upstream main through c5d00cb|0dd8008463d:merge: absorb upstream 480e0c0 into PR presentation assembly|6bf596259a7:merge: absorb frozen upstream e4968af|9f89d941dd1:merge: absorb frozen upstream c37ba84|55fb755bebb:merge: absorb frozen upstream for WO-1217|4018b96af02:refactor(sessions): split static gate owners|9ed7fd20b49:merge: absorb upstream cc48aef into continuation assembly|2e155cf622e:merge: absorb upstream through 20eda for continuation assembly|726f4e2f9cc:Merge upstream after post-666 corrections|bae7eae11ab:Merge upstream/main into post-666 assembly candidate|18e02c2b5b3:fix(continuation): add managed delegate return claims|e534d1f15d2:fix(continuation): restore typed delegate input attachments|672bd50a7dc:Merge upstream 692310de into continuation assembly|0ff0add5e40:merge: absorb upstream through 025e6cee for #1172|81930ccd5e2:merge: absorb upstream through 444fd4b for #1172|b97ac9c852a:Merge upstream 53d600a into #1184 continuation candidate|c22ef4effa1:Merge upstream into #1184 final assembly candidate|228da670830:merge: absorb upstream lifecycle and cron ownership into assembly|a05d8a41a26:merge: absorb frozen upstream for #1172|e3dd5604a7d:Merge frozen implementation epoch for #1172 LOC policy|c15743f18b6:temporary exact-tree LOC comparison|03899c6a484:fix(continuation): trust only internal trace context|0dc146c8c57:Merge upstream main into #1172 cut candidate|f818456269b:Merge upstream 8f8b44a3ce8 into #1172 cut candidate|4577adf1607:merge: absorb upstream main through 7a456e362d|166eaaa9bcb:Merge upstream/main into 1172 status row assembly|7043b6f9a0d:Merge upstream/main into 1172 status row assembly|42a449f9ad2:Merge upstream/main into #1172 safe assembly|2ac73584e10:Merge upstream/main into #1172 assembly|56360c15761:Merge upstream/main into #1172 assembly|a9ea8e596e7:Backmerge upstream main into assembly after splay prune|11d7c638245:merge: absorb upstream drift into assembly|5503bd986c2:Merge remote-tracking branch 'upstream/main' into scribe/20260704/assembly-upstream-drift-backmerge|bca2b0b89ab:Merge remote-tracking branch 'upstream/main' into scribe/20260703/assembly-1159-main-backmerge|d3cfdf2dbf5:merge: absorb upstream main after 1159 fold|f6fe0301d71:fix: tighten continuation delegate hop accounting|abe0cfde988:fix(continuation): #1144 autoreview round 2 — precise post-compaction finalize + mtime defense|b5cb99b3efb:feat(continuation): model/provider selection on continue_delegate dispatch (#1079)|d04ab6c5567:Merge upstream/main 190ca52882 (drift re-absorb #4) + prune stale deadcode allowlist|ca02cd2e616:Merge upstream/main into assembly — absorb 1361-commit drift for PR #85651 currency|f05c7cb92d5:WIP dc2: merge upstream d89ab2c014 onto 077b261dd8 — agent-runner-execution.ts resolved (version-A, scout-confirmed); 5 files conflict-marked for prince byte-check|d2c7457b3ba:merge: drift-cure back-merge upstream/main into assembly-drift-cure (#999 post-cleanse)|8e04d27f1a5:feat(continuation): replay drift-cure candidate onto upstream	No current-upstream hunk exists: UPSTREAM:path equals OLD_MERGE_BASE:path at 08b0b25971cb1cd43e7cefe75bbf62f758710cdf. CANDIDATE preserves accepted SOURCE blob 24d73fa2a9b027511cbbe6b24d131b57a94f31b0; the accepted +54/-223 overlay from d54403ab018:merge: absorb current upstream 23854c39 into continuation candidate|b5f1960fd4d:merge: backmerge frozen upstream into continuation|2cf1c4dba1a:Merge upstream main into continuation assembly|f2cc523f491:Merge upstream eb63cb148 into continuation assembly|6f34847c57f:merge: absorb upstream/main into assembly (second incremental absorb)|3b33188c6d4:merge: absorb upstream/main into continuation assembly|9507800800a:merge: absorb upstream/main into continuation assembly|90b055341a1:Merge upstream/main into the continuation assembly candidate|ca5a25affc9:Merge upstream/main (cb50289e283) into 1172 continuation assembly|d7b6ac70e5b:Merge upstream main through c5d00cb|0dd8008463d:merge: absorb upstream 480e0c0 into PR presentation assembly|6bf596259a7:merge: absorb frozen upstream e4968af|9f89d941dd1:merge: absorb frozen upstream c37ba84|55fb755bebb:merge: absorb frozen upstream for WO-1217|4018b96af02:refactor(sessions): split static gate owners|9ed7fd20b49:merge: absorb upstream cc48aef into continuation assembly|2e155cf622e:merge: absorb upstream through 20eda for continuation assembly|726f4e2f9cc:Merge upstream after post-666 corrections|bae7eae11ab:Merge upstream/main into post-666 assembly candidate|18e02c2b5b3:fix(continuation): add managed delegate return claims|e534d1f15d2:fix(continuation): restore typed delegate input attachments|672bd50a7dc:Merge upstream 692310de into continuation assembly|0ff0add5e40:merge: absorb upstream through 025e6cee for #1172|81930ccd5e2:merge: absorb upstream through 444fd4b for #1172|b97ac9c852a:Merge upstream 53d600a into #1184 continuation candidate|c22ef4effa1:Merge upstream into #1184 final assembly candidate|228da670830:merge: absorb upstream lifecycle and cron ownership into assembly|a05d8a41a26:merge: absorb frozen upstream for #1172|e3dd5604a7d:Merge frozen implementation epoch for #1172 LOC policy|c15743f18b6:temporary exact-tree LOC comparison|03899c6a484:fix(continuation): trust only internal trace context|0dc146c8c57:Merge upstream main into #1172 cut candidate|f818456269b:Merge upstream 8f8b44a3ce8 into #1172 cut candidate|4577adf1607:merge: absorb upstream main through 7a456e362d|166eaaa9bcb:Merge upstream/main into 1172 status row assembly|7043b6f9a0d:Merge upstream/main into 1172 status row assembly|42a449f9ad2:Merge upstream/main into #1172 safe assembly|2ac73584e10:Merge upstream/main into #1172 assembly|56360c15761:Merge upstream/main into #1172 assembly|a9ea8e596e7:Backmerge upstream main into assembly after splay prune|11d7c638245:merge: absorb upstream drift into assembly|5503bd986c2:Merge remote-tracking branch 'upstream/main' into scribe/20260704/assembly-upstream-drift-backmerge|bca2b0b89ab:Merge remote-tracking branch 'upstream/main' into scribe/20260703/assembly-1159-main-backmerge|d3cfdf2dbf5:merge: absorb upstream main after 1159 fold|f6fe0301d71:fix: tighten continuation delegate hop accounting|abe0cfde988:fix(continuation): #1144 autoreview round 2 — precise post-compaction finalize + mtime defense|b5cb99b3efb:feat(continuation): model/provider selection on continue_delegate dispatch (#1079)|d04ab6c5567:Merge upstream/main 190ca52882 (drift re-absorb #4) + prune stale deadcode allowlist|ca02cd2e616:Merge upstream/main into assembly — absorb 1361-commit drift for PR #85651 currency|f05c7cb92d5:WIP dc2: merge upstream d89ab2c014 onto 077b261dd8 — agent-runner-execution.ts resolved (version-A, scout-confirmed); 5 files conflict-marked for prince byte-check|d2c7457b3ba:merge: drift-cure back-merge upstream/main into assembly-drift-cure (#999 post-cleanse)|8e04d27f1a5:feat(continuation): replay drift-cure candidate onto upstream supersedes the 14-line post-PR set candidate. No upstream restoration applies in this cure.
src/config/zod-schema.agent-defaults.ts	2	39ba69d76b27e572ac69bde9612c4321c6ab9813	05da30795e124314e4dbeff5c395a8717edbde4f	+57/-2	b5f1960fd4d:merge: backmerge frozen upstream into continuation|2cf1c4dba1a:Merge upstream main into continuation assembly|3f8d6503dde:Merge upstream main 530b33e4 into continuation assembly|9ed7fd20b49:merge: absorb upstream cc48aef into continuation assembly|2e155cf622e:merge: absorb upstream through 20eda for continuation assembly|bae7eae11ab:Merge upstream/main into post-666 assembly candidate|672bd50a7dc:Merge upstream 692310de into continuation assembly|81930ccd5e2:merge: absorb upstream through 444fd4b for #1172|c22ef4effa1:Merge upstream into #1184 final assembly candidate|42a449f9ad2:Merge upstream/main into #1172 safe assembly|56360c15761:Merge upstream/main into #1172 assembly|394649fbcbb:Merge remote-tracking branch 'upstream/main' into scribe/20260704/assembly-upstream-drift-backmerge|c7c54adf1c6:feat(continuation): #990 design-pass — bucket-1 orphan-reap + locus-3 durable-mark + tunables|8d1633ffb67:fix(continuation): maxPendingWork cap + drain-superseded guard (#986)|3a5266e6de8:scrub: remove fork org/issue refs + internal codenames for upstream presentation|8e04d27f1a5:feat(continuation): replay drift-cure candidate onto upstream	No current-upstream hunk exists: UPSTREAM:path equals OLD_MERGE_BASE:path at 39ba69d76b27e572ac69bde9612c4321c6ab9813. CANDIDATE preserves accepted SOURCE blob 05da30795e124314e4dbeff5c395a8717edbde4f; the accepted +57/-2 overlay from b5f1960fd4d:merge: backmerge frozen upstream into continuation|2cf1c4dba1a:Merge upstream main into continuation assembly|3f8d6503dde:Merge upstream main 530b33e4 into continuation assembly|9ed7fd20b49:merge: absorb upstream cc48aef into continuation assembly|2e155cf622e:merge: absorb upstream through 20eda for continuation assembly|bae7eae11ab:Merge upstream/main into post-666 assembly candidate|672bd50a7dc:Merge upstream 692310de into continuation assembly|81930ccd5e2:merge: absorb upstream through 444fd4b for #1172|c22ef4effa1:Merge upstream into #1184 final assembly candidate|42a449f9ad2:Merge upstream/main into #1172 safe assembly|56360c15761:Merge upstream/main into #1172 assembly|394649fbcbb:Merge remote-tracking branch 'upstream/main' into scribe/20260704/assembly-upstream-drift-backmerge|c7c54adf1c6:feat(continuation): #990 design-pass — bucket-1 orphan-reap + locus-3 durable-mark + tunables|8d1633ffb67:fix(continuation): maxPendingWork cap + drain-superseded guard (#986)|3a5266e6de8:scrub: remove fork org/issue refs + internal codenames for upstream presentation|8e04d27f1a5:feat(continuation): replay drift-cure candidate onto upstream supersedes the 2-line post-PR set candidate. No upstream restoration applies in this cure.
src/cron/service/timer.regression.test.ts	1	ac3be1bc3cbac76b585addb1457e5245616c1d8e	51a4ec47737880763c6df9167addb5a833ea3e97	+1/-1	b5f1960fd4d:merge: backmerge frozen upstream into continuation|2cf1c4dba1a:Merge upstream main into continuation assembly|f2cc523f491:Merge upstream eb63cb148 into continuation assembly|3f8d6503dde:Merge upstream main 530b33e4 into continuation assembly|90b055341a1:Merge upstream/main into the continuation assembly candidate|ca5a25affc9:Merge upstream/main (cb50289e283) into 1172 continuation assembly|164351fe76c:merge: absorb final frozen upstream for WO-1217|b5bc4347c0d:Merge upstream 18c9f27e into #1219 F1 accepted head|8cad5c7aa3b:merge: absorb frozen upstream 86233913 for #1216|68358363287:Merge frozen upstream acf28495 into 1172 status-row assembly|2615e52048d:merge(1205): absorb current upstream f9207db3 into continuation base 4c5bd846|a5a0bf46928:refactor(continuation): split static gate owners	No current-upstream hunk exists: UPSTREAM:path equals OLD_MERGE_BASE:path at ac3be1bc3cbac76b585addb1457e5245616c1d8e. CANDIDATE preserves accepted SOURCE blob 51a4ec47737880763c6df9167addb5a833ea3e97; the accepted +1/-1 overlay from b5f1960fd4d:merge: backmerge frozen upstream into continuation|2cf1c4dba1a:Merge upstream main into continuation assembly|f2cc523f491:Merge upstream eb63cb148 into continuation assembly|3f8d6503dde:Merge upstream main 530b33e4 into continuation assembly|90b055341a1:Merge upstream/main into the continuation assembly candidate|ca5a25affc9:Merge upstream/main (cb50289e283) into 1172 continuation assembly|164351fe76c:merge: absorb final frozen upstream for WO-1217|b5bc4347c0d:Merge upstream 18c9f27e into #1219 F1 accepted head|8cad5c7aa3b:merge: absorb frozen upstream 86233913 for #1216|68358363287:Merge frozen upstream acf28495 into 1172 status-row assembly|2615e52048d:merge(1205): absorb current upstream f9207db3 into continuation base 4c5bd846|a5a0bf46928:refactor(continuation): split static gate owners supersedes the 1-line post-PR set candidate. No upstream restoration applies in this cure.
src/gateway/agent-turn/agent-session-persist.ts	2	b9802fd1b7eb9e171816fe805593f7488143e415	d974dd345eaf3cf8af8be2f66eced78fa3f5dc9d	+11/-2	b5f1960fd4d:merge: backmerge frozen upstream into continuation|f2cc523f491:Merge upstream eb63cb148 into continuation assembly|3f8d6503dde:Merge upstream main 530b33e4 into continuation assembly|056bdf88295:Merge upstream/main (750d0dcd9e7) into 1172 continuation assembly|90457acf7e3:Merge remote-tracking branch 'upstream/main' into scribe/20260809/backmerge-upstream	No current-upstream hunk exists: UPSTREAM:path equals OLD_MERGE_BASE:path at b9802fd1b7eb9e171816fe805593f7488143e415. CANDIDATE preserves accepted SOURCE blob d974dd345eaf3cf8af8be2f66eced78fa3f5dc9d; the accepted +11/-2 overlay from b5f1960fd4d:merge: backmerge frozen upstream into continuation|f2cc523f491:Merge upstream eb63cb148 into continuation assembly|3f8d6503dde:Merge upstream main 530b33e4 into continuation assembly|056bdf88295:Merge upstream/main (750d0dcd9e7) into 1172 continuation assembly|90457acf7e3:Merge remote-tracking branch 'upstream/main' into scribe/20260809/backmerge-upstream supersedes the 2-line post-PR set candidate. No upstream restoration applies in this cure.
src/gateway/chat-display-projection.core.ts	2	db6963a62efbab2382ef344e46afcc72ce29c766	6a3538259f05723c6d91c8dd91055ea3920a0fde	+12/-6	90b055341a1:Merge upstream/main into the continuation assembly candidate|31af61428a6:merge: absorb upstream drift and restore continuation tracing|23f9d033c3c:merge: absorb upstream 53ae576 into PR presentation assembly|e9a5ae9d12d:Merge upstream 0ea8d565 into CFC5 successor|9ed7fd20b49:merge: absorb upstream cc48aef into continuation assembly|a491b32e26e:fix(gateway): harden validation terminal ownership	No current-upstream hunk exists: UPSTREAM:path equals OLD_MERGE_BASE:path at db6963a62efbab2382ef344e46afcc72ce29c766. CANDIDATE preserves accepted SOURCE blob 6a3538259f05723c6d91c8dd91055ea3920a0fde; the accepted +12/-6 overlay from 90b055341a1:Merge upstream/main into the continuation assembly candidate|31af61428a6:merge: absorb upstream drift and restore continuation tracing|23f9d033c3c:merge: absorb upstream 53ae576 into PR presentation assembly|e9a5ae9d12d:Merge upstream 0ea8d565 into CFC5 successor|9ed7fd20b49:merge: absorb upstream cc48aef into continuation assembly|a491b32e26e:fix(gateway): harden validation terminal ownership supersedes the 2-line post-PR set candidate. No upstream restoration applies in this cure.
src/gateway/mcp-http.runtime.ts	1	78600d99a4e9384053282508bc2a27f744eb2afd	eaec1c67cf0dcca5bb3c77f40296a2cd99b3884a	+18/-1	b5f1960fd4d:merge: backmerge frozen upstream into continuation|2cf1c4dba1a:Merge upstream main into continuation assembly|3f8d6503dde:Merge upstream main 530b33e4 into continuation assembly|7464b874e55:merge: absorb upstream/main drift|164351fe76c:merge: absorb final frozen upstream for WO-1217|55fb755bebb:merge: absorb frozen upstream for WO-1217|b5bc4347c0d:Merge upstream 18c9f27e into #1219 F1 accepted head|68358363287:Merge frozen upstream acf28495 into 1172 status-row assembly|bae7eae11ab:Merge upstream/main into post-666 assembly candidate|672bd50a7dc:Merge upstream 692310de into continuation assembly|228da670830:merge: absorb upstream lifecycle and cron ownership into assembly|977a63e8a4c:Merge upstream/main into #1172 safe assembly|d99dd096dd6:Merge upstream/main into #1172 safe assembly|8434785c49b:Merge upstream/main into #1172 assembly|56360c15761:Merge upstream/main into #1172 assembly|2e584ac4bea:merge: sync upstream/main (3d05da9a54) into drift-corrected tip; reconcile 6 conflicts|f05c7cb92d5:WIP dc2: merge upstream d89ab2c014 onto 077b261dd8 — agent-runner-execution.ts resolved (version-A, scout-confirmed); 5 files conflict-marked for prince byte-check|f3f9fcceaeb:Back-merge upstream/main (bf89552) into assembly-token-wiring drift-correct|3a5266e6de8:scrub: remove fork org/issue refs + internal codenames for upstream presentation|077f1233cc7:Merge remote-tracking branch 'upstream/main' into frond-scribe/20260606/assembly-stabilized|8e04d27f1a5:feat(continuation): replay drift-cure candidate onto upstream	No current-upstream hunk exists: UPSTREAM:path equals OLD_MERGE_BASE:path at 78600d99a4e9384053282508bc2a27f744eb2afd. CANDIDATE preserves accepted SOURCE blob eaec1c67cf0dcca5bb3c77f40296a2cd99b3884a; the accepted +18/-1 overlay from b5f1960fd4d:merge: backmerge frozen upstream into continuation|2cf1c4dba1a:Merge upstream main into continuation assembly|3f8d6503dde:Merge upstream main 530b33e4 into continuation assembly|7464b874e55:merge: absorb upstream/main drift|164351fe76c:merge: absorb final frozen upstream for WO-1217|55fb755bebb:merge: absorb frozen upstream for WO-1217|b5bc4347c0d:Merge upstream 18c9f27e into #1219 F1 accepted head|68358363287:Merge frozen upstream acf28495 into 1172 status-row assembly|bae7eae11ab:Merge upstream/main into post-666 assembly candidate|672bd50a7dc:Merge upstream 692310de into continuation assembly|228da670830:merge: absorb upstream lifecycle and cron ownership into assembly|977a63e8a4c:Merge upstream/main into #1172 safe assembly|d99dd096dd6:Merge upstream/main into #1172 safe assembly|8434785c49b:Merge upstream/main into #1172 assembly|56360c15761:Merge upstream/main into #1172 assembly|2e584ac4bea:merge: sync upstream/main (3d05da9a54) into drift-corrected tip; reconcile 6 conflicts|f05c7cb92d5:WIP dc2: merge upstream d89ab2c014 onto 077b261dd8 — agent-runner-execution.ts resolved (version-A, scout-confirmed); 5 files conflict-marked for prince byte-check|f3f9fcceaeb:Back-merge upstream/main (bf89552) into assembly-token-wiring drift-correct|3a5266e6de8:scrub: remove fork org/issue refs + internal codenames for upstream presentation|077f1233cc7:Merge remote-tracking branch 'upstream/main' into frond-scribe/20260606/assembly-stabilized|8e04d27f1a5:feat(continuation): replay drift-cure candidate onto upstream supersedes the 1-line post-PR set candidate. No upstream restoration applies in this cure.
src/gateway/portals/portal-http-proxy.ts	2	960729d99efc59f7d50879b7e2ea502e3cf079b4	ae6acaaa51662a6bc8057594864e940582966618	+20/-2	aa02de3419b:fix(gateway): make portal loopback dual-stack	No current-upstream hunk exists: UPSTREAM:path equals OLD_MERGE_BASE:path at 960729d99efc59f7d50879b7e2ea502e3cf079b4. CANDIDATE preserves accepted SOURCE blob ae6acaaa51662a6bc8057594864e940582966618; the accepted +20/-2 overlay from aa02de3419b:fix(gateway): make portal loopback dual-stack supersedes the 2-line post-PR set candidate. No upstream restoration applies in this cure.
src/gateway/probe.device-auth-scope.test.ts	6	7694dcd03b3c993b23dd04ce0fc4a6e6a47827be	d64e50c7f14bd49c844cb15ef05076b5d56adb0f	+6/-6	3f8d6503dde:Merge upstream main 530b33e4 into continuation assembly|a316a17ca0d:merge: absorb upstream/main drift and follow the session-path renames	No current-upstream hunk exists: UPSTREAM:path equals OLD_MERGE_BASE:path at 7694dcd03b3c993b23dd04ce0fc4a6e6a47827be. CANDIDATE preserves accepted SOURCE blob d64e50c7f14bd49c844cb15ef05076b5d56adb0f; the accepted +6/-6 overlay from 3f8d6503dde:Merge upstream main 530b33e4 into continuation assembly|a316a17ca0d:merge: absorb upstream/main drift and follow the session-path renames supersedes the 6-line post-PR set candidate. No upstream restoration applies in this cure.
src/gateway/server-chat.agent-events.test.ts	17	e57f812113a4bd4a37819fa908dc05113c9d27a3	8533abf9fc880d5347d38d13802cd539d0b19645	+583/-58	b5f1960fd4d:merge: backmerge frozen upstream into continuation|f2cc523f491:Merge upstream eb63cb148 into continuation assembly|3f8d6503dde:Merge upstream main 530b33e4 into continuation assembly|a8775165a4f:merge: absorb upstream drift #9 into assembly|90b055341a1:Merge upstream/main into the continuation assembly candidate|ca5a25affc9:Merge upstream/main (cb50289e283) into 1172 continuation assembly|8abde93a5d1:Merge upstream 9aa24e8f into PR presentation assembly|9f89d941dd1:merge: absorb frozen upstream c37ba84|55fb755bebb:merge: absorb frozen upstream for WO-1217|b5bc4347c0d:Merge upstream 18c9f27e into #1219 F1 accepted head|8cad5c7aa3b:merge: absorb frozen upstream 86233913 for #1216|68358363287:Merge frozen upstream acf28495 into 1172 status-row assembly|2615e52048d:merge(1205): absorb current upstream f9207db3 into continuation base 4c5bd846|a491b32e26e:fix(gateway): harden validation terminal ownership	No current-upstream hunk exists: UPSTREAM:path equals OLD_MERGE_BASE:path at e57f812113a4bd4a37819fa908dc05113c9d27a3. CANDIDATE preserves accepted SOURCE blob 8533abf9fc880d5347d38d13802cd539d0b19645; the accepted +583/-58 overlay from b5f1960fd4d:merge: backmerge frozen upstream into continuation|f2cc523f491:Merge upstream eb63cb148 into continuation assembly|3f8d6503dde:Merge upstream main 530b33e4 into continuation assembly|a8775165a4f:merge: absorb upstream drift #9 into assembly|90b055341a1:Merge upstream/main into the continuation assembly candidate|ca5a25affc9:Merge upstream/main (cb50289e283) into 1172 continuation assembly|8abde93a5d1:Merge upstream 9aa24e8f into PR presentation assembly|9f89d941dd1:merge: absorb frozen upstream c37ba84|55fb755bebb:merge: absorb frozen upstream for WO-1217|b5bc4347c0d:Merge upstream 18c9f27e into #1219 F1 accepted head|8cad5c7aa3b:merge: absorb frozen upstream 86233913 for #1216|68358363287:Merge frozen upstream acf28495 into 1172 status-row assembly|2615e52048d:merge(1205): absorb current upstream f9207db3 into continuation base 4c5bd846|a491b32e26e:fix(gateway): harden validation terminal ownership supersedes the 17-line post-PR set candidate. No upstream restoration applies in this cure.
src/gateway/server-chat.ts	26	a797c501fbee74fbbd39743af44828739f48dece	9500284e6576af9c4cbacfd0ffb9a68e44f1486f	+106/-47	b5f1960fd4d:merge: backmerge frozen upstream into continuation|f2cc523f491:Merge upstream eb63cb148 into continuation assembly|dfe2d49b2cb:refactor: close continuation gate ratchets|3f8d6503dde:Merge upstream main 530b33e4 into continuation assembly|a8775165a4f:merge: absorb upstream drift #9 into assembly|3b33188c6d4:merge: absorb upstream/main into continuation assembly|324fef4071d:Merge remote-tracking branch 'upstream/main' into scribe/20260809/backmerge-upstream|ca5a25affc9:Merge upstream/main (cb50289e283) into 1172 continuation assembly|9f89d941dd1:merge: absorb frozen upstream c37ba84|55fb755bebb:merge: absorb frozen upstream for WO-1217|b5bc4347c0d:Merge upstream 18c9f27e into #1219 F1 accepted head|8cad5c7aa3b:merge: absorb frozen upstream 86233913 for #1216|68358363287:Merge frozen upstream acf28495 into 1172 status-row assembly|2615e52048d:merge(1205): absorb current upstream f9207db3 into continuation base 4c5bd846|9ed7fd20b49:merge: absorb upstream cc48aef into continuation assembly|a491b32e26e:fix(gateway): harden validation terminal ownership	No current-upstream hunk exists: UPSTREAM:path equals OLD_MERGE_BASE:path at a797c501fbee74fbbd39743af44828739f48dece. CANDIDATE preserves accepted SOURCE blob 9500284e6576af9c4cbacfd0ffb9a68e44f1486f; the accepted +106/-47 overlay from b5f1960fd4d:merge: backmerge frozen upstream into continuation|f2cc523f491:Merge upstream eb63cb148 into continuation assembly|dfe2d49b2cb:refactor: close continuation gate ratchets|3f8d6503dde:Merge upstream main 530b33e4 into continuation assembly|a8775165a4f:merge: absorb upstream drift #9 into assembly|3b33188c6d4:merge: absorb upstream/main into continuation assembly|324fef4071d:Merge remote-tracking branch 'upstream/main' into scribe/20260809/backmerge-upstream|ca5a25affc9:Merge upstream/main (cb50289e283) into 1172 continuation assembly|9f89d941dd1:merge: absorb frozen upstream c37ba84|55fb755bebb:merge: absorb frozen upstream for WO-1217|b5bc4347c0d:Merge upstream 18c9f27e into #1219 F1 accepted head|8cad5c7aa3b:merge: absorb frozen upstream 86233913 for #1216|68358363287:Merge frozen upstream acf28495 into 1172 status-row assembly|2615e52048d:merge(1205): absorb current upstream f9207db3 into continuation base 4c5bd846|9ed7fd20b49:merge: absorb upstream cc48aef into continuation assembly|a491b32e26e:fix(gateway): harden validation terminal ownership supersedes the 26-line post-PR set candidate. No upstream restoration applies in this cure.
src/gateway/server-close.test.ts	4	32bda0871deea17f3b4890800c75a36e9c427d23	28594e62d960ce1156a05228a68b290010b8a64b	+18/-9	b5f1960fd4d:merge: backmerge frozen upstream into continuation|2cf1c4dba1a:Merge upstream main into continuation assembly|f2cc523f491:Merge upstream eb63cb148 into continuation assembly|3f8d6503dde:Merge upstream main 530b33e4 into continuation assembly|9507800800a:merge: absorb upstream/main into continuation assembly|90b055341a1:Merge upstream/main into the continuation assembly candidate|9f89d941dd1:merge: absorb frozen upstream c37ba84|55fb755bebb:merge: absorb frozen upstream for WO-1217|b5bc4347c0d:Merge upstream 18c9f27e into #1219 F1 accepted head|e9a5ae9d12d:Merge upstream 0ea8d565 into CFC5 successor|9ed7fd20b49:merge: absorb upstream cc48aef into continuation assembly|2e155cf622e:merge: absorb upstream through 20eda for continuation assembly|bae7eae11ab:Merge upstream/main into post-666 assembly candidate|b134a64a443:fix(continuation): harden structured delegate returns	No current-upstream hunk exists: UPSTREAM:path equals OLD_MERGE_BASE:path at 32bda0871deea17f3b4890800c75a36e9c427d23. CANDIDATE preserves accepted SOURCE blob 28594e62d960ce1156a05228a68b290010b8a64b; the accepted +18/-9 overlay from b5f1960fd4d:merge: backmerge frozen upstream into continuation|2cf1c4dba1a:Merge upstream main into continuation assembly|f2cc523f491:Merge upstream eb63cb148 into continuation assembly|3f8d6503dde:Merge upstream main 530b33e4 into continuation assembly|9507800800a:merge: absorb upstream/main into continuation assembly|90b055341a1:Merge upstream/main into the continuation assembly candidate|9f89d941dd1:merge: absorb frozen upstream c37ba84|55fb755bebb:merge: absorb frozen upstream for WO-1217|b5bc4347c0d:Merge upstream 18c9f27e into #1219 F1 accepted head|e9a5ae9d12d:Merge upstream 0ea8d565 into CFC5 successor|9ed7fd20b49:merge: absorb upstream cc48aef into continuation assembly|2e155cf622e:merge: absorb upstream through 20eda for continuation assembly|bae7eae11ab:Merge upstream/main into post-666 assembly candidate|b134a64a443:fix(continuation): harden structured delegate returns supersedes the 4-line post-PR set candidate. No upstream restoration applies in this cure.
src/gateway/server-maintenance.ts	2	00cd87bbbe3c02109c7ac69b611d43f1eb551a97	ee84e1c19221fd31f72cbcde7a9e8b95b3b8db8e	+59/-2	2cf1c4dba1a:Merge upstream main into continuation assembly|f2cc523f491:Merge upstream eb63cb148 into continuation assembly|3f8d6503dde:Merge upstream main 530b33e4 into continuation assembly|056bdf88295:Merge upstream/main (750d0dcd9e7) into 1172 continuation assembly|6bf596259a7:merge: absorb frozen upstream e4968af|9f89d941dd1:merge: absorb frozen upstream c37ba84|164351fe76c:merge: absorb final frozen upstream for WO-1217|55fb755bebb:merge: absorb frozen upstream for WO-1217|b5bc4347c0d:Merge upstream 18c9f27e into #1219 F1 accepted head|9ed7fd20b49:merge: absorb upstream cc48aef into continuation assembly|0c8f4f9a490:fix(continuation): port managed artifact safeguards|ed7170c8cc5:refactor(agents): split delegate artifact ownership|bae7eae11ab:Merge upstream/main into post-666 assembly candidate|8e55bfda61c:fix(continuation): make delegate returns crash safe	No current-upstream hunk exists: UPSTREAM:path equals OLD_MERGE_BASE:path at 00cd87bbbe3c02109c7ac69b611d43f1eb551a97. CANDIDATE preserves accepted SOURCE blob ee84e1c19221fd31f72cbcde7a9e8b95b3b8db8e; the accepted +59/-2 overlay from 2cf1c4dba1a:Merge upstream main into continuation assembly|f2cc523f491:Merge upstream eb63cb148 into continuation assembly|3f8d6503dde:Merge upstream main 530b33e4 into continuation assembly|056bdf88295:Merge upstream/main (750d0dcd9e7) into 1172 continuation assembly|6bf596259a7:merge: absorb frozen upstream e4968af|9f89d941dd1:merge: absorb frozen upstream c37ba84|164351fe76c:merge: absorb final frozen upstream for WO-1217|55fb755bebb:merge: absorb frozen upstream for WO-1217|b5bc4347c0d:Merge upstream 18c9f27e into #1219 F1 accepted head|9ed7fd20b49:merge: absorb upstream cc48aef into continuation assembly|0c8f4f9a490:fix(continuation): port managed artifact safeguards|ed7170c8cc5:refactor(agents): split delegate artifact ownership|bae7eae11ab:Merge upstream/main into post-666 assembly candidate|8e55bfda61c:fix(continuation): make delegate returns crash safe supersedes the 2-line post-PR set candidate. No upstream restoration applies in this cure.
src/gateway/server-methods/agent.events-and-subagents.test-utils.ts	1	3bc0ce92500f460e82400abd49811376d9a6edf7	aff72df7ffc6758e0d5fd2f1706c708654f2ae44	+206/-1	b5f1960fd4d:merge: backmerge frozen upstream into continuation|2cf1c4dba1a:Merge upstream main into continuation assembly|f2cc523f491:Merge upstream eb63cb148 into continuation assembly|9507800800a:merge: absorb upstream/main into continuation assembly|0dd8008463d:merge: absorb upstream 480e0c0 into PR presentation assembly|cb73c7db50c:Merge upstream f4387b7a into PR presentation assembly|8abde93a5d1:Merge upstream 9aa24e8f into PR presentation assembly|164351fe76c:merge: absorb final frozen upstream for WO-1217|55fb755bebb:merge: absorb frozen upstream for WO-1217|68358363287:Merge frozen upstream acf28495 into 1172 status-row assembly|bae7eae11ab:Merge upstream/main into post-666 assembly candidate|a05d8a41a26:merge: absorb frozen upstream for #1172|c15743f18b6:temporary exact-tree LOC comparison	No current-upstream hunk exists: UPSTREAM:path equals OLD_MERGE_BASE:path at 3bc0ce92500f460e82400abd49811376d9a6edf7. CANDIDATE preserves accepted SOURCE blob aff72df7ffc6758e0d5fd2f1706c708654f2ae44; the accepted +206/-1 overlay from b5f1960fd4d:merge: backmerge frozen upstream into continuation|2cf1c4dba1a:Merge upstream main into continuation assembly|f2cc523f491:Merge upstream eb63cb148 into continuation assembly|9507800800a:merge: absorb upstream/main into continuation assembly|0dd8008463d:merge: absorb upstream 480e0c0 into PR presentation assembly|cb73c7db50c:Merge upstream f4387b7a into PR presentation assembly|8abde93a5d1:Merge upstream 9aa24e8f into PR presentation assembly|164351fe76c:merge: absorb final frozen upstream for WO-1217|55fb755bebb:merge: absorb frozen upstream for WO-1217|68358363287:Merge frozen upstream acf28495 into 1172 status-row assembly|bae7eae11ab:Merge upstream/main into post-666 assembly candidate|a05d8a41a26:merge: absorb frozen upstream for #1172|c15743f18b6:temporary exact-tree LOC comparison supersedes the 1-line post-PR set candidate. No upstream restoration applies in this cure.
src/gateway/server-methods/chat-send-agent-dispatch.ts	28	2d820d0b215070b7d3e72a587946420b1f061909	85aecfb256dbdfd40d75fc2105b0d00a8ed79a21	+27/-37	b5f1960fd4d:merge: backmerge frozen upstream into continuation|2cf1c4dba1a:Merge upstream main into continuation assembly|f2cc523f491:Merge upstream eb63cb148 into continuation assembly|dfe2d49b2cb:refactor: close continuation gate ratchets|3f8d6503dde:Merge upstream main 530b33e4 into continuation assembly|1552b01d046:merge: absorb upstream/main ff73a14f5ae into assembly	No current-upstream hunk exists: UPSTREAM:path equals OLD_MERGE_BASE:path at 2d820d0b215070b7d3e72a587946420b1f061909. CANDIDATE preserves accepted SOURCE blob 85aecfb256dbdfd40d75fc2105b0d00a8ed79a21; the accepted +27/-37 overlay from b5f1960fd4d:merge: backmerge frozen upstream into continuation|2cf1c4dba1a:Merge upstream main into continuation assembly|f2cc523f491:Merge upstream eb63cb148 into continuation assembly|dfe2d49b2cb:refactor: close continuation gate ratchets|3f8d6503dde:Merge upstream main 530b33e4 into continuation assembly|1552b01d046:merge: absorb upstream/main ff73a14f5ae into assembly supersedes the 28-line post-PR set candidate. No upstream restoration applies in this cure.
src/gateway/server-node-events.ts	2	238d538994224189a841e83e34530235a4907c47	55452e792d71bcb235a4a8e3941d7c73e51ec7ed	+2/-2	f2cc523f491:Merge upstream eb63cb148 into continuation assembly	No current-upstream hunk exists: UPSTREAM:path equals OLD_MERGE_BASE:path at 238d538994224189a841e83e34530235a4907c47. CANDIDATE preserves accepted SOURCE blob 55452e792d71bcb235a4a8e3941d7c73e51ec7ed; the accepted +2/-2 overlay from f2cc523f491:Merge upstream eb63cb148 into continuation assembly supersedes the 2-line post-PR set candidate. No upstream restoration applies in this cure.
src/gateway/server-restart-sentinel.test.ts	1	55fb81267b004fbac77b559582be93f5b88e543e	9547f184231097dcc98d471320022e72dda34689	+367/-14	b5f1960fd4d:merge: backmerge frozen upstream into continuation|f2cc523f491:Merge upstream eb63cb148 into continuation assembly|6be6484bd9f:fix: close continuation gate debt|3f8d6503dde:Merge upstream main 530b33e4 into continuation assembly|a316a17ca0d:merge: absorb upstream/main drift and follow the session-path renames|3b33188c6d4:merge: absorb upstream/main into continuation assembly|056bdf88295:Merge upstream/main (750d0dcd9e7) into 1172 continuation assembly|90b055341a1:Merge upstream/main into the continuation assembly candidate|8abde93a5d1:Merge upstream 9aa24e8f into PR presentation assembly|55fb755bebb:merge: absorb frozen upstream for WO-1217|009e4554627:fix: preserve generated media continuations|2615e52048d:merge(1205): absorb current upstream f9207db3 into continuation base 4c5bd846|7241da4590f:test(gateway): retarget the absorbed restart-sentinel note assertion|9ed7fd20b49:merge: absorb upstream cc48aef into continuation assembly|e58c5e54925:test(gateway): arm the post-compaction routing fixture inside the stale TTL|726f4e2f9cc:Merge upstream after post-666 corrections|bae7eae11ab:Merge upstream/main into post-666 assembly candidate|8e55bfda61c:fix(continuation): make delegate returns crash safe|18e02c2b5b3:fix(continuation): add managed delegate return claims|b658a3803ac:fix(continuation): classify disabled restart recovery|81930ccd5e2:merge: absorb upstream through 444fd4b for #1172	No current-upstream hunk exists: UPSTREAM:path equals OLD_MERGE_BASE:path at 55fb81267b004fbac77b559582be93f5b88e543e. CANDIDATE preserves accepted SOURCE blob 9547f184231097dcc98d471320022e72dda34689; the accepted +367/-14 overlay from b5f1960fd4d:merge: backmerge frozen upstream into continuation|f2cc523f491:Merge upstream eb63cb148 into continuation assembly|6be6484bd9f:fix: close continuation gate debt|3f8d6503dde:Merge upstream main 530b33e4 into continuation assembly|a316a17ca0d:merge: absorb upstream/main drift and follow the session-path renames|3b33188c6d4:merge: absorb upstream/main into continuation assembly|056bdf88295:Merge upstream/main (750d0dcd9e7) into 1172 continuation assembly|90b055341a1:Merge upstream/main into the continuation assembly candidate|8abde93a5d1:Merge upstream 9aa24e8f into PR presentation assembly|55fb755bebb:merge: absorb frozen upstream for WO-1217|009e4554627:fix: preserve generated media continuations|2615e52048d:merge(1205): absorb current upstream f9207db3 into continuation base 4c5bd846|7241da4590f:test(gateway): retarget the absorbed restart-sentinel note assertion|9ed7fd20b49:merge: absorb upstream cc48aef into continuation assembly|e58c5e54925:test(gateway): arm the post-compaction routing fixture inside the stale TTL|726f4e2f9cc:Merge upstream after post-666 corrections|bae7eae11ab:Merge upstream/main into post-666 assembly candidate|8e55bfda61c:fix(continuation): make delegate returns crash safe|18e02c2b5b3:fix(continuation): add managed delegate return claims|b658a3803ac:fix(continuation): classify disabled restart recovery|81930ccd5e2:merge: absorb upstream through 444fd4b for #1172 supersedes the 1-line post-PR set candidate. No upstream restoration applies in this cure.
src/gateway/server-restart-sentinel.ts	167	c03fca7ef770b5e7b85f79cbdbb7234b9684b0a5	6bfc945c8d37518761d3f84d371e704bf3a8c1b6	+10/-253	b5f1960fd4d:merge: backmerge frozen upstream into continuation|ff3e0dd6337:Repair frozen upstream merge unions|6be6484bd9f:fix: close continuation gate debt|3f8d6503dde:Merge upstream main 530b33e4 into continuation assembly|056bdf88295:Merge upstream/main (750d0dcd9e7) into 1172 continuation assembly|55fb755bebb:merge: absorb frozen upstream for WO-1217|2615e52048d:merge(1205): absorb current upstream f9207db3 into continuation base 4c5bd846|9ed7fd20b49:merge: absorb upstream cc48aef into continuation assembly|a4ac044b19e:refactor(gateway): split restart delivery ownership|bae7eae11ab:Merge upstream/main into post-666 assembly candidate|8e55bfda61c:fix(continuation): make delegate returns crash safe|18e02c2b5b3:fix(continuation): add managed delegate return claims|b658a3803ac:fix(continuation): classify disabled restart recovery|81930ccd5e2:merge: absorb upstream through 444fd4b for #1172|228da670830:merge: absorb upstream lifecycle and cron ownership into assembly|a05d8a41a26:merge: absorb frozen upstream for #1172|a7408f4197f:refactor(continuation): extract post-compaction delivery owner|6339671f8df:Merge upstream/main into #1172 safe assembly|56360c15761:Merge upstream/main into #1172 assembly|cd255b3d6db:Merge upstream/main 2ce4a748 (drift re-absorb #6) + #1229 surface-budget pin|22bb2dd0dbe:Merge upstream/main (drift-absorb) into pr-presentation c814979|ca02cd2e616:Merge upstream/main into assembly — absorb 1361-commit drift for PR #85651 currency|d118c435610:Merge remote-tracking branch 'upstream/main' into frond-scribe/20260611/drift-preview-990|077f1233cc7:Merge remote-tracking branch 'upstream/main' into frond-scribe/20260606/assembly-stabilized|8e04d27f1a5:feat(continuation): replay drift-cure candidate onto upstream	No current-upstream hunk exists: UPSTREAM:path equals OLD_MERGE_BASE:path at c03fca7ef770b5e7b85f79cbdbb7234b9684b0a5. CANDIDATE preserves accepted SOURCE blob 6bfc945c8d37518761d3f84d371e704bf3a8c1b6; the accepted +10/-253 overlay from b5f1960fd4d:merge: backmerge frozen upstream into continuation|ff3e0dd6337:Repair frozen upstream merge unions|6be6484bd9f:fix: close continuation gate debt|3f8d6503dde:Merge upstream main 530b33e4 into continuation assembly|056bdf88295:Merge upstream/main (750d0dcd9e7) into 1172 continuation assembly|55fb755bebb:merge: absorb frozen upstream for WO-1217|2615e52048d:merge(1205): absorb current upstream f9207db3 into continuation base 4c5bd846|9ed7fd20b49:merge: absorb upstream cc48aef into continuation assembly|a4ac044b19e:refactor(gateway): split restart delivery ownership|bae7eae11ab:Merge upstream/main into post-666 assembly candidate|8e55bfda61c:fix(continuation): make delegate returns crash safe|18e02c2b5b3:fix(continuation): add managed delegate return claims|b658a3803ac:fix(continuation): classify disabled restart recovery|81930ccd5e2:merge: absorb upstream through 444fd4b for #1172|228da670830:merge: absorb upstream lifecycle and cron ownership into assembly|a05d8a41a26:merge: absorb frozen upstream for #1172|a7408f4197f:refactor(continuation): extract post-compaction delivery owner|6339671f8df:Merge upstream/main into #1172 safe assembly|56360c15761:Merge upstream/main into #1172 assembly|cd255b3d6db:Merge upstream/main 2ce4a748 (drift re-absorb #6) + #1229 surface-budget pin|22bb2dd0dbe:Merge upstream/main (drift-absorb) into pr-presentation c814979|ca02cd2e616:Merge upstream/main into assembly — absorb 1361-commit drift for PR #85651 currency|d118c435610:Merge remote-tracking branch 'upstream/main' into frond-scribe/20260611/drift-preview-990|077f1233cc7:Merge remote-tracking branch 'upstream/main' into frond-scribe/20260606/assembly-stabilized|8e04d27f1a5:feat(continuation): replay drift-cure candidate onto upstream supersedes the 167-line post-PR set candidate. No upstream restoration applies in this cure.
src/gateway/server-runtime-services.test.ts	4	b1ca12b13c5e624a311c20d7eef085ee1c91f13b	60ac345f131e0582a84b4d92f31cffab312aac23	+98/-101	b5f1960fd4d:merge: backmerge frozen upstream into continuation|3f8d6503dde:Merge upstream main 530b33e4 into continuation assembly|3b33188c6d4:merge: absorb upstream/main into continuation assembly|9f89d941dd1:merge: absorb frozen upstream c37ba84|164351fe76c:merge: absorb final frozen upstream for WO-1217|55fb755bebb:merge: absorb frozen upstream for WO-1217|b0ce8931261:fix(continuation): make the terminal continue_work outcome durable|e9a5ae9d12d:Merge upstream 0ea8d565 into CFC5 successor|bae7eae11ab:Merge upstream/main into post-666 assembly candidate|8e55bfda61c:fix(continuation): make delegate returns crash safe|228da670830:merge: absorb upstream lifecycle and cron ownership into assembly|d6ac137b148:Merge upstream c46cc1e2 into absorb branch|a05d8a41a26:merge: absorb frozen upstream for #1172|2cdab28219c:refactor(continuation): extract delegate recovery owner|3405f5c034a:test(continuation): characterize delegate recovery ownership|c15743f18b6:temporary exact-tree LOC comparison|0dc146c8c57:Merge upstream main into #1172 cut candidate|7043b6f9a0d:Merge upstream/main into 1172 status row assembly|a9ea8e596e7:Backmerge upstream main into assembly after splay prune|71679cb2f58:fix: address continuation review p2s|1387886374e:fix(continuation): requeue fast-restart next-seam claims	No current-upstream hunk exists: UPSTREAM:path equals OLD_MERGE_BASE:path at b1ca12b13c5e624a311c20d7eef085ee1c91f13b. CANDIDATE preserves accepted SOURCE blob 60ac345f131e0582a84b4d92f31cffab312aac23; the accepted +98/-101 overlay from b5f1960fd4d:merge: backmerge frozen upstream into continuation|3f8d6503dde:Merge upstream main 530b33e4 into continuation assembly|3b33188c6d4:merge: absorb upstream/main into continuation assembly|9f89d941dd1:merge: absorb frozen upstream c37ba84|164351fe76c:merge: absorb final frozen upstream for WO-1217|55fb755bebb:merge: absorb frozen upstream for WO-1217|b0ce8931261:fix(continuation): make the terminal continue_work outcome durable|e9a5ae9d12d:Merge upstream 0ea8d565 into CFC5 successor|bae7eae11ab:Merge upstream/main into post-666 assembly candidate|8e55bfda61c:fix(continuation): make delegate returns crash safe|228da670830:merge: absorb upstream lifecycle and cron ownership into assembly|d6ac137b148:Merge upstream c46cc1e2 into absorb branch|a05d8a41a26:merge: absorb frozen upstream for #1172|2cdab28219c:refactor(continuation): extract delegate recovery owner|3405f5c034a:test(continuation): characterize delegate recovery ownership|c15743f18b6:temporary exact-tree LOC comparison|0dc146c8c57:Merge upstream main into #1172 cut candidate|7043b6f9a0d:Merge upstream/main into 1172 status row assembly|a9ea8e596e7:Backmerge upstream main into assembly after splay prune|71679cb2f58:fix: address continuation review p2s|1387886374e:fix(continuation): requeue fast-restart next-seam claims supersedes the 4-line post-PR set candidate. No upstream restoration applies in this cure.
src/gateway/server-runtime-services.ts	1	a3e1c74491d897701846f30ff4505880959e3388	863927abcb09e51915937206c1ccc728b2588435	+89/-1	b5f1960fd4d:merge: backmerge frozen upstream into continuation|3f8d6503dde:Merge upstream main 530b33e4 into continuation assembly|3b33188c6d4:merge: absorb upstream/main into continuation assembly|9f89d941dd1:merge: absorb frozen upstream c37ba84|164351fe76c:merge: absorb final frozen upstream for WO-1217|55fb755bebb:merge: absorb frozen upstream for WO-1217|b0ce8931261:fix(continuation): make the terminal continue_work outcome durable|e9a5ae9d12d:Merge upstream 0ea8d565 into CFC5 successor|bae7eae11ab:Merge upstream/main into post-666 assembly candidate|8e55bfda61c:fix(continuation): make delegate returns crash safe|f76f0e5983f:refactor(continuation): retire unrelated carries|a05d8a41a26:merge: absorb frozen upstream for #1172|2cdab28219c:refactor(continuation): extract delegate recovery owner|c15743f18b6:temporary exact-tree LOC comparison|7043b6f9a0d:Merge upstream/main into 1172 status row assembly|6339671f8df:Merge upstream/main into #1172 safe assembly|a9ea8e596e7:Backmerge upstream main into assembly after splay prune|71679cb2f58:fix: address continuation review p2s|1387886374e:fix(continuation): requeue fast-restart next-seam claims|0c7e8d9b850:Fix replay-unsafe delegate and awaiting-seam recovery|bd54bb8d2a2:fix(continuation): #1158 review findings — post-compaction recovery + fold/silent/hedge (P1/P2)|71b082b6f5a:merge: absorb #1158 (codeagent/1144-assembly-review-followups) into assembly|c8ff54907c6:Merge origin/main into assembly continuation branch|9bad0670c83:fix(continuation): #1144 autoreview round 11 — bound post-compaction startup recovery to a boot-time cutoff (P2)|8df028d988e:fix(continuation): #1144 assembly review follow-ups (impl, tests pending)|c7c54adf1c6:feat(continuation): #990 design-pass — bucket-1 orphan-reap + locus-3 durable-mark + tunables|24c8991b6a6:fix: close continue_work redispatch findings|ca9726b6055:fix: grant continuation turns directly|d6d79d166dd:fix: make continuation delegate spawn recovery durable	No current-upstream hunk exists: UPSTREAM:path equals OLD_MERGE_BASE:path at a3e1c74491d897701846f30ff4505880959e3388. CANDIDATE preserves accepted SOURCE blob 863927abcb09e51915937206c1ccc728b2588435; the accepted +89/-1 overlay from b5f1960fd4d:merge: backmerge frozen upstream into continuation|3f8d6503dde:Merge upstream main 530b33e4 into continuation assembly|3b33188c6d4:merge: absorb upstream/main into continuation assembly|9f89d941dd1:merge: absorb frozen upstream c37ba84|164351fe76c:merge: absorb final frozen upstream for WO-1217|55fb755bebb:merge: absorb frozen upstream for WO-1217|b0ce8931261:fix(continuation): make the terminal continue_work outcome durable|e9a5ae9d12d:Merge upstream 0ea8d565 into CFC5 successor|bae7eae11ab:Merge upstream/main into post-666 assembly candidate|8e55bfda61c:fix(continuation): make delegate returns crash safe|f76f0e5983f:refactor(continuation): retire unrelated carries|a05d8a41a26:merge: absorb frozen upstream for #1172|2cdab28219c:refactor(continuation): extract delegate recovery owner|c15743f18b6:temporary exact-tree LOC comparison|7043b6f9a0d:Merge upstream/main into 1172 status row assembly|6339671f8df:Merge upstream/main into #1172 safe assembly|a9ea8e596e7:Backmerge upstream main into assembly after splay prune|71679cb2f58:fix: address continuation review p2s|1387886374e:fix(continuation): requeue fast-restart next-seam claims|0c7e8d9b850:Fix replay-unsafe delegate and awaiting-seam recovery|bd54bb8d2a2:fix(continuation): #1158 review findings — post-compaction recovery + fold/silent/hedge (P1/P2)|71b082b6f5a:merge: absorb #1158 (codeagent/1144-assembly-review-followups) into assembly|c8ff54907c6:Merge origin/main into assembly continuation branch|9bad0670c83:fix(continuation): #1144 autoreview round 11 — bound post-compaction startup recovery to a boot-time cutoff (P2)|8df028d988e:fix(continuation): #1144 assembly review follow-ups (impl, tests pending)|c7c54adf1c6:feat(continuation): #990 design-pass — bucket-1 orphan-reap + locus-3 durable-mark + tunables|24c8991b6a6:fix: close continue_work redispatch findings|ca9726b6055:fix: grant continuation turns directly|d6d79d166dd:fix: make continuation delegate spawn recovery durable supersedes the 1-line post-PR set candidate. No upstream restoration applies in this cure.
src/gateway/server-runtime-subscriptions.test.ts	91	ba0cd6387218865ca2e95b90329b2d8460f93d6e	8225c150fec46acb7e90a5c8f35a1a64ecff33a2	+129/-194	26d6e1b5857:test: repair final validation boundaries|b5f1960fd4d:merge: backmerge frozen upstream into continuation|2cf1c4dba1a:Merge upstream main into continuation assembly|f2cc523f491:Merge upstream eb63cb148 into continuation assembly|3f8d6503dde:Merge upstream main 530b33e4 into continuation assembly|9507800800a:merge: absorb upstream/main into continuation assembly|a7ef03177e0:Merge remote-tracking branch 'upstream/main' into scribe/20260809/backmerge-upstream|7f2601b6779:Merge upstream/main (df725434f36) into 1172 continuation assembly|ca5a25affc9:Merge upstream/main (cb50289e283) into 1172 continuation assembly|0dd8008463d:merge: absorb upstream 480e0c0 into PR presentation assembly|cb73c7db50c:Merge upstream f4387b7a into PR presentation assembly|164351fe76c:merge: absorb final frozen upstream for WO-1217|e9a5ae9d12d:Merge upstream 0ea8d565 into CFC5 successor|a491b32e26e:fix(gateway): harden validation terminal ownership|0ff0add5e40:merge: absorb upstream through 025e6cee for #1172	No current-upstream hunk exists: UPSTREAM:path equals OLD_MERGE_BASE:path at ba0cd6387218865ca2e95b90329b2d8460f93d6e. CANDIDATE preserves accepted SOURCE blob 8225c150fec46acb7e90a5c8f35a1a64ecff33a2; the accepted +129/-194 overlay from 26d6e1b5857:test: repair final validation boundaries|b5f1960fd4d:merge: backmerge frozen upstream into continuation|2cf1c4dba1a:Merge upstream main into continuation assembly|f2cc523f491:Merge upstream eb63cb148 into continuation assembly|3f8d6503dde:Merge upstream main 530b33e4 into continuation assembly|9507800800a:merge: absorb upstream/main into continuation assembly|a7ef03177e0:Merge remote-tracking branch 'upstream/main' into scribe/20260809/backmerge-upstream|7f2601b6779:Merge upstream/main (df725434f36) into 1172 continuation assembly|ca5a25affc9:Merge upstream/main (cb50289e283) into 1172 continuation assembly|0dd8008463d:merge: absorb upstream 480e0c0 into PR presentation assembly|cb73c7db50c:Merge upstream f4387b7a into PR presentation assembly|164351fe76c:merge: absorb final frozen upstream for WO-1217|e9a5ae9d12d:Merge upstream 0ea8d565 into CFC5 successor|a491b32e26e:fix(gateway): harden validation terminal ownership|0ff0add5e40:merge: absorb upstream through 025e6cee for #1172 supersedes the 91-line post-PR set candidate. No upstream restoration applies in this cure.
src/gateway/server/hooks.early-failure.test.ts	2	a7b4136450fba93af10bb4162bbfb5cf7e67aff0	5e72f040da034cc6cf513b200a16f942f04b28aa	+2/-2	b5f1960fd4d:merge: backmerge frozen upstream into continuation|6be6484bd9f:fix: close continuation gate debt	No current-upstream hunk exists: UPSTREAM:path equals OLD_MERGE_BASE:path at a7b4136450fba93af10bb4162bbfb5cf7e67aff0. CANDIDATE preserves accepted SOURCE blob 5e72f040da034cc6cf513b200a16f942f04b28aa; the accepted +2/-2 overlay from b5f1960fd4d:merge: backmerge frozen upstream into continuation|6be6484bd9f:fix: close continuation gate debt supersedes the 2-line post-PR set candidate. No upstream restoration applies in this cure.
src/gateway/server/hooks.terminal-target.test.ts	2	030387f6acf4380e72f788bb80ff4ea70eb031c4	b4b277e536cc2a84d47f6f38923005d203122abd	+2/-2	6be6484bd9f:fix: close continuation gate debt	No current-upstream hunk exists: UPSTREAM:path equals OLD_MERGE_BASE:path at 030387f6acf4380e72f788bb80ff4ea70eb031c4. CANDIDATE preserves accepted SOURCE blob b4b277e536cc2a84d47f6f38923005d203122abd; the accepted +2/-2 overlay from 6be6484bd9f:fix: close continuation gate debt supersedes the 2-line post-PR set candidate. No upstream restoration applies in this cure.
src/gateway/session-compaction-checkpoints.ts	2	efde1b0a2c45fb2db8320da719665a68169e22a1	8cb35a7234101af187d8906c02e225e9add05949	+2/-2	f2cc523f491:Merge upstream eb63cb148 into continuation assembly|3f8d6503dde:Merge upstream main 530b33e4 into continuation assembly|bd8fcdf6396:merge: absorb upstream/main drift (21 commits)|3b33188c6d4:merge: absorb upstream/main into continuation assembly|90b055341a1:Merge upstream/main into the continuation assembly candidate|324fef4071d:Merge remote-tracking branch 'upstream/main' into scribe/20260809/backmerge-upstream|d7b6ac70e5b:Merge upstream main through c5d00cb|2e155cf622e:merge: absorb upstream through 20eda for continuation assembly|bae7eae11ab:Merge upstream/main into post-666 assembly candidate|c22ef4effa1:Merge upstream into #1184 final assembly candidate|228da670830:merge: absorb upstream lifecycle and cron ownership into assembly|a05d8a41a26:merge: absorb frozen upstream for #1172|c15743f18b6:temporary exact-tree LOC comparison|83d0eba67f0:Merge remote-tracking branch 'upstream/main' into scribe/20260709/1172-status-row-assembly|a9ea8e596e7:Backmerge upstream main into assembly after splay prune|5503bd986c2:Merge remote-tracking branch 'upstream/main' into scribe/20260704/assembly-upstream-drift-backmerge|f27e2483608:Merge upstream/main into assembly-continuation-followons|cd255b3d6db:Merge upstream/main 2ce4a748 (drift re-absorb #6) + #1229 surface-budget pin|ca02cd2e616:Merge upstream/main into assembly — absorb 1361-commit drift for PR #85651 currency|2e584ac4bea:merge: sync upstream/main (3d05da9a54) into drift-corrected tip; reconcile 6 conflicts|f05c7cb92d5:WIP dc2: merge upstream d89ab2c014 onto 077b261dd8 — agent-runner-execution.ts resolved (version-A, scout-confirmed); 5 files conflict-marked for prince byte-check|8e04d27f1a5:feat(continuation): replay drift-cure candidate onto upstream	No current-upstream hunk exists: UPSTREAM:path equals OLD_MERGE_BASE:path at efde1b0a2c45fb2db8320da719665a68169e22a1. CANDIDATE preserves accepted SOURCE blob 8cb35a7234101af187d8906c02e225e9add05949; the accepted +2/-2 overlay from f2cc523f491:Merge upstream eb63cb148 into continuation assembly|3f8d6503dde:Merge upstream main 530b33e4 into continuation assembly|bd8fcdf6396:merge: absorb upstream/main drift (21 commits)|3b33188c6d4:merge: absorb upstream/main into continuation assembly|90b055341a1:Merge upstream/main into the continuation assembly candidate|324fef4071d:Merge remote-tracking branch 'upstream/main' into scribe/20260809/backmerge-upstream|d7b6ac70e5b:Merge upstream main through c5d00cb|2e155cf622e:merge: absorb upstream through 20eda for continuation assembly|bae7eae11ab:Merge upstream/main into post-666 assembly candidate|c22ef4effa1:Merge upstream into #1184 final assembly candidate|228da670830:merge: absorb upstream lifecycle and cron ownership into assembly|a05d8a41a26:merge: absorb frozen upstream for #1172|c15743f18b6:temporary exact-tree LOC comparison|83d0eba67f0:Merge remote-tracking branch 'upstream/main' into scribe/20260709/1172-status-row-assembly|a9ea8e596e7:Backmerge upstream main into assembly after splay prune|5503bd986c2:Merge remote-tracking branch 'upstream/main' into scribe/20260704/assembly-upstream-drift-backmerge|f27e2483608:Merge upstream/main into assembly-continuation-followons|cd255b3d6db:Merge upstream/main 2ce4a748 (drift re-absorb #6) + #1229 surface-budget pin|ca02cd2e616:Merge upstream/main into assembly — absorb 1361-commit drift for PR #85651 currency|2e584ac4bea:merge: sync upstream/main (3d05da9a54) into drift-corrected tip; reconcile 6 conflicts|f05c7cb92d5:WIP dc2: merge upstream d89ab2c014 onto 077b261dd8 — agent-runner-execution.ts resolved (version-A, scout-confirmed); 5 files conflict-marked for prince byte-check|8e04d27f1a5:feat(continuation): replay drift-cure candidate onto upstream supersedes the 2-line post-PR set candidate. No upstream restoration applies in this cure.
src/gateway/session-recovery-entry.ts	1	301db632b881564fbe642e896c3f5c1c8817bab2	5646bed128f68189c88ee3d45631c69e62d3f7ab	+1/-1	3f8d6503dde:Merge upstream main 530b33e4 into continuation assembly	No current-upstream hunk exists: UPSTREAM:path equals OLD_MERGE_BASE:path at 301db632b881564fbe642e896c3f5c1c8817bab2. CANDIDATE preserves accepted SOURCE blob 5646bed128f68189c88ee3d45631c69e62d3f7ab; the accepted +1/-1 overlay from 3f8d6503dde:Merge upstream main 530b33e4 into continuation assembly supersedes the 1-line post-PR set candidate. No upstream restoration applies in this cure.
src/gateway/session-utils-contracts.ts	1	56854304547e14be8c2aa2b538110caf5884088a	00a4bd4e37fcc6335ed7bf04b70456b960560a48	+3/-12	2cf1c4dba1a:Merge upstream main into continuation assembly|3f8d6503dde:Merge upstream main 530b33e4 into continuation assembly|9507800800a:merge: absorb upstream/main into continuation assembly|f0f993b8398:fix(knip): drop the two dead re-exports left by the cycle break|b186a132756:fix(gateway): break announce/spawn session-utils madge cycle	No current-upstream hunk exists: UPSTREAM:path equals OLD_MERGE_BASE:path at 56854304547e14be8c2aa2b538110caf5884088a. CANDIDATE preserves accepted SOURCE blob 00a4bd4e37fcc6335ed7bf04b70456b960560a48; the accepted +3/-12 overlay from 2cf1c4dba1a:Merge upstream main into continuation assembly|3f8d6503dde:Merge upstream main 530b33e4 into continuation assembly|9507800800a:merge: absorb upstream/main into continuation assembly|f0f993b8398:fix(knip): drop the two dead re-exports left by the cycle break|b186a132756:fix(gateway): break announce/spawn session-utils madge cycle supersedes the 1-line post-PR set candidate. No upstream restoration applies in this cure.
src/gateway/test/server-sessions.test-helpers.ts	12	9576962b10ce3ba8ebd85370da3699b78344f979	f656f01e642a76f632b078883502179b45f7950f	+5/-15	b5f1960fd4d:merge: backmerge frozen upstream into continuation|f2cc523f491:Merge upstream eb63cb148 into continuation assembly|3f8d6503dde:Merge upstream main 530b33e4 into continuation assembly|ca5a25affc9:Merge upstream/main (cb50289e283) into 1172 continuation assembly|55fb755bebb:merge: absorb frozen upstream for WO-1217|68358363287:Merge frozen upstream acf28495 into 1172 status-row assembly|2e155cf622e:merge: absorb upstream through 20eda for continuation assembly|228da670830:merge: absorb upstream lifecycle and cron ownership into assembly|d6ac137b148:Merge upstream c46cc1e2 into absorb branch|b937a0d6d38:test: split inherited lint floor|4828d51f9fd:merge: absorb upstream main through a4cc24d113|83d0eba67f0:Merge remote-tracking branch 'upstream/main' into scribe/20260709/1172-status-row-assembly|d8b08c9c0a1:test: reset gateway session harness state|5503bd986c2:Merge remote-tracking branch 'upstream/main' into scribe/20260704/assembly-upstream-drift-backmerge	No current-upstream hunk exists: UPSTREAM:path equals OLD_MERGE_BASE:path at 9576962b10ce3ba8ebd85370da3699b78344f979. CANDIDATE preserves accepted SOURCE blob f656f01e642a76f632b078883502179b45f7950f; the accepted +5/-15 overlay from b5f1960fd4d:merge: backmerge frozen upstream into continuation|f2cc523f491:Merge upstream eb63cb148 into continuation assembly|3f8d6503dde:Merge upstream main 530b33e4 into continuation assembly|ca5a25affc9:Merge upstream/main (cb50289e283) into 1172 continuation assembly|55fb755bebb:merge: absorb frozen upstream for WO-1217|68358363287:Merge frozen upstream acf28495 into 1172 status-row assembly|2e155cf622e:merge: absorb upstream through 20eda for continuation assembly|228da670830:merge: absorb upstream lifecycle and cron ownership into assembly|d6ac137b148:Merge upstream c46cc1e2 into absorb branch|b937a0d6d38:test: split inherited lint floor|4828d51f9fd:merge: absorb upstream main through a4cc24d113|83d0eba67f0:Merge remote-tracking branch 'upstream/main' into scribe/20260709/1172-status-row-assembly|d8b08c9c0a1:test: reset gateway session harness state|5503bd986c2:Merge remote-tracking branch 'upstream/main' into scribe/20260704/assembly-upstream-drift-backmerge supersedes the 12-line post-PR set candidate. No upstream restoration applies in this cure.
src/infra/delivery-queue-sqlite-bound.ts	3	f1af02c5ab3b7d5cae9a3de1cb59a055b1dfa127	07b3602469442e2f62848368dba69e89671ccef2	+2/-4	3f8d6503dde:Merge upstream main 530b33e4 into continuation assembly|a978cc7bf8a:merge: absorb upstream and close post-039 CI failures	No current-upstream hunk exists: UPSTREAM:path equals OLD_MERGE_BASE:path at f1af02c5ab3b7d5cae9a3de1cb59a055b1dfa127. CANDIDATE preserves accepted SOURCE blob 07b3602469442e2f62848368dba69e89671ccef2; the accepted +2/-4 overlay from 3f8d6503dde:Merge upstream main 530b33e4 into continuation assembly|a978cc7bf8a:merge: absorb upstream and close post-039 CI failures supersedes the 3-line post-PR set candidate. No upstream restoration applies in this cure.
src/infra/delivery-queue-sqlite.ts	25	86985da1c934f4da94bb1fced2512ae0ca222073	31473666e2ff6aa46ecac0d091384c18929e1f49	+85/-37	b5f1960fd4d:merge: backmerge frozen upstream into continuation|ff3e0dd6337:Repair frozen upstream merge unions|3f8d6503dde:Merge upstream main 530b33e4 into continuation assembly|8abde93a5d1:Merge upstream 9aa24e8f into PR presentation assembly|a978cc7bf8a:merge: absorb upstream and close post-039 CI failures|55fb755bebb:merge: absorb frozen upstream for WO-1217|abe830aea91:fix(queue): scrub invalid session metadata|a57a6bbb753:fix(1205): dead-letter invalid session deliveries against persisted row text|2615e52048d:merge(1205): absorb current upstream f9207db3 into continuation base 4c5bd846|2e155cf622e:merge: absorb upstream through 20eda for continuation assembly|726f4e2f9cc:Merge upstream after post-666 corrections|e534d1f15d2:fix(continuation): restore typed delegate input attachments	No current-upstream hunk exists: UPSTREAM:path equals OLD_MERGE_BASE:path at 86985da1c934f4da94bb1fced2512ae0ca222073. CANDIDATE preserves accepted SOURCE blob 31473666e2ff6aa46ecac0d091384c18929e1f49; the accepted +85/-37 overlay from b5f1960fd4d:merge: backmerge frozen upstream into continuation|ff3e0dd6337:Repair frozen upstream merge unions|3f8d6503dde:Merge upstream main 530b33e4 into continuation assembly|8abde93a5d1:Merge upstream 9aa24e8f into PR presentation assembly|a978cc7bf8a:merge: absorb upstream and close post-039 CI failures|55fb755bebb:merge: absorb frozen upstream for WO-1217|abe830aea91:fix(queue): scrub invalid session metadata|a57a6bbb753:fix(1205): dead-letter invalid session deliveries against persisted row text|2615e52048d:merge(1205): absorb current upstream f9207db3 into continuation base 4c5bd846|2e155cf622e:merge: absorb upstream through 20eda for continuation assembly|726f4e2f9cc:Merge upstream after post-666 corrections|e534d1f15d2:fix(continuation): restore typed delegate input attachments supersedes the 25-line post-PR set candidate. No upstream restoration applies in this cure.
src/infra/device-auth-store.test.ts	4	5ba02aa600bb9d183f865e2557c504826bc6d8c1	2c9285d12828bc2e2a9c58691f645d60580e86fd	+12/-12	2cf1c4dba1a:Merge upstream main into continuation assembly|a316a17ca0d:merge: absorb upstream/main drift and follow the session-path renames	No current-upstream hunk exists: UPSTREAM:path equals OLD_MERGE_BASE:path at 5ba02aa600bb9d183f865e2557c504826bc6d8c1. CANDIDATE preserves accepted SOURCE blob 2c9285d12828bc2e2a9c58691f645d60580e86fd; the accepted +12/-12 overlay from 2cf1c4dba1a:Merge upstream main into continuation assembly|a316a17ca0d:merge: absorb upstream/main drift and follow the session-path renames supersedes the 4-line post-PR set candidate. No upstream restoration applies in this cure.
src/infra/device-identity-coordinator.contract.test.ts	2	3bb76e33b60241ca64fd2a5efc5ffa2495e6c2d6	fa2d9c55c44c0e3a7e7954ed757422aedb2fb4d5	+2/-2	2cf1c4dba1a:Merge upstream main into continuation assembly|a316a17ca0d:merge: absorb upstream/main drift and follow the session-path renames	No current-upstream hunk exists: UPSTREAM:path equals OLD_MERGE_BASE:path at 3bb76e33b60241ca64fd2a5efc5ffa2495e6c2d6. CANDIDATE preserves accepted SOURCE blob fa2d9c55c44c0e3a7e7954ed757422aedb2fb4d5; the accepted +2/-2 overlay from 2cf1c4dba1a:Merge upstream main into continuation assembly|a316a17ca0d:merge: absorb upstream/main drift and follow the session-path renames supersedes the 2-line post-PR set candidate. No upstream restoration applies in this cure.
src/infra/device-identity.state-dir.test.ts	2	3d32cecb41e302c0c217714a334b83279aa9647a	08c3f3ab4e1293367a13378b18f6f158738b5b96	+2/-2	2cf1c4dba1a:Merge upstream main into continuation assembly|a316a17ca0d:merge: absorb upstream/main drift and follow the session-path renames	No current-upstream hunk exists: UPSTREAM:path equals OLD_MERGE_BASE:path at 3d32cecb41e302c0c217714a334b83279aa9647a. CANDIDATE preserves accepted SOURCE blob 08c3f3ab4e1293367a13378b18f6f158738b5b96; the accepted +2/-2 overlay from 2cf1c4dba1a:Merge upstream main into continuation assembly|a316a17ca0d:merge: absorb upstream/main drift and follow the session-path renames supersedes the 2-line post-PR set candidate. No upstream restoration applies in this cure.
src/infra/device-identity.test.ts	4	0ae5a7e9f3b6758afe79cef4bcdfedd42314fd1d	f32095bfd37a0ae2ae2e0bb97147aecf14a49d89	+14/-14	2cf1c4dba1a:Merge upstream main into continuation assembly|a316a17ca0d:merge: absorb upstream/main drift and follow the session-path renames	No current-upstream hunk exists: UPSTREAM:path equals OLD_MERGE_BASE:path at 0ae5a7e9f3b6758afe79cef4bcdfedd42314fd1d. CANDIDATE preserves accepted SOURCE blob f32095bfd37a0ae2ae2e0bb97147aecf14a49d89; the accepted +14/-14 overlay from 2cf1c4dba1a:Merge upstream main into continuation assembly|a316a17ca0d:merge: absorb upstream/main drift and follow the session-path renames supersedes the 4-line post-PR set candidate. No upstream restoration applies in this cure.
src/infra/diagnostic-trace-context.ts	53	a4777399f3fc822bd5e738bf487d02589f992db9	5098dda624b3ff7a69fb510cbeb6863ada0c768e	+53/-88	8e04d27f1a5:feat(continuation): replay drift-cure candidate onto upstream	No current-upstream hunk exists: UPSTREAM:path equals OLD_MERGE_BASE:path at a4777399f3fc822bd5e738bf487d02589f992db9. CANDIDATE preserves accepted SOURCE blob 5098dda624b3ff7a69fb510cbeb6863ada0c768e; the accepted +53/-88 overlay from 8e04d27f1a5:feat(continuation): replay drift-cure candidate onto upstream supersedes the 53-line post-PR set candidate. No upstream restoration applies in this cure.
src/infra/exec-authorization-render.ts	1	28424d17ee6379d88e75c9721962e1800ca05a5b	e0cda3db20aade86f8314543051e983304da9f5f	+4/-1	164351fe76c:merge: absorb final frozen upstream for WO-1217|c15743f18b6:temporary exact-tree LOC comparison|4d2f410f4ea:fix(exec): preserve dispatch-wrapper safe-bin display	No current-upstream hunk exists: UPSTREAM:path equals OLD_MERGE_BASE:path at 28424d17ee6379d88e75c9721962e1800ca05a5b. CANDIDATE preserves accepted SOURCE blob e0cda3db20aade86f8314543051e983304da9f5f; the accepted +4/-1 overlay from 164351fe76c:merge: absorb final frozen upstream for WO-1217|c15743f18b6:temporary exact-tree LOC comparison|4d2f410f4ea:fix(exec): preserve dispatch-wrapper safe-bin display supersedes the 1-line post-PR set candidate. No upstream restoration applies in this cure.
src/infra/gateway-lock.state-dir.test.ts	3	912e73847542d01bea44d70344f49dc804dc094b	d35ccc80dc5f03208d7223e00ae49cc261390fae	+3/-3	2cf1c4dba1a:Merge upstream main into continuation assembly|a316a17ca0d:merge: absorb upstream/main drift and follow the session-path renames|8abde93a5d1:Merge upstream 9aa24e8f into PR presentation assembly	No current-upstream hunk exists: UPSTREAM:path equals OLD_MERGE_BASE:path at 912e73847542d01bea44d70344f49dc804dc094b. CANDIDATE preserves accepted SOURCE blob d35ccc80dc5f03208d7223e00ae49cc261390fae; the accepted +3/-3 overlay from 2cf1c4dba1a:Merge upstream main into continuation assembly|a316a17ca0d:merge: absorb upstream/main drift and follow the session-path renames|8abde93a5d1:Merge upstream 9aa24e8f into PR presentation assembly supersedes the 3-line post-PR set candidate. No upstream restoration applies in this cure.
src/infra/heartbeat-reason.test.ts	1	d6743618131e936a7483533457c4e655158c7732	36d3f3f2cd87e9f73d23283c927ad6bf1604eaa4	+18/-1	8e04d27f1a5:feat(continuation): replay drift-cure candidate onto upstream	No current-upstream hunk exists: UPSTREAM:path equals OLD_MERGE_BASE:path at d6743618131e936a7483533457c4e655158c7732. CANDIDATE preserves accepted SOURCE blob 36d3f3f2cd87e9f73d23283c927ad6bf1604eaa4; the accepted +18/-1 overlay from 8e04d27f1a5:feat(continuation): replay drift-cure candidate onto upstream supersedes the 1-line post-PR set candidate. No upstream restoration applies in this cure.
src/infra/heartbeat-reason.ts	1	19670a562026d112acd311dfab5055cbd47d756b	aa890055144f2d94dac52a5f9af7fb1d402f907d	+64/-1	2cf1c4dba1a:Merge upstream main into continuation assembly|a978cc7bf8a:merge: absorb upstream and close post-039 CI failures|8e04d27f1a5:feat(continuation): replay drift-cure candidate onto upstream	No current-upstream hunk exists: UPSTREAM:path equals OLD_MERGE_BASE:path at 19670a562026d112acd311dfab5055cbd47d756b. CANDIDATE preserves accepted SOURCE blob aa890055144f2d94dac52a5f9af7fb1d402f907d; the accepted +64/-1 overlay from 2cf1c4dba1a:Merge upstream main into continuation assembly|a978cc7bf8a:merge: absorb upstream and close post-039 CI failures|8e04d27f1a5:feat(continuation): replay drift-cure candidate onto upstream supersedes the 1-line post-PR set candidate. No upstream restoration applies in this cure.
src/infra/heartbeat-runner-prompt.ts	4	0bfb793fdf26e972180bfb616505fbbf37137fb1	2a40860ef3a1105d6d6157da87f304264b50e4d4	+2/-5	f2cc523f491:Merge upstream eb63cb148 into continuation assembly|a316a17ca0d:merge: absorb upstream/main drift and follow the session-path renames|90b055341a1:Merge upstream/main into the continuation assembly candidate|ca5a25affc9:Merge upstream/main (cb50289e283) into 1172 continuation assembly|97bbea60bca:merge: absorb upstream through b067 for continuation presentation|68358363287:Merge frozen upstream acf28495 into 1172 status-row assembly|2615e52048d:merge(1205): absorb current upstream f9207db3 into continuation base 4c5bd846|a5a0bf46928:refactor(continuation): split static gate owners	No current-upstream hunk exists: UPSTREAM:path equals OLD_MERGE_BASE:path at 0bfb793fdf26e972180bfb616505fbbf37137fb1. CANDIDATE preserves accepted SOURCE blob 2a40860ef3a1105d6d6157da87f304264b50e4d4; the accepted +2/-5 overlay from f2cc523f491:Merge upstream eb63cb148 into continuation assembly|a316a17ca0d:merge: absorb upstream/main drift and follow the session-path renames|90b055341a1:Merge upstream/main into the continuation assembly candidate|ca5a25affc9:Merge upstream/main (cb50289e283) into 1172 continuation assembly|97bbea60bca:merge: absorb upstream through b067 for continuation presentation|68358363287:Merge frozen upstream acf28495 into 1172 status-row assembly|2615e52048d:merge(1205): absorb current upstream f9207db3 into continuation base 4c5bd846|a5a0bf46928:refactor(continuation): split static gate owners supersedes the 4-line post-PR set candidate. No upstream restoration applies in this cure.
src/infra/heartbeat-runner-run.ts	4	cf33f73b07c37ad3644535218e80dcca7b9e0a39	f9db459674249919c98b51d88d8f4320c46c2c4a	+50/-7	ff3e0dd6337:Repair frozen upstream merge unions|f2cc523f491:Merge upstream eb63cb148 into continuation assembly|6be6484bd9f:fix: close continuation gate debt|dfe2d49b2cb:refactor: close continuation gate ratchets|3f8d6503dde:Merge upstream main 530b33e4 into continuation assembly|a316a17ca0d:merge: absorb upstream/main drift and follow the session-path renames|90b055341a1:Merge upstream/main into the continuation assembly candidate|e3f4d99beaa:refactor(heartbeat): split the agent-run stage out of the runner|2615e52048d:merge(1205): absorb current upstream f9207db3 into continuation base 4c5bd846|a5a0bf46928:refactor(continuation): split static gate owners	No current-upstream hunk exists: UPSTREAM:path equals OLD_MERGE_BASE:path at cf33f73b07c37ad3644535218e80dcca7b9e0a39. CANDIDATE preserves accepted SOURCE blob f9db459674249919c98b51d88d8f4320c46c2c4a; the accepted +50/-7 overlay from ff3e0dd6337:Repair frozen upstream merge unions|f2cc523f491:Merge upstream eb63cb148 into continuation assembly|6be6484bd9f:fix: close continuation gate debt|dfe2d49b2cb:refactor: close continuation gate ratchets|3f8d6503dde:Merge upstream main 530b33e4 into continuation assembly|a316a17ca0d:merge: absorb upstream/main drift and follow the session-path renames|90b055341a1:Merge upstream/main into the continuation assembly candidate|e3f4d99beaa:refactor(heartbeat): split the agent-run stage out of the runner|2615e52048d:merge(1205): absorb current upstream f9207db3 into continuation base 4c5bd846|a5a0bf46928:refactor(continuation): split static gate owners supersedes the 4-line post-PR set candidate. No upstream restoration applies in this cure.
src/infra/heartbeat-runner.ack-token-heartbeat-acks.test.ts	1	1587da1fdea117a6c88da4e34b4929596a9925c9	e83321a5dfda0a1143256e81d08185ecc83ddd26	+1/-1	6be6484bd9f:fix: close continuation gate debt	No current-upstream hunk exists: UPSTREAM:path equals OLD_MERGE_BASE:path at 1587da1fdea117a6c88da4e34b4929596a9925c9. CANDIDATE preserves accepted SOURCE blob e83321a5dfda0a1143256e81d08185ecc83ddd26; the accepted +1/-1 overlay from 6be6484bd9f:fix: close continuation gate debt supersedes the 1-line post-PR set candidate. No upstream restoration applies in this cure.
src/infra/heartbeat-runner.ghost-reminder.test.ts	2	e5c2d7b8a02d3148f3173c74bfa1810e1b58e02c	5edfffcefa9f311a83efc5161a67deba66ef2629	+2/-2	6be6484bd9f:fix: close continuation gate debt	No current-upstream hunk exists: UPSTREAM:path equals OLD_MERGE_BASE:path at e5c2d7b8a02d3148f3173c74bfa1810e1b58e02c. CANDIDATE preserves accepted SOURCE blob 5edfffcefa9f311a83efc5161a67deba66ef2629; the accepted +2/-2 overlay from 6be6484bd9f:fix: close continuation gate debt supersedes the 2-line post-PR set candidate. No upstream restoration applies in this cure.
src/infra/heartbeat-runner.identity.test.ts	1	2378bd4e595650183ab6ca60849443aa9f94cab0	8ec274350a90606e1ea5c21744d01bac48bec100	+1/-1	6be6484bd9f:fix: close continuation gate debt	No current-upstream hunk exists: UPSTREAM:path equals OLD_MERGE_BASE:path at 2378bd4e595650183ab6ca60849443aa9f94cab0. CANDIDATE preserves accepted SOURCE blob 8ec274350a90606e1ea5c21744d01bac48bec100; the accepted +1/-1 overlay from 6be6484bd9f:fix: close continuation gate debt supersedes the 1-line post-PR set candidate. No upstream restoration applies in this cure.
src/infra/heartbeat-runner.scheduler-owner-resolution.test.ts	2	4d2533b983e33459d9a834a0d2bdac2c300c0cfe	7f6f41633414a98b47cb842753a20b5129d1f8f6	+2/-2	b5f1960fd4d:merge: backmerge frozen upstream into continuation	No current-upstream hunk exists: UPSTREAM:path equals OLD_MERGE_BASE:path at 4d2533b983e33459d9a834a0d2bdac2c300c0cfe. CANDIDATE preserves accepted SOURCE blob 7f6f41633414a98b47cb842753a20b5129d1f8f6; the accepted +2/-2 overlay from b5f1960fd4d:merge: backmerge frozen upstream into continuation supersedes the 2-line post-PR set candidate. No upstream restoration applies in this cure.
src/infra/heartbeat-runner.stale-exec.test.ts	2	7ff7f4038eecb6b022d28e2f704d48c9e6830bbc	2336b08743f873174607aeb4221938aa03dc2a1d	+6/-2	6be6484bd9f:fix: close continuation gate debt|90b055341a1:Merge upstream/main into the continuation assembly candidate	No current-upstream hunk exists: UPSTREAM:path equals OLD_MERGE_BASE:path at 7ff7f4038eecb6b022d28e2f704d48c9e6830bbc. CANDIDATE preserves accepted SOURCE blob 2336b08743f873174607aeb4221938aa03dc2a1d; the accepted +6/-2 overlay from 6be6484bd9f:fix: close continuation gate debt|90b055341a1:Merge upstream/main into the continuation assembly candidate supersedes the 2-line post-PR set candidate. No upstream restoration applies in this cure.
src/infra/heartbeat-runner.ts	2	1c0aca5ab4ba6949ff1ad4159ec00cb0c517dcbe	30ff8742a79d095c4083d53571e12d39671972de	+108/-2	6be6484bd9f:fix: close continuation gate debt|a316a17ca0d:merge: absorb upstream/main drift and follow the session-path renames|bae7eae11ab:Merge upstream/main into post-666 assembly candidate|f01e2fbf091:merge: absorb upstream through 7d159fdc for #1172|672bd50a7dc:Merge upstream 692310de into continuation assembly|81930ccd5e2:merge: absorb upstream through 444fd4b for #1172|c22ef4effa1:Merge upstream into #1184 final assembly candidate|228da670830:merge: absorb upstream lifecycle and cron ownership into assembly|a17e2917a02:fix(heartbeat): preserve trusted routing carrier|939e5a6a748:fix(continuation): harden wake routing and stream stripping|d6ac137b148:Merge upstream c46cc1e2 into absorb branch|a05d8a41a26:merge: absorb frozen upstream for #1172|83d0eba67f0:Merge remote-tracking branch 'upstream/main' into scribe/20260709/1172-status-row-assembly|4036e41b55e:Merge upstream/main into 1172 status row assembly|44d1d70bb66:Merge upstream/main into #1172 safe assembly|42a449f9ad2:Merge upstream/main into #1172 safe assembly|c62a299955d:Merge upstream/main into #1172 assembly|8434785c49b:Merge upstream/main into #1172 assembly|a9ea8e596e7:Backmerge upstream main into assembly after splay prune|67f5a6dd9df:Merge upstream/main into assembly backmerge|d3cfdf2dbf5:merge: absorb upstream main after 1159 fold|c8ff54907c6:Merge origin/main into assembly continuation branch|78d31449a23:merge: absorb upstream main into continuation assembly|c524a800fdb:merge: absorb upstream main for continuation trace redaction|f27e2483608:Merge upstream/main into assembly-continuation-followons|ca02cd2e616:Merge upstream/main into assembly — absorb 1361-commit drift for PR #85651 currency|2e584ac4bea:merge: sync upstream/main (3d05da9a54) into drift-corrected tip; reconcile 6 conflicts|5f472fe8bf7:Merge remote-tracking branch 'upstream/main' into freshmerge-20260613|776092e29bc:Merge upstream/main into frond-scribe/20260612/drift-correct-990-v4 (drift2)|8e04d27f1a5:feat(continuation): replay drift-cure candidate onto upstream	No current-upstream hunk exists: UPSTREAM:path equals OLD_MERGE_BASE:path at 1c0aca5ab4ba6949ff1ad4159ec00cb0c517dcbe. CANDIDATE preserves accepted SOURCE blob 30ff8742a79d095c4083d53571e12d39671972de; the accepted +108/-2 overlay from 6be6484bd9f:fix: close continuation gate debt|a316a17ca0d:merge: absorb upstream/main drift and follow the session-path renames|bae7eae11ab:Merge upstream/main into post-666 assembly candidate|f01e2fbf091:merge: absorb upstream through 7d159fdc for #1172|672bd50a7dc:Merge upstream 692310de into continuation assembly|81930ccd5e2:merge: absorb upstream through 444fd4b for #1172|c22ef4effa1:Merge upstream into #1184 final assembly candidate|228da670830:merge: absorb upstream lifecycle and cron ownership into assembly|a17e2917a02:fix(heartbeat): preserve trusted routing carrier|939e5a6a748:fix(continuation): harden wake routing and stream stripping|d6ac137b148:Merge upstream c46cc1e2 into absorb branch|a05d8a41a26:merge: absorb frozen upstream for #1172|83d0eba67f0:Merge remote-tracking branch 'upstream/main' into scribe/20260709/1172-status-row-assembly|4036e41b55e:Merge upstream/main into 1172 status row assembly|44d1d70bb66:Merge upstream/main into #1172 safe assembly|42a449f9ad2:Merge upstream/main into #1172 safe assembly|c62a299955d:Merge upstream/main into #1172 assembly|8434785c49b:Merge upstream/main into #1172 assembly|a9ea8e596e7:Backmerge upstream main into assembly after splay prune|67f5a6dd9df:Merge upstream/main into assembly backmerge|d3cfdf2dbf5:merge: absorb upstream main after 1159 fold|c8ff54907c6:Merge origin/main into assembly continuation branch|78d31449a23:merge: absorb upstream main into continuation assembly|c524a800fdb:merge: absorb upstream main for continuation trace redaction|f27e2483608:Merge upstream/main into assembly-continuation-followons|ca02cd2e616:Merge upstream/main into assembly — absorb 1361-commit drift for PR #85651 currency|2e584ac4bea:merge: sync upstream/main (3d05da9a54) into drift-corrected tip; reconcile 6 conflicts|5f472fe8bf7:Merge remote-tracking branch 'upstream/main' into freshmerge-20260613|776092e29bc:Merge upstream/main into frond-scribe/20260612/drift-correct-990-v4 (drift2)|8e04d27f1a5:feat(continuation): replay drift-cure candidate onto upstream supersedes the 2-line post-PR set candidate. No upstream restoration applies in this cure.
src/infra/heartbeat-wake-lifecycle.ts	1	94dd7c2afd84bb064a58a9b471fd724887f4aa00	655eff6163f8fa7c4e44704128cf27e7e0dbccf8	+12/-1	2615e52048d:merge(1205): absorb current upstream f9207db3 into continuation base 4c5bd846	No current-upstream hunk exists: UPSTREAM:path equals OLD_MERGE_BASE:path at 94dd7c2afd84bb064a58a9b471fd724887f4aa00. CANDIDATE preserves accepted SOURCE blob 655eff6163f8fa7c4e44704128cf27e7e0dbccf8; the accepted +12/-1 overlay from 2615e52048d:merge(1205): absorb current upstream f9207db3 into continuation base 4c5bd846 supersedes the 1-line post-PR set candidate. No upstream restoration applies in this cure.
src/infra/heartbeat-wake-target.ts	1	0ae09d453a963824435183ca496d95ab0ca180ee	0c6b9d21afd0058b90752a353d7418535c68da3c	+1/-1	a978cc7bf8a:merge: absorb upstream and close post-039 CI failures	No current-upstream hunk exists: UPSTREAM:path equals OLD_MERGE_BASE:path at 0ae09d453a963824435183ca496d95ab0ca180ee. CANDIDATE preserves accepted SOURCE blob 0c6b9d21afd0058b90752a353d7418535c68da3c; the accepted +1/-1 overlay from a978cc7bf8a:merge: absorb upstream and close post-039 CI failures supersedes the 1-line post-PR set candidate. No upstream restoration applies in this cure.
src/infra/heartbeat-wake.preemption.test.ts	1	1c5dd04c40ecd1f5975acb8d9a27d0dfb8d35cb6	41d47217824519f9da20f799ef6987565a8540a3	+1/-1	6be6484bd9f:fix: close continuation gate debt	No current-upstream hunk exists: UPSTREAM:path equals OLD_MERGE_BASE:path at 1c5dd04c40ecd1f5975acb8d9a27d0dfb8d35cb6. CANDIDATE preserves accepted SOURCE blob 41d47217824519f9da20f799ef6987565a8540a3; the accepted +1/-1 overlay from 6be6484bd9f:fix: close continuation gate debt supersedes the 1-line post-PR set candidate. No upstream restoration applies in this cure.
src/infra/heartbeat-wake.test.ts	3	b0f319349c706c0e655659d9a473405f0e173c8e	151f4f96e5652f63af034be927b7dc5c13c961b1	+194/-350	f2cc523f491:Merge upstream eb63cb148 into continuation assembly|6be6484bd9f:fix: close continuation gate debt|3f8d6503dde:Merge upstream main 530b33e4 into continuation assembly|a5a0bf46928:refactor(continuation): split static gate owners|9ed7fd20b49:merge: absorb upstream cc48aef into continuation assembly|2e155cf622e:merge: absorb upstream through 20eda for continuation assembly|bae7eae11ab:Merge upstream/main into post-666 assembly candidate|939e5a6a748:fix(continuation): harden wake routing and stream stripping|c15743f18b6:temporary exact-tree LOC comparison|6339671f8df:Merge upstream/main into #1172 safe assembly|8e04d27f1a5:feat(continuation): replay drift-cure candidate onto upstream	No current-upstream hunk exists: UPSTREAM:path equals OLD_MERGE_BASE:path at b0f319349c706c0e655659d9a473405f0e173c8e. CANDIDATE preserves accepted SOURCE blob 151f4f96e5652f63af034be927b7dc5c13c961b1; the accepted +194/-350 overlay from f2cc523f491:Merge upstream eb63cb148 into continuation assembly|6be6484bd9f:fix: close continuation gate debt|3f8d6503dde:Merge upstream main 530b33e4 into continuation assembly|a5a0bf46928:refactor(continuation): split static gate owners|9ed7fd20b49:merge: absorb upstream cc48aef into continuation assembly|2e155cf622e:merge: absorb upstream through 20eda for continuation assembly|bae7eae11ab:Merge upstream/main into post-666 assembly candidate|939e5a6a748:fix(continuation): harden wake routing and stream stripping|c15743f18b6:temporary exact-tree LOC comparison|6339671f8df:Merge upstream/main into #1172 safe assembly|8e04d27f1a5:feat(continuation): replay drift-cure candidate onto upstream supersedes the 3-line post-PR set candidate. No upstream restoration applies in this cure.
src/infra/openclaw-cli-invocation.test.ts	2	c73431545e3d87bb8e5b15df07bc58bf056d931a	f9360956d7e87a1a8d2d62c2566bb17207df3207	+2/-2	3f8d6503dde:Merge upstream main 530b33e4 into continuation assembly|a316a17ca0d:merge: absorb upstream/main drift and follow the session-path renames	No current-upstream hunk exists: UPSTREAM:path equals OLD_MERGE_BASE:path at c73431545e3d87bb8e5b15df07bc58bf056d931a. CANDIDATE preserves accepted SOURCE blob f9360956d7e87a1a8d2d62c2566bb17207df3207; the accepted +2/-2 overlay from 3f8d6503dde:Merge upstream main 530b33e4 into continuation assembly|a316a17ca0d:merge: absorb upstream/main drift and follow the session-path renames supersedes the 2-line post-PR set candidate. No upstream restoration applies in this cure.
src/infra/openclaw-cli-shim.test.ts	3	9f7e1c335015d26eb4ab18f0e9e300836c2ad008	8e33f6bd7ecd358ae033076dc345c0dbd0b59c7b	+3/-3	f2cc523f491:Merge upstream eb63cb148 into continuation assembly|3f8d6503dde:Merge upstream main 530b33e4 into continuation assembly	No current-upstream hunk exists: UPSTREAM:path equals OLD_MERGE_BASE:path at 9f7e1c335015d26eb4ab18f0e9e300836c2ad008. CANDIDATE preserves accepted SOURCE blob 8e33f6bd7ecd358ae033076dc345c0dbd0b59c7b; the accepted +3/-3 overlay from f2cc523f491:Merge upstream eb63cb148 into continuation assembly|3f8d6503dde:Merge upstream main 530b33e4 into continuation assembly supersedes the 3-line post-PR set candidate. No upstream restoration applies in this cure.
src/infra/outbound/outbound-session.test.ts	1	d3ec9d6589ade074d600932a6de02b7e8037892e	968bb16ca8f54f5af5f22ae3f8b5943903dd9388	+5/-5	2cf1c4dba1a:Merge upstream main into continuation assembly|f2cc523f491:Merge upstream eb63cb148 into continuation assembly|a316a17ca0d:merge: absorb upstream/main drift and follow the session-path renames	No current-upstream hunk exists: UPSTREAM:path equals OLD_MERGE_BASE:path at d3ec9d6589ade074d600932a6de02b7e8037892e. CANDIDATE preserves accepted SOURCE blob 968bb16ca8f54f5af5f22ae3f8b5943903dd9388; the accepted +5/-5 overlay from 2cf1c4dba1a:Merge upstream main into continuation assembly|f2cc523f491:Merge upstream eb63cb148 into continuation assembly|a316a17ca0d:merge: absorb upstream/main drift and follow the session-path renames supersedes the 1-line post-PR set candidate. No upstream restoration applies in this cure.
src/infra/session-cost-usage.test.ts	1	46cd5e56110d0e205d1f077e6a21654b94e70002	bbab2621bab0b4236d561dda3d928c1b6e62750e	+1/-1	f2cc523f491:Merge upstream eb63cb148 into continuation assembly|a316a17ca0d:merge: absorb upstream/main drift and follow the session-path renames|9ed7fd20b49:merge: absorb upstream cc48aef into continuation assembly|2e155cf622e:merge: absorb upstream through 20eda for continuation assembly|726f4e2f9cc:Merge upstream after post-666 corrections|bae7eae11ab:Merge upstream/main into post-666 assembly candidate	No current-upstream hunk exists: UPSTREAM:path equals OLD_MERGE_BASE:path at 46cd5e56110d0e205d1f077e6a21654b94e70002. CANDIDATE preserves accepted SOURCE blob bbab2621bab0b4236d561dda3d928c1b6e62750e; the accepted +1/-1 overlay from f2cc523f491:Merge upstream eb63cb148 into continuation assembly|a316a17ca0d:merge: absorb upstream/main drift and follow the session-path renames|9ed7fd20b49:merge: absorb upstream cc48aef into continuation assembly|2e155cf622e:merge: absorb upstream through 20eda for continuation assembly|726f4e2f9cc:Merge upstream after post-666 corrections|bae7eae11ab:Merge upstream/main into post-666 assembly candidate supersedes the 1-line post-PR set candidate. No upstream restoration applies in this cure.
src/infra/session-cost-usage.ts	1	41a5c658b26ae02b5dc28f7402f373229fad6398	161220d8e4fab71f44c8b9a5faa627cf25235d46	+90/-1	ff3e0dd6337:Repair frozen upstream merge unions|6be6484bd9f:fix: close continuation gate debt|bae7eae11ab:Merge upstream/main into post-666 assembly candidate|81930ccd5e2:merge: absorb upstream through 444fd4b for #1172|f76f0e5983f:refactor(continuation): retire unrelated carries|d6ac137b148:Merge upstream c46cc1e2 into absorb branch|a05d8a41a26:merge: absorb frozen upstream for #1172|2605ac5e08d:fix: repair stale merge imports|c15743f18b6:temporary exact-tree LOC comparison|4828d51f9fd:merge: absorb upstream main through a4cc24d113|4577adf1607:merge: absorb upstream main through 7a456e362d|83d0eba67f0:Merge remote-tracking branch 'upstream/main' into scribe/20260709/1172-status-row-assembly|c62a299955d:Merge upstream/main into #1172 assembly|a9ea8e596e7:Backmerge upstream main into assembly after splay prune|5503bd986c2:Merge remote-tracking branch 'upstream/main' into scribe/20260704/assembly-upstream-drift-backmerge|d3cfdf2dbf5:merge: absorb upstream main after 1159 fold|abe0cfde988:fix(continuation): #1144 autoreview round 2 — precise post-compaction finalize + mtime defense|8df028d988e:fix(continuation): #1144 assembly review follow-ups (impl, tests pending)|78d31449a23:merge: absorb upstream main into continuation assembly|f27e2483608:Merge upstream/main into assembly-continuation-followons|4a215c33bcb:Merge remote-tracking branch 'upstream/main' into frond-scribe/20260621/assembly-drift-absorb-2|1eec452a231:merge: resync presentation onto upstream/main dd7376fdcb|2e584ac4bea:merge: sync upstream/main (3d05da9a54) into drift-corrected tip; reconcile 6 conflicts|d118c435610:Merge remote-tracking branch 'upstream/main' into frond-scribe/20260611/drift-preview-990|8e04d27f1a5:feat(continuation): replay drift-cure candidate onto upstream	No current-upstream hunk exists: UPSTREAM:path equals OLD_MERGE_BASE:path at 41a5c658b26ae02b5dc28f7402f373229fad6398. CANDIDATE preserves accepted SOURCE blob 161220d8e4fab71f44c8b9a5faa627cf25235d46; the accepted +90/-1 overlay from ff3e0dd6337:Repair frozen upstream merge unions|6be6484bd9f:fix: close continuation gate debt|bae7eae11ab:Merge upstream/main into post-666 assembly candidate|81930ccd5e2:merge: absorb upstream through 444fd4b for #1172|f76f0e5983f:refactor(continuation): retire unrelated carries|d6ac137b148:Merge upstream c46cc1e2 into absorb branch|a05d8a41a26:merge: absorb frozen upstream for #1172|2605ac5e08d:fix: repair stale merge imports|c15743f18b6:temporary exact-tree LOC comparison|4828d51f9fd:merge: absorb upstream main through a4cc24d113|4577adf1607:merge: absorb upstream main through 7a456e362d|83d0eba67f0:Merge remote-tracking branch 'upstream/main' into scribe/20260709/1172-status-row-assembly|c62a299955d:Merge upstream/main into #1172 assembly|a9ea8e596e7:Backmerge upstream main into assembly after splay prune|5503bd986c2:Merge remote-tracking branch 'upstream/main' into scribe/20260704/assembly-upstream-drift-backmerge|d3cfdf2dbf5:merge: absorb upstream main after 1159 fold|abe0cfde988:fix(continuation): #1144 autoreview round 2 — precise post-compaction finalize + mtime defense|8df028d988e:fix(continuation): #1144 assembly review follow-ups (impl, tests pending)|78d31449a23:merge: absorb upstream main into continuation assembly|f27e2483608:Merge upstream/main into assembly-continuation-followons|4a215c33bcb:Merge remote-tracking branch 'upstream/main' into frond-scribe/20260621/assembly-drift-absorb-2|1eec452a231:merge: resync presentation onto upstream/main dd7376fdcb|2e584ac4bea:merge: sync upstream/main (3d05da9a54) into drift-corrected tip; reconcile 6 conflicts|d118c435610:Merge remote-tracking branch 'upstream/main' into frond-scribe/20260611/drift-preview-990|8e04d27f1a5:feat(continuation): replay drift-cure candidate onto upstream supersedes the 1-line post-PR set candidate. No upstream restoration applies in this cure.
src/infra/session-delivery-queue-storage.ts	74	54924209a198c8294d5c528ed8eaf720f21c4ebc	acd150a7d149e6ac74f199a84ebd5ef80612d6bf	+334/-100	b5f1960fd4d:merge: backmerge frozen upstream into continuation|ff3e0dd6337:Repair frozen upstream merge unions|dfe2d49b2cb:refactor: close continuation gate ratchets|3f8d6503dde:Merge upstream main 530b33e4 into continuation assembly|a978cc7bf8a:merge: absorb upstream and close post-039 CI failures|55fb755bebb:merge: absorb frozen upstream for WO-1217|59bbfcffce0:fix(continuation): settle the terminal notice at turn adoption, not preparation|abe830aea91:fix(queue): scrub invalid session metadata|a57a6bbb753:fix(1205): dead-letter invalid session deliveries against persisted row text|543b02c5a24:fix(continuation): port attachment hardening to assembly|2e155cf622e:merge: absorb upstream through 20eda for continuation assembly|1e96338ac70:refactor(infra): split session delivery codec|18e02c2b5b3:fix(continuation): add managed delegate return claims|7ff7797e43c:fix(continuation): fail closed on corrupt durable recovery|2d560857253:fix(continuation): validate durable attachment snapshots|3adc3a7921f:fix(continuation): close attachment metadata gaps|bcb1894bc8e:fix(continuation): harden delegate attachment recovery|e534d1f15d2:fix(continuation): restore typed delegate input attachments|228da670830:merge: absorb upstream lifecycle and cron ownership into assembly|a05d8a41a26:merge: absorb frozen upstream for #1172|03899c6a484:fix(continuation): trust only internal trace context|d3cfdf2dbf5:merge: absorb upstream main after 1159 fold|78577edff46:fix: preserve continuation recovery handoff identity|3bfc47a8d73:fix(continuation): thread continue_delegate model through the production post-compaction path|8e04d27f1a5:feat(continuation): replay drift-cure candidate onto upstream	No current-upstream hunk exists: UPSTREAM:path equals OLD_MERGE_BASE:path at 54924209a198c8294d5c528ed8eaf720f21c4ebc. CANDIDATE preserves accepted SOURCE blob acd150a7d149e6ac74f199a84ebd5ef80612d6bf; the accepted +334/-100 overlay from b5f1960fd4d:merge: backmerge frozen upstream into continuation|ff3e0dd6337:Repair frozen upstream merge unions|dfe2d49b2cb:refactor: close continuation gate ratchets|3f8d6503dde:Merge upstream main 530b33e4 into continuation assembly|a978cc7bf8a:merge: absorb upstream and close post-039 CI failures|55fb755bebb:merge: absorb frozen upstream for WO-1217|59bbfcffce0:fix(continuation): settle the terminal notice at turn adoption, not preparation|abe830aea91:fix(queue): scrub invalid session metadata|a57a6bbb753:fix(1205): dead-letter invalid session deliveries against persisted row text|543b02c5a24:fix(continuation): port attachment hardening to assembly|2e155cf622e:merge: absorb upstream through 20eda for continuation assembly|1e96338ac70:refactor(infra): split session delivery codec|18e02c2b5b3:fix(continuation): add managed delegate return claims|7ff7797e43c:fix(continuation): fail closed on corrupt durable recovery|2d560857253:fix(continuation): validate durable attachment snapshots|3adc3a7921f:fix(continuation): close attachment metadata gaps|bcb1894bc8e:fix(continuation): harden delegate attachment recovery|e534d1f15d2:fix(continuation): restore typed delegate input attachments|228da670830:merge: absorb upstream lifecycle and cron ownership into assembly|a05d8a41a26:merge: absorb frozen upstream for #1172|03899c6a484:fix(continuation): trust only internal trace context|d3cfdf2dbf5:merge: absorb upstream main after 1159 fold|78577edff46:fix: preserve continuation recovery handoff identity|3bfc47a8d73:fix(continuation): thread continue_delegate model through the production post-compaction path|8e04d27f1a5:feat(continuation): replay drift-cure candidate onto upstream supersedes the 74-line post-PR set candidate. No upstream restoration applies in this cure.
src/infra/system-events.test.ts	4	6f82812f7fb9494570584839adb824a3dba2bafa	be4703cabbfe2a52cb1ae18cede7d587525e1bd4	+299/-7	6be6484bd9f:fix: close continuation gate debt|3f8d6503dde:Merge upstream main 530b33e4 into continuation assembly|a7ef03177e0:Merge remote-tracking branch 'upstream/main' into scribe/20260809/backmerge-upstream|ca5a25affc9:Merge upstream/main (cb50289e283) into 1172 continuation assembly|726f4e2f9cc:Merge upstream after post-666 corrections|18e02c2b5b3:fix(continuation): add managed delegate return claims|81930ccd5e2:merge: absorb upstream through 444fd4b for #1172|f76f0e5983f:refactor(continuation): retire unrelated carries|a05d8a41a26:merge: absorb frozen upstream for #1172|1192886f766:Merge upstream/main through ef196b68b48 into #1172 candidate|e317cfffa97:Merge commit '6c76d623f61a0b112937791eecb9f784f26a7834' into HEAD|6c76d623f61:docs(security): clip internal issue refs from comments for upstream|a9ba187f4fb:security(#999): strip session-delivery ack fields on both barrel producers (Finding-C ack-axis)|86d38470576:security(#999): force-untrust raw producers via deprecated infra-runtime barrel (Finding-C)|e4829e66f1c:security(#999): strip session-delivery ack fields at SDK/plugin boundary (Finding-B)|879f62fbd4f:test(system-events): standing guard for removeSystemEvents null-tail contextKey|32bffaea9c1:fix(system-events): restore last-non-null contextKey on removeSystemEvents|bd4076fc09a:test: #999 enforced-boundary guard -- SDK/plugin trusted:true neutralized at the wrapper|2cc23077070:test: #999 prong-c guard -- trusted:true payloads survive sanitize un-rewritten|6cfe57040e9:test: #999 drop forceSenderIsOwnerFalse from extension + core system-event tests|6f2550b65a9:docs(comments): scrub fork dev-vocabulary for upstream presentation|8e04d27f1a5:feat(continuation): replay drift-cure candidate onto upstream	No current-upstream hunk exists: UPSTREAM:path equals OLD_MERGE_BASE:path at 6f82812f7fb9494570584839adb824a3dba2bafa. CANDIDATE preserves accepted SOURCE blob be4703cabbfe2a52cb1ae18cede7d587525e1bd4; the accepted +299/-7 overlay from 6be6484bd9f:fix: close continuation gate debt|3f8d6503dde:Merge upstream main 530b33e4 into continuation assembly|a7ef03177e0:Merge remote-tracking branch 'upstream/main' into scribe/20260809/backmerge-upstream|ca5a25affc9:Merge upstream/main (cb50289e283) into 1172 continuation assembly|726f4e2f9cc:Merge upstream after post-666 corrections|18e02c2b5b3:fix(continuation): add managed delegate return claims|81930ccd5e2:merge: absorb upstream through 444fd4b for #1172|f76f0e5983f:refactor(continuation): retire unrelated carries|a05d8a41a26:merge: absorb frozen upstream for #1172|1192886f766:Merge upstream/main through ef196b68b48 into #1172 candidate|e317cfffa97:Merge commit '6c76d623f61a0b112937791eecb9f784f26a7834' into HEAD|6c76d623f61:docs(security): clip internal issue refs from comments for upstream|a9ba187f4fb:security(#999): strip session-delivery ack fields on both barrel producers (Finding-C ack-axis)|86d38470576:security(#999): force-untrust raw producers via deprecated infra-runtime barrel (Finding-C)|e4829e66f1c:security(#999): strip session-delivery ack fields at SDK/plugin boundary (Finding-B)|879f62fbd4f:test(system-events): standing guard for removeSystemEvents null-tail contextKey|32bffaea9c1:fix(system-events): restore last-non-null contextKey on removeSystemEvents|bd4076fc09a:test: #999 enforced-boundary guard -- SDK/plugin trusted:true neutralized at the wrapper|2cc23077070:test: #999 prong-c guard -- trusted:true payloads survive sanitize un-rewritten|6cfe57040e9:test: #999 drop forceSenderIsOwnerFalse from extension + core system-event tests|6f2550b65a9:docs(comments): scrub fork dev-vocabulary for upstream presentation|8e04d27f1a5:feat(continuation): replay drift-cure candidate onto upstream supersedes the 4-line post-PR set candidate. No upstream restoration applies in this cure.
src/infra/system-events.ts	5	18a8be81037ef9964d63b1ff6ba72ee0e67f468e	7d71b4623aac71d5bef9523f8b75d5cac712b6fa	+228/-27	6be6484bd9f:fix: close continuation gate debt|a7ef03177e0:Merge remote-tracking branch 'upstream/main' into scribe/20260809/backmerge-upstream|5df9d96eb8f:style: oxfmt the four files hand-edited during conflict resolution|ca5a25affc9:Merge upstream/main (cb50289e283) into 1172 continuation assembly|55fb755bebb:merge: absorb frozen upstream for WO-1217|59bbfcffce0:fix(continuation): settle the terminal notice at turn adoption, not preparation|726f4e2f9cc:Merge upstream after post-666 corrections|18e02c2b5b3:fix(continuation): add managed delegate return claims|81930ccd5e2:merge: absorb upstream through 444fd4b for #1172|a05d8a41a26:merge: absorb frozen upstream for #1172|4828d51f9fd:merge: absorb upstream main through a4cc24d113|510388cf1ab:Fix static gate formatting findings|32bffaea9c1:fix(system-events): restore last-non-null contextKey on removeSystemEvents|3b3566e8d16:security: #999 enforce trusted-bypass at plugin-runtime boundary + restore deprecated SDK field|d2c7457b3ba:merge: drift-cure back-merge upstream/main into assembly-drift-cure (#999 post-cleanse)|7849bf02696:WIP: #999 drop forceSenderIsOwnerFalse from core system-events + session drain|776092e29bc:Merge upstream/main into frond-scribe/20260612/drift-correct-990-v4 (drift2)|d57b6ec0cac:docs(scrub): qualify unqualified 'RFC §' refs to the continuation RFC|8e04d27f1a5:feat(continuation): replay drift-cure candidate onto upstream	No current-upstream hunk exists: UPSTREAM:path equals OLD_MERGE_BASE:path at 18a8be81037ef9964d63b1ff6ba72ee0e67f468e. CANDIDATE preserves accepted SOURCE blob 7d71b4623aac71d5bef9523f8b75d5cac712b6fa; the accepted +228/-27 overlay from 6be6484bd9f:fix: close continuation gate debt|a7ef03177e0:Merge remote-tracking branch 'upstream/main' into scribe/20260809/backmerge-upstream|5df9d96eb8f:style: oxfmt the four files hand-edited during conflict resolution|ca5a25affc9:Merge upstream/main (cb50289e283) into 1172 continuation assembly|55fb755bebb:merge: absorb frozen upstream for WO-1217|59bbfcffce0:fix(continuation): settle the terminal notice at turn adoption, not preparation|726f4e2f9cc:Merge upstream after post-666 corrections|18e02c2b5b3:fix(continuation): add managed delegate return claims|81930ccd5e2:merge: absorb upstream through 444fd4b for #1172|a05d8a41a26:merge: absorb frozen upstream for #1172|4828d51f9fd:merge: absorb upstream main through a4cc24d113|510388cf1ab:Fix static gate formatting findings|32bffaea9c1:fix(system-events): restore last-non-null contextKey on removeSystemEvents|3b3566e8d16:security: #999 enforce trusted-bypass at plugin-runtime boundary + restore deprecated SDK field|d2c7457b3ba:merge: drift-cure back-merge upstream/main into assembly-drift-cure (#999 post-cleanse)|7849bf02696:WIP: #999 drop forceSenderIsOwnerFalse from core system-events + session drain|776092e29bc:Merge upstream/main into frond-scribe/20260612/drift-correct-990-v4 (drift2)|d57b6ec0cac:docs(scrub): qualify unqualified 'RFC §' refs to the continuation RFC|8e04d27f1a5:feat(continuation): replay drift-cure candidate onto upstream supersedes the 5-line post-PR set candidate. No upstream restoration applies in this cure.
src/library.ts	1	4eba1f3312abd696c54cd691fc94904cddc10b85	13daaad2ad94214bd44fbf2a4ac133ebfa5f4c68	+1/-1	aceb7c98561:fix(lint): drop self-renames left by the rename sweep|a316a17ca0d:merge: absorb upstream/main drift and follow the session-path renames|7464b874e55:merge: absorb upstream/main drift	No current-upstream hunk exists: UPSTREAM:path equals OLD_MERGE_BASE:path at 4eba1f3312abd696c54cd691fc94904cddc10b85. CANDIDATE preserves accepted SOURCE blob 13daaad2ad94214bd44fbf2a4ac133ebfa5f4c68; the accepted +1/-1 overlay from aceb7c98561:fix(lint): drop self-renames left by the rename sweep|a316a17ca0d:merge: absorb upstream/main drift and follow the session-path renames|7464b874e55:merge: absorb upstream/main drift supersedes the 1-line post-PR set candidate. No upstream restoration applies in this cure.
src/logging/diagnostic.test.ts	3	2c9d737a7308c85604067c47f2b33466849e4e55	dbd6a38ba1f31cfd59931a6257123bd7c9905872	+201/-13	d54403ab018:merge: absorb current upstream 23854c39 into continuation candidate|b5f1960fd4d:merge: backmerge frozen upstream into continuation|2cf1c4dba1a:Merge upstream main into continuation assembly|3f8d6503dde:Merge upstream main 530b33e4 into continuation assembly|bd8fcdf6396:merge: absorb upstream/main drift (21 commits)|0dd8008463d:merge: absorb upstream 480e0c0 into PR presentation assembly|8abde93a5d1:Merge upstream 9aa24e8f into PR presentation assembly|9f89d941dd1:merge: absorb frozen upstream c37ba84|b5bc4347c0d:Merge upstream 18c9f27e into #1219 F1 accepted head|e9a5ae9d12d:Merge upstream 0ea8d565 into CFC5 successor|bae7eae11ab:Merge upstream/main into post-666 assembly candidate|81930ccd5e2:merge: absorb upstream through 444fd4b for #1172|228da670830:merge: absorb upstream lifecycle and cron ownership into assembly|d6ac137b148:Merge upstream c46cc1e2 into absorb branch|a05d8a41a26:merge: absorb frozen upstream for #1172|56360c15761:Merge upstream/main into #1172 assembly|a9ea8e596e7:Backmerge upstream main into assembly after splay prune|cd255b3d6db:Merge upstream/main 2ce4a748 (drift re-absorb #6) + #1229 surface-budget pin|f05c7cb92d5:WIP dc2: merge upstream d89ab2c014 onto 077b261dd8 — agent-runner-execution.ts resolved (version-A, scout-confirmed); 5 files conflict-marked for prince byte-check|d2c7457b3ba:merge: drift-cure back-merge upstream/main into assembly-drift-cure (#999 post-cleanse)|8e04d27f1a5:feat(continuation): replay drift-cure candidate onto upstream	No current-upstream hunk exists: UPSTREAM:path equals OLD_MERGE_BASE:path at 2c9d737a7308c85604067c47f2b33466849e4e55. CANDIDATE preserves accepted SOURCE blob dbd6a38ba1f31cfd59931a6257123bd7c9905872; the accepted +201/-13 overlay from d54403ab018:merge: absorb current upstream 23854c39 into continuation candidate|b5f1960fd4d:merge: backmerge frozen upstream into continuation|2cf1c4dba1a:Merge upstream main into continuation assembly|3f8d6503dde:Merge upstream main 530b33e4 into continuation assembly|bd8fcdf6396:merge: absorb upstream/main drift (21 commits)|0dd8008463d:merge: absorb upstream 480e0c0 into PR presentation assembly|8abde93a5d1:Merge upstream 9aa24e8f into PR presentation assembly|9f89d941dd1:merge: absorb frozen upstream c37ba84|b5bc4347c0d:Merge upstream 18c9f27e into #1219 F1 accepted head|e9a5ae9d12d:Merge upstream 0ea8d565 into CFC5 successor|bae7eae11ab:Merge upstream/main into post-666 assembly candidate|81930ccd5e2:merge: absorb upstream through 444fd4b for #1172|228da670830:merge: absorb upstream lifecycle and cron ownership into assembly|d6ac137b148:Merge upstream c46cc1e2 into absorb branch|a05d8a41a26:merge: absorb frozen upstream for #1172|56360c15761:Merge upstream/main into #1172 assembly|a9ea8e596e7:Backmerge upstream main into assembly after splay prune|cd255b3d6db:Merge upstream/main 2ce4a748 (drift re-absorb #6) + #1229 surface-budget pin|f05c7cb92d5:WIP dc2: merge upstream d89ab2c014 onto 077b261dd8 — agent-runner-execution.ts resolved (version-A, scout-confirmed); 5 files conflict-marked for prince byte-check|d2c7457b3ba:merge: drift-cure back-merge upstream/main into assembly-drift-cure (#999 post-cleanse)|8e04d27f1a5:feat(continuation): replay drift-cure candidate onto upstream supersedes the 3-line post-PR set candidate. No upstream restoration applies in this cure.
src/logging/diagnostic.ts	8	ed3f3f2a55a98f54727beb54287c7959c13f655c	a0fadeeda5f4894979b5df8ab613adbd8f3056d5	+121/-8	2cf1c4dba1a:Merge upstream main into continuation assembly|3f8d6503dde:Merge upstream main 530b33e4 into continuation assembly|bd8fcdf6396:merge: absorb upstream/main drift (21 commits)|0dd8008463d:merge: absorb upstream 480e0c0 into PR presentation assembly|9f89d941dd1:merge: absorb frozen upstream c37ba84|b5bc4347c0d:Merge upstream 18c9f27e into #1219 F1 accepted head|e9a5ae9d12d:Merge upstream 0ea8d565 into CFC5 successor|2e155cf622e:merge: absorb upstream through 20eda for continuation assembly|726f4e2f9cc:Merge upstream after post-666 corrections|bae7eae11ab:Merge upstream/main into post-666 assembly candidate|81930ccd5e2:merge: absorb upstream through 444fd4b for #1172|228da670830:merge: absorb upstream lifecycle and cron ownership into assembly|d6ac137b148:Merge upstream c46cc1e2 into absorb branch|a05d8a41a26:merge: absorb frozen upstream for #1172|56360c15761:Merge upstream/main into #1172 assembly|a9ea8e596e7:Backmerge upstream main into assembly after splay prune|d3cfdf2dbf5:merge: absorb upstream main after 1159 fold|cd255b3d6db:Merge upstream/main 2ce4a748 (drift re-absorb #6) + #1229 surface-budget pin|f05c7cb92d5:WIP dc2: merge upstream d89ab2c014 onto 077b261dd8 — agent-runner-execution.ts resolved (version-A, scout-confirmed); 5 files conflict-marked for prince byte-check|d2c7457b3ba:merge: drift-cure back-merge upstream/main into assembly-drift-cure (#999 post-cleanse)|0577934b467:Merge remote-tracking branch 'upstream/main' into drift-correct-20260610|63ddbdfc5a3:fix: restore upstream faithfulness for #935|8e04d27f1a5:feat(continuation): replay drift-cure candidate onto upstream	No current-upstream hunk exists: UPSTREAM:path equals OLD_MERGE_BASE:path at ed3f3f2a55a98f54727beb54287c7959c13f655c. CANDIDATE preserves accepted SOURCE blob a0fadeeda5f4894979b5df8ab613adbd8f3056d5; the accepted +121/-8 overlay from 2cf1c4dba1a:Merge upstream main into continuation assembly|3f8d6503dde:Merge upstream main 530b33e4 into continuation assembly|bd8fcdf6396:merge: absorb upstream/main drift (21 commits)|0dd8008463d:merge: absorb upstream 480e0c0 into PR presentation assembly|9f89d941dd1:merge: absorb frozen upstream c37ba84|b5bc4347c0d:Merge upstream 18c9f27e into #1219 F1 accepted head|e9a5ae9d12d:Merge upstream 0ea8d565 into CFC5 successor|2e155cf622e:merge: absorb upstream through 20eda for continuation assembly|726f4e2f9cc:Merge upstream after post-666 corrections|bae7eae11ab:Merge upstream/main into post-666 assembly candidate|81930ccd5e2:merge: absorb upstream through 444fd4b for #1172|228da670830:merge: absorb upstream lifecycle and cron ownership into assembly|d6ac137b148:Merge upstream c46cc1e2 into absorb branch|a05d8a41a26:merge: absorb frozen upstream for #1172|56360c15761:Merge upstream/main into #1172 assembly|a9ea8e596e7:Backmerge upstream main into assembly after splay prune|d3cfdf2dbf5:merge: absorb upstream main after 1159 fold|cd255b3d6db:Merge upstream/main 2ce4a748 (drift re-absorb #6) + #1229 surface-budget pin|f05c7cb92d5:WIP dc2: merge upstream d89ab2c014 onto 077b261dd8 — agent-runner-execution.ts resolved (version-A, scout-confirmed); 5 files conflict-marked for prince byte-check|d2c7457b3ba:merge: drift-cure back-merge upstream/main into assembly-drift-cure (#999 post-cleanse)|0577934b467:Merge remote-tracking branch 'upstream/main' into drift-correct-20260610|63ddbdfc5a3:fix: restore upstream faithfulness for #935|8e04d27f1a5:feat(continuation): replay drift-cure candidate onto upstream supersedes the 8-line post-PR set candidate. No upstream restoration applies in this cure.
src/media/web-media.test.ts	1	03dad5c37990377e15edbcfd37ad5cf524e9173d	7d730ddf4f04ee008fc1083adf1f1c7847be6378	+1/-1	2cf1c4dba1a:Merge upstream main into continuation assembly|315d9994823:Repair continuation CI boundary regressions	No current-upstream hunk exists: UPSTREAM:path equals OLD_MERGE_BASE:path at 03dad5c37990377e15edbcfd37ad5cf524e9173d. CANDIDATE preserves accepted SOURCE blob 7d730ddf4f04ee008fc1083adf1f1c7847be6378; the accepted +1/-1 overlay from 2cf1c4dba1a:Merge upstream main into continuation assembly|315d9994823:Repair continuation CI boundary regressions supersedes the 1-line post-PR set candidate. No upstream restoration applies in this cure.
src/node-host/node-worker-transfer-client.test.ts	3	c94f46cd5e31a4fed9051d2fd91145695c2c4ed4	9252ecf5c7f1756b2a849910464dd3099ab654e5	+3/-3	1618911fbf5:test: honor git checkout environment	No current-upstream hunk exists: UPSTREAM:path equals OLD_MERGE_BASE:path at c94f46cd5e31a4fed9051d2fd91145695c2c4ed4. CANDIDATE preserves accepted SOURCE blob 9252ecf5c7f1756b2a849910464dd3099ab654e5; the accepted +3/-3 overlay from 1618911fbf5:test: honor git checkout environment supersedes the 3-line post-PR set candidate. No upstream restoration applies in this cure.
src/plugin-sdk/heartbeat-runtime.ts	1	5123d6d187268dfea2443a5e24e7d52be4c17b05	4c78712f267912f2703ca004e014fbb447d07eec	+15/-1	6be6484bd9f:fix: close continuation gate debt|939e5a6a748:fix(continuation): harden wake routing and stream stripping	No current-upstream hunk exists: UPSTREAM:path equals OLD_MERGE_BASE:path at 5123d6d187268dfea2443a5e24e7d52be4c17b05. CANDIDATE preserves accepted SOURCE blob 4c78712f267912f2703ca004e014fbb447d07eec; the accepted +15/-1 overlay from 6be6484bd9f:fix: close continuation gate debt|939e5a6a748:fix(continuation): harden wake routing and stream stripping supersedes the 1-line post-PR set candidate. No upstream restoration applies in this cure.
src/plugin-sdk/infra-runtime.ts	3	e5ed7cffb15045d5e2d9ef7432e37d5aa35b840b	1d657f5d2e220f08bc4ac773565a5356689b8fa2	+51/-8	04ed3627482:fix: close Gate 3 static regressions|2cf1c4dba1a:Merge upstream main into continuation assembly|6be6484bd9f:fix: close continuation gate debt|3f8d6503dde:Merge upstream main 530b33e4 into continuation assembly|ca5a25affc9:Merge upstream/main (cb50289e283) into 1172 continuation assembly|31af61428a6:merge: absorb upstream drift and restore continuation tracing|2e155cf622e:merge: absorb upstream through 20eda for continuation assembly|726f4e2f9cc:Merge upstream after post-666 corrections|4577adf1607:merge: absorb upstream main through 7a456e362d|4af422fc6db:Merge remote-tracking branch 'upstream/main' into scribe/20260709/1172-status-row-assembly|5503bd986c2:Merge remote-tracking branch 'upstream/main' into scribe/20260704/assembly-upstream-drift-backmerge|6c76d623f61:docs(security): clip internal issue refs from comments for upstream|a9ba187f4fb:security(#999): strip session-delivery ack fields on both barrel producers (Finding-C ack-axis)|86d38470576:security(#999): force-untrust raw producers via deprecated infra-runtime barrel (Finding-C)	No current-upstream hunk exists: UPSTREAM:path equals OLD_MERGE_BASE:path at e5ed7cffb15045d5e2d9ef7432e37d5aa35b840b. CANDIDATE preserves accepted SOURCE blob 1d657f5d2e220f08bc4ac773565a5356689b8fa2; the accepted +51/-8 overlay from 04ed3627482:fix: close Gate 3 static regressions|2cf1c4dba1a:Merge upstream main into continuation assembly|6be6484bd9f:fix: close continuation gate debt|3f8d6503dde:Merge upstream main 530b33e4 into continuation assembly|ca5a25affc9:Merge upstream/main (cb50289e283) into 1172 continuation assembly|31af61428a6:merge: absorb upstream drift and restore continuation tracing|2e155cf622e:merge: absorb upstream through 20eda for continuation assembly|726f4e2f9cc:Merge upstream after post-666 corrections|4577adf1607:merge: absorb upstream main through 7a456e362d|4af422fc6db:Merge remote-tracking branch 'upstream/main' into scribe/20260709/1172-status-row-assembly|5503bd986c2:Merge remote-tracking branch 'upstream/main' into scribe/20260704/assembly-upstream-drift-backmerge|6c76d623f61:docs(security): clip internal issue refs from comments for upstream|a9ba187f4fb:security(#999): strip session-delivery ack fields on both barrel producers (Finding-C ack-axis)|86d38470576:security(#999): force-untrust raw producers via deprecated infra-runtime barrel (Finding-C) supersedes the 3-line post-PR set candidate. No upstream restoration applies in this cure.
src/plugin-sdk/provider-catalog-live-runtime.test.ts	1	92436efa7413c918628553f92b05a399fe4f7508	687bb6bae1555fc1fb609476e210af28e4a66eee	+46/-309	4018b96af02:refactor(sessions): split static gate owners|2e155cf622e:merge: absorb upstream through 20eda for continuation assembly|672bd50a7dc:Merge upstream 692310de into continuation assembly|0ff0add5e40:merge: absorb upstream through 025e6cee for #1172|8422e7613b9:Merge upstream/main into 1172 status row assembly|789d60d2222:fix: keep live catalog fetch guard public type strict|478574ad3bf:fix: address partial response compatibility review|c524a800fdb:merge: absorb upstream main for continuation trace redaction	No current-upstream hunk exists: UPSTREAM:path equals OLD_MERGE_BASE:path at 92436efa7413c918628553f92b05a399fe4f7508. CANDIDATE preserves accepted SOURCE blob 687bb6bae1555fc1fb609476e210af28e4a66eee; the accepted +46/-309 overlay from 4018b96af02:refactor(sessions): split static gate owners|2e155cf622e:merge: absorb upstream through 20eda for continuation assembly|672bd50a7dc:Merge upstream 692310de into continuation assembly|0ff0add5e40:merge: absorb upstream through 025e6cee for #1172|8422e7613b9:Merge upstream/main into 1172 status row assembly|789d60d2222:fix: keep live catalog fetch guard public type strict|478574ad3bf:fix: address partial response compatibility review|c524a800fdb:merge: absorb upstream main for continuation trace redaction supersedes the 1-line post-PR set candidate. No upstream restoration applies in this cure.
src/plugin-sdk/provider-catalog-live-runtime.ts	5	90ac628c025955c925e3652ea9c24f1645ef7f58	5bdd36bbc6290b697af7b77f477e29c01165c453	+25/-6	3f8d6503dde:Merge upstream main 530b33e4 into continuation assembly|31af61428a6:merge: absorb upstream drift and restore continuation tracing|e9a5ae9d12d:Merge upstream 0ea8d565 into CFC5 successor|2e155cf622e:merge: absorb upstream through 20eda for continuation assembly|bae7eae11ab:Merge upstream/main into post-666 assembly candidate|672bd50a7dc:Merge upstream 692310de into continuation assembly|0ff0add5e40:merge: absorb upstream through 025e6cee for #1172|5503bd986c2:Merge remote-tracking branch 'upstream/main' into scribe/20260704/assembly-upstream-drift-backmerge|789d60d2222:fix: keep live catalog fetch guard public type strict|352aef64d81:fix: address provider catalog compatibility review|cc006b5b6e1:fix: tolerate partial response guards|c524a800fdb:merge: absorb upstream main for continuation trace redaction	No current-upstream hunk exists: UPSTREAM:path equals OLD_MERGE_BASE:path at 90ac628c025955c925e3652ea9c24f1645ef7f58. CANDIDATE preserves accepted SOURCE blob 5bdd36bbc6290b697af7b77f477e29c01165c453; the accepted +25/-6 overlay from 3f8d6503dde:Merge upstream main 530b33e4 into continuation assembly|31af61428a6:merge: absorb upstream drift and restore continuation tracing|e9a5ae9d12d:Merge upstream 0ea8d565 into CFC5 successor|2e155cf622e:merge: absorb upstream through 20eda for continuation assembly|bae7eae11ab:Merge upstream/main into post-666 assembly candidate|672bd50a7dc:Merge upstream 692310de into continuation assembly|0ff0add5e40:merge: absorb upstream through 025e6cee for #1172|5503bd986c2:Merge remote-tracking branch 'upstream/main' into scribe/20260704/assembly-upstream-drift-backmerge|789d60d2222:fix: keep live catalog fetch guard public type strict|352aef64d81:fix: address provider catalog compatibility review|cc006b5b6e1:fix: tolerate partial response guards|c524a800fdb:merge: absorb upstream main for continuation trace redaction supersedes the 5-line post-PR set candidate. No upstream restoration applies in this cure.
src/plugin-sdk/system-event-runtime.ts	9	9426462787375e1a2a6c853d68d124b7dbd50110	02a8c4d9058099198bb5984a5eaec3176219075b	+41/-9	6be6484bd9f:fix: close continuation gate debt|3f8d6503dde:Merge upstream main 530b33e4 into continuation assembly|ca5a25affc9:Merge upstream/main (cb50289e283) into 1172 continuation assembly|726f4e2f9cc:Merge upstream after post-666 corrections|d18fdd00c27:Merge upstream 10313e3 into #1184 continuation candidate|e4829e66f1c:security(#999): strip session-delivery ack fields at SDK/plugin boundary (Finding-B)|3fe1ac6aa85:security: #999 enforce channel/SDK producers untrusted + sweep stray docs	No current-upstream hunk exists: UPSTREAM:path equals OLD_MERGE_BASE:path at 9426462787375e1a2a6c853d68d124b7dbd50110. CANDIDATE preserves accepted SOURCE blob 02a8c4d9058099198bb5984a5eaec3176219075b; the accepted +41/-9 overlay from 6be6484bd9f:fix: close continuation gate debt|3f8d6503dde:Merge upstream main 530b33e4 into continuation assembly|ca5a25affc9:Merge upstream/main (cb50289e283) into 1172 continuation assembly|726f4e2f9cc:Merge upstream after post-666 corrections|d18fdd00c27:Merge upstream 10313e3 into #1184 continuation candidate|e4829e66f1c:security(#999): strip session-delivery ack fields at SDK/plugin boundary (Finding-B)|3fe1ac6aa85:security: #999 enforce channel/SDK producers untrusted + sweep stray docs supersedes the 9-line post-PR set candidate. No upstream restoration applies in this cure.
src/plugins/git-install.ts	1	60a37a6c95b7a188fb3ada4443eb24919461d654	bdcda0697dfd1b5ec6cb1ce598944b34d8fa1a38	+34/-11	f2cc523f491:Merge upstream eb63cb148 into continuation assembly|3f8d6503dde:Merge upstream main 530b33e4 into continuation assembly|a316a17ca0d:merge: absorb upstream/main drift and follow the session-path renames|b53f0db43c9:fix(plugins): stage git fallback beside managed repo	No current-upstream hunk exists: UPSTREAM:path equals OLD_MERGE_BASE:path at 60a37a6c95b7a188fb3ada4443eb24919461d654. CANDIDATE preserves accepted SOURCE blob bdcda0697dfd1b5ec6cb1ce598944b34d8fa1a38; the accepted +34/-11 overlay from f2cc523f491:Merge upstream eb63cb148 into continuation assembly|3f8d6503dde:Merge upstream main 530b33e4 into continuation assembly|a316a17ca0d:merge: absorb upstream/main drift and follow the session-path renames|b53f0db43c9:fix(plugins): stage git fallback beside managed repo supersedes the 1-line post-PR set candidate. No upstream restoration applies in this cure.
src/plugins/install.test.ts	2	f4a5d57a788efedf4d1420750bf303cc59231217	689327097271de8cec12953f19b834fb6783fb3b	+24/-8	b5f1960fd4d:merge: backmerge frozen upstream into continuation|f2cc523f491:Merge upstream eb63cb148 into continuation assembly|bd8fcdf6396:merge: absorb upstream/main drift (21 commits)|9507800800a:merge: absorb upstream/main into continuation assembly|5fff43305bf:test(plugins): isolate exec runner mock|cb73c7db50c:Merge upstream f4387b7a into PR presentation assembly|8abde93a5d1:Merge upstream 9aa24e8f into PR presentation assembly|8cad5c7aa3b:merge: absorb frozen upstream 86233913 for #1216|726f4e2f9cc:Merge upstream after post-666 corrections|672bd50a7dc:Merge upstream 692310de into continuation assembly|a05d8a41a26:merge: absorb frozen upstream for #1172|7dddc1d4bb5:test: reconcile plugin and QA baselines	No current-upstream hunk exists: UPSTREAM:path equals OLD_MERGE_BASE:path at f4a5d57a788efedf4d1420750bf303cc59231217. CANDIDATE preserves accepted SOURCE blob 689327097271de8cec12953f19b834fb6783fb3b; the accepted +24/-8 overlay from b5f1960fd4d:merge: backmerge frozen upstream into continuation|f2cc523f491:Merge upstream eb63cb148 into continuation assembly|bd8fcdf6396:merge: absorb upstream/main drift (21 commits)|9507800800a:merge: absorb upstream/main into continuation assembly|5fff43305bf:test(plugins): isolate exec runner mock|cb73c7db50c:Merge upstream f4387b7a into PR presentation assembly|8abde93a5d1:Merge upstream 9aa24e8f into PR presentation assembly|8cad5c7aa3b:merge: absorb frozen upstream 86233913 for #1216|726f4e2f9cc:Merge upstream after post-666 corrections|672bd50a7dc:Merge upstream 692310de into continuation assembly|a05d8a41a26:merge: absorb frozen upstream for #1172|7dddc1d4bb5:test: reconcile plugin and QA baselines supersedes the 2-line post-PR set candidate. No upstream restoration applies in this cure.
src/plugins/marketplace.test.ts	1	7c6d0ca6f454c6685c0dd7f8650f5ee8cbe48dcb	fdcd5152170cf09cf474c7060d1934fe5fc40806	+24/-24	0dadf772997:test: resolve temp-dir helper drift union|f2cc523f491:Merge upstream eb63cb148 into continuation assembly|a316a17ca0d:merge: absorb upstream/main drift and follow the session-path renames	No current-upstream hunk exists: UPSTREAM:path equals OLD_MERGE_BASE:path at 7c6d0ca6f454c6685c0dd7f8650f5ee8cbe48dcb. CANDIDATE preserves accepted SOURCE blob fdcd5152170cf09cf474c7060d1934fe5fc40806; the accepted +24/-24 overlay from 0dadf772997:test: resolve temp-dir helper drift union|f2cc523f491:Merge upstream eb63cb148 into continuation assembly|a316a17ca0d:merge: absorb upstream/main drift and follow the session-path renames supersedes the 1-line post-PR set candidate. No upstream restoration applies in this cure.
src/plugins/npm-install-security-scan.release.test.ts	1	3114586c294a70a2bdfa54da0819929ecd7d4ceb	5b3b97964738f8c45b18647976591e6ee334444f	+71/-15	26d6e1b5857:test: repair final validation boundaries	No current-upstream hunk exists: UPSTREAM:path equals OLD_MERGE_BASE:path at 3114586c294a70a2bdfa54da0819929ecd7d4ceb. CANDIDATE preserves accepted SOURCE blob 5b3b97964738f8c45b18647976591e6ee334444f; the accepted +71/-15 overlay from 26d6e1b5857:test: repair final validation boundaries supersedes the 1-line post-PR set candidate. No upstream restoration applies in this cure.
src/plugins/runtime/index.test.ts	2	abfa4308e239a3a579223af2657adafa41b4d00a	7c50732e021a7f608b7e23af5c3c7f834f00548b	+35/-3	b5f1960fd4d:merge: backmerge frozen upstream into continuation|f2cc523f491:Merge upstream eb63cb148 into continuation assembly|6be6484bd9f:fix: close continuation gate debt|3d9701862a3:merge: absorb upstream drift #11 into assembly|a316a17ca0d:merge: absorb upstream/main drift and follow the session-path renames|bd8fcdf6396:merge: absorb upstream/main drift (21 commits)|3b33188c6d4:merge: absorb upstream/main into continuation assembly|e9a5ae9d12d:Merge upstream 0ea8d565 into CFC5 successor|81930ccd5e2:merge: absorb upstream through 444fd4b for #1172|939e5a6a748:fix(continuation): harden wake routing and stream stripping	No current-upstream hunk exists: UPSTREAM:path equals OLD_MERGE_BASE:path at abfa4308e239a3a579223af2657adafa41b4d00a. CANDIDATE preserves accepted SOURCE blob 7c50732e021a7f608b7e23af5c3c7f834f00548b; the accepted +35/-3 overlay from b5f1960fd4d:merge: backmerge frozen upstream into continuation|f2cc523f491:Merge upstream eb63cb148 into continuation assembly|6be6484bd9f:fix: close continuation gate debt|3d9701862a3:merge: absorb upstream drift #11 into assembly|a316a17ca0d:merge: absorb upstream/main drift and follow the session-path renames|bd8fcdf6396:merge: absorb upstream/main drift (21 commits)|3b33188c6d4:merge: absorb upstream/main into continuation assembly|e9a5ae9d12d:Merge upstream 0ea8d565 into CFC5 successor|81930ccd5e2:merge: absorb upstream through 444fd4b for #1172|939e5a6a748:fix(continuation): harden wake routing and stream stripping supersedes the 2-line post-PR set candidate. No upstream restoration applies in this cure.
src/plugins/runtime/runtime-system.ts	3	52c12dc7088cbbad972d8598809a1b3438c02109	4b7bef7e0bc71397bf1c0f8715cce940dc0d138e	+34/-3	6be6484bd9f:fix: close continuation gate debt|726f4e2f9cc:Merge upstream after post-666 corrections|939e5a6a748:fix(continuation): harden wake routing and stream stripping|e4829e66f1c:security(#999): strip session-delivery ack fields at SDK/plugin boundary (Finding-B)|3b3566e8d16:security: #999 enforce trusted-bypass at plugin-runtime boundary + restore deprecated SDK field	No current-upstream hunk exists: UPSTREAM:path equals OLD_MERGE_BASE:path at 52c12dc7088cbbad972d8598809a1b3438c02109. CANDIDATE preserves accepted SOURCE blob 4b7bef7e0bc71397bf1c0f8715cce940dc0d138e; the accepted +34/-3 overlay from 6be6484bd9f:fix: close continuation gate debt|726f4e2f9cc:Merge upstream after post-666 corrections|939e5a6a748:fix(continuation): harden wake routing and stream stripping|e4829e66f1c:security(#999): strip session-delivery ack fields at SDK/plugin boundary (Finding-B)|3b3566e8d16:security: #999 enforce trusted-bypass at plugin-runtime boundary + restore deprecated SDK field supersedes the 3-line post-PR set candidate. No upstream restoration applies in this cure.
src/plugins/runtime/runtime-taskflow.test.ts	1	6e3ce40bb32110083d245b029d6785c422677527	71c74b8e953c38610cd8b2a5a6c36eca496395e9	+236/-1	543b02c5a24:fix(continuation): port attachment hardening to assembly	No current-upstream hunk exists: UPSTREAM:path equals OLD_MERGE_BASE:path at 6e3ce40bb32110083d245b029d6785c422677527. CANDIDATE preserves accepted SOURCE blob 71c74b8e953c38610cd8b2a5a6c36eca496395e9; the accepted +236/-1 overlay from 543b02c5a24:fix(continuation): port attachment hardening to assembly supersedes the 1-line post-PR set candidate. No upstream restoration applies in this cure.
src/plugins/runtime/runtime-taskflow.ts	24	1975598bb623139c9144d3c63d593e74f835305c	707bf8fe6b0b76b891b4d3650de75b1a37f8560f	+128/-45	ff3e0dd6337:Repair frozen upstream merge unions|543b02c5a24:fix(continuation): port attachment hardening to assembly	No current-upstream hunk exists: UPSTREAM:path equals OLD_MERGE_BASE:path at 1975598bb623139c9144d3c63d593e74f835305c. CANDIDATE preserves accepted SOURCE blob 707bf8fe6b0b76b891b4d3650de75b1a37f8560f; the accepted +128/-45 overlay from ff3e0dd6337:Repair frozen upstream merge unions|543b02c5a24:fix(continuation): port attachment hardening to assembly supersedes the 24-line post-PR set candidate. No upstream restoration applies in this cure.
src/plugins/wired-hooks-compaction.test.ts	2	e1301d8aa1df8bb3e9d9a019e0a3f42ccf7f658c	232fa33a1ae69c9f6bb851b3bcb4e918ceb1aee2	+6/-6	2cf1c4dba1a:Merge upstream main into continuation assembly|0ff0add5e40:merge: absorb upstream through 025e6cee for #1172|8e04d27f1a5:feat(continuation): replay drift-cure candidate onto upstream	No current-upstream hunk exists: UPSTREAM:path equals OLD_MERGE_BASE:path at e1301d8aa1df8bb3e9d9a019e0a3f42ccf7f658c. CANDIDATE preserves accepted SOURCE blob 232fa33a1ae69c9f6bb851b3bcb4e918ceb1aee2; the accepted +6/-6 overlay from 2cf1c4dba1a:Merge upstream main into continuation assembly|0ff0add5e40:merge: absorb upstream through 025e6cee for #1172|8e04d27f1a5:feat(continuation): replay drift-cure candidate onto upstream supersedes the 2-line post-PR set candidate. No upstream restoration applies in this cure.
src/sessions/session-state-notices.test.ts	3	7750c4ebda87876be8f3a6f72d8b021fd5f71b10	a814eab48dec14d6b550633d5e4187d440b0a204	+3/-3	fe76bcf4888:test: align session notice mocks with raw exports|b5f1960fd4d:merge: backmerge frozen upstream into continuation|0ff0add5e40:merge: absorb upstream through 025e6cee for #1172	No current-upstream hunk exists: UPSTREAM:path equals OLD_MERGE_BASE:path at 7750c4ebda87876be8f3a6f72d8b021fd5f71b10. CANDIDATE preserves accepted SOURCE blob a814eab48dec14d6b550633d5e4187d440b0a204; the accepted +3/-3 overlay from fe76bcf4888:test: align session notice mocks with raw exports|b5f1960fd4d:merge: backmerge frozen upstream into continuation|0ff0add5e40:merge: absorb upstream through 025e6cee for #1172 supersedes the 3-line post-PR set candidate. No upstream restoration applies in this cure.
src/sessions/user-turn-transcript.test.ts	71	16deb8de4a052bc9863ff8ec6a1a344d3c79e00e	36d932bd27e8815c3b31ce2637e64ef6fb5739e0	+1/-741	74833e069be:test(sessions): split user-turn transcript recorder tests under the line budget|ca5a25affc9:Merge upstream/main (cb50289e283) into 1172 continuation assembly|cb73c7db50c:Merge upstream f4387b7a into PR presentation assembly|164351fe76c:merge: absorb final frozen upstream for WO-1217|2e155cf622e:merge: absorb upstream through 20eda for continuation assembly|bae7eae11ab:Merge upstream/main into post-666 assembly candidate|b134a64a443:fix(continuation): harden structured delegate returns|ab86369d07b:fix(continuation): close delegate return review gaps|8e55bfda61c:fix(continuation): make delegate returns crash safe|672bd50a7dc:Merge upstream 692310de into continuation assembly|0ff0add5e40:merge: absorb upstream through 025e6cee for #1172|b8bd53c9a89:merge: absorb upstream through a52eb213 for #1172	No current-upstream hunk exists: UPSTREAM:path equals OLD_MERGE_BASE:path at 16deb8de4a052bc9863ff8ec6a1a344d3c79e00e. CANDIDATE preserves accepted SOURCE blob 36d932bd27e8815c3b31ce2637e64ef6fb5739e0; the accepted +1/-741 overlay from 74833e069be:test(sessions): split user-turn transcript recorder tests under the line budget|ca5a25affc9:Merge upstream/main (cb50289e283) into 1172 continuation assembly|cb73c7db50c:Merge upstream f4387b7a into PR presentation assembly|164351fe76c:merge: absorb final frozen upstream for WO-1217|2e155cf622e:merge: absorb upstream through 20eda for continuation assembly|bae7eae11ab:Merge upstream/main into post-666 assembly candidate|b134a64a443:fix(continuation): harden structured delegate returns|ab86369d07b:fix(continuation): close delegate return review gaps|8e55bfda61c:fix(continuation): make delegate returns crash safe|672bd50a7dc:Merge upstream 692310de into continuation assembly|0ff0add5e40:merge: absorb upstream through 025e6cee for #1172|b8bd53c9a89:merge: absorb upstream through a52eb213 for #1172 supersedes the 71-line post-PR set candidate. No upstream restoration applies in this cure.
src/sessions/user-turn-transcript.ts	15	c4c6b79c2a2553574bbbc8792576696583b37e76	4fd56ce14c3acb723cc38fe74afd3b5b8b6239f8	+56/-108	2cf1c4dba1a:Merge upstream main into continuation assembly|f2cc523f491:Merge upstream eb63cb148 into continuation assembly|6f34847c57f:merge: absorb upstream/main into assembly (second incremental absorb)|90b055341a1:Merge upstream/main into the continuation assembly candidate|ca5a25affc9:Merge upstream/main (cb50289e283) into 1172 continuation assembly|cb73c7db50c:Merge upstream f4387b7a into PR presentation assembly|164351fe76c:merge: absorb final frozen upstream for WO-1217|68358363287:Merge frozen upstream acf28495 into 1172 status-row assembly|b635087360a:fix(sessions): close static split review findings|4018b96af02:refactor(sessions): split static gate owners|9ed7fd20b49:merge: absorb upstream cc48aef into continuation assembly|2e155cf622e:merge: absorb upstream through 20eda for continuation assembly|bae7eae11ab:Merge upstream/main into post-666 assembly candidate|b134a64a443:fix(continuation): harden structured delegate returns|8e55bfda61c:fix(continuation): make delegate returns crash safe|672bd50a7dc:Merge upstream 692310de into continuation assembly|0ff0add5e40:merge: absorb upstream through 025e6cee for #1172|b8bd53c9a89:merge: absorb upstream through a52eb213 for #1172	No current-upstream hunk exists: UPSTREAM:path equals OLD_MERGE_BASE:path at c4c6b79c2a2553574bbbc8792576696583b37e76. CANDIDATE preserves accepted SOURCE blob 4fd56ce14c3acb723cc38fe74afd3b5b8b6239f8; the accepted +56/-108 overlay from 2cf1c4dba1a:Merge upstream main into continuation assembly|f2cc523f491:Merge upstream eb63cb148 into continuation assembly|6f34847c57f:merge: absorb upstream/main into assembly (second incremental absorb)|90b055341a1:Merge upstream/main into the continuation assembly candidate|ca5a25affc9:Merge upstream/main (cb50289e283) into 1172 continuation assembly|cb73c7db50c:Merge upstream f4387b7a into PR presentation assembly|164351fe76c:merge: absorb final frozen upstream for WO-1217|68358363287:Merge frozen upstream acf28495 into 1172 status-row assembly|b635087360a:fix(sessions): close static split review findings|4018b96af02:refactor(sessions): split static gate owners|9ed7fd20b49:merge: absorb upstream cc48aef into continuation assembly|2e155cf622e:merge: absorb upstream through 20eda for continuation assembly|bae7eae11ab:Merge upstream/main into post-666 assembly candidate|b134a64a443:fix(continuation): harden structured delegate returns|8e55bfda61c:fix(continuation): make delegate returns crash safe|672bd50a7dc:Merge upstream 692310de into continuation assembly|0ff0add5e40:merge: absorb upstream through 025e6cee for #1172|b8bd53c9a89:merge: absorb upstream through a52eb213 for #1172 supersedes the 15-line post-PR set candidate. No upstream restoration applies in this cure.
src/shared/chat-message-content.ts	11	cee1f9d00ed32fe50d73baf3f2a2926862166e30	4da3a6cc90ff48acea0725fb183a3a044c337552	+28/-21	bd8fcdf6396:merge: absorb upstream/main drift (21 commits)|b5bc4347c0d:Merge upstream 18c9f27e into #1219 F1 accepted head|5a3e8628492:fix(agents): reconcile final reply delivery	No current-upstream hunk exists: UPSTREAM:path equals OLD_MERGE_BASE:path at cee1f9d00ed32fe50d73baf3f2a2926862166e30. CANDIDATE preserves accepted SOURCE blob 4da3a6cc90ff48acea0725fb183a3a044c337552; the accepted +28/-21 overlay from bd8fcdf6396:merge: absorb upstream/main drift (21 commits)|b5bc4347c0d:Merge upstream 18c9f27e into #1219 F1 accepted head|5a3e8628492:fix(agents): reconcile final reply delivery supersedes the 11-line post-PR set candidate. No upstream restoration applies in this cure.
src/snapshot/git-backup.test.ts	2	c646442d9abd8cc7482412bd09faa8b77883e445	1c10bc1532fe68b77aab48628ec51c88d645408c	+4/-2	1618911fbf5:test: honor git checkout environment	No current-upstream hunk exists: UPSTREAM:path equals OLD_MERGE_BASE:path at c646442d9abd8cc7482412bd09faa8b77883e445. CANDIDATE preserves accepted SOURCE blob 1c10bc1532fe68b77aab48628ec51c88d645408c; the accepted +4/-2 overlay from 1618911fbf5:test: honor git checkout environment supersedes the 2-line post-PR set candidate. No upstream restoration applies in this cure.
src/status/status-message.ts	1	54044d62f0ae0fd5da46408b32152bf08d250e8f	fc18631f4af79d034229530de636ea05e858f455	+58/-1	2cf1c4dba1a:Merge upstream main into continuation assembly|d7b6ac70e5b:Merge upstream main through c5d00cb|7abbbe17ef9:merge: absorb upstream 6543e6f into PR presentation assembly|a5a0bf46928:refactor(continuation): split static gate owners|9ed7fd20b49:merge: absorb upstream cc48aef into continuation assembly|2e155cf622e:merge: absorb upstream through 20eda for continuation assembly|bae7eae11ab:Merge upstream/main into post-666 assembly candidate|228da670830:merge: absorb upstream lifecycle and cron ownership into assembly|a05d8a41a26:merge: absorb frozen upstream for #1172|c15743f18b6:temporary exact-tree LOC comparison|7043b6f9a0d:Merge upstream/main into 1172 status row assembly|a9ea8e596e7:Backmerge upstream main into assembly after splay prune|ff1dea44344:Merge upstream/main into assembly drift branch|f27e2483608:Merge upstream/main into assembly-continuation-followons|92f3816f12b:Merge upstream/main f2b8668a54 (drift re-absorb #7 — stabilize assembly to current upstream)|cd255b3d6db:Merge upstream/main 2ce4a748 (drift re-absorb #6) + #1229 surface-budget pin|d04ab6c5567:Merge upstream/main 190ca52882 (drift re-absorb #4) + prune stale deadcode allowlist|ca02cd2e616:Merge upstream/main into assembly — absorb 1361-commit drift for PR #85651 currency|8cafdcd2a9d:Merge remote-tracking branch 'upstream/main' into frond-scribe/20260613/assembly-drift-cure|2e584ac4bea:merge: sync upstream/main (3d05da9a54) into drift-corrected tip; reconcile 6 conflicts|f05c7cb92d5:WIP dc2: merge upstream d89ab2c014 onto 077b261dd8 — agent-runner-execution.ts resolved (version-A, scout-confirmed); 5 files conflict-marked for prince byte-check|5f472fe8bf7:Merge remote-tracking branch 'upstream/main' into freshmerge-20260613|d57b6ec0cac:docs(scrub): qualify unqualified 'RFC §' refs to the continuation RFC|4705dd48646:Restore upstream fast-mode status row|8e04d27f1a5:feat(continuation): replay drift-cure candidate onto upstream	No current-upstream hunk exists: UPSTREAM:path equals OLD_MERGE_BASE:path at 54044d62f0ae0fd5da46408b32152bf08d250e8f. CANDIDATE preserves accepted SOURCE blob fc18631f4af79d034229530de636ea05e858f455; the accepted +58/-1 overlay from 2cf1c4dba1a:Merge upstream main into continuation assembly|d7b6ac70e5b:Merge upstream main through c5d00cb|7abbbe17ef9:merge: absorb upstream 6543e6f into PR presentation assembly|a5a0bf46928:refactor(continuation): split static gate owners|9ed7fd20b49:merge: absorb upstream cc48aef into continuation assembly|2e155cf622e:merge: absorb upstream through 20eda for continuation assembly|bae7eae11ab:Merge upstream/main into post-666 assembly candidate|228da670830:merge: absorb upstream lifecycle and cron ownership into assembly|a05d8a41a26:merge: absorb frozen upstream for #1172|c15743f18b6:temporary exact-tree LOC comparison|7043b6f9a0d:Merge upstream/main into 1172 status row assembly|a9ea8e596e7:Backmerge upstream main into assembly after splay prune|ff1dea44344:Merge upstream/main into assembly drift branch|f27e2483608:Merge upstream/main into assembly-continuation-followons|92f3816f12b:Merge upstream/main f2b8668a54 (drift re-absorb #7 — stabilize assembly to current upstream)|cd255b3d6db:Merge upstream/main 2ce4a748 (drift re-absorb #6) + #1229 surface-budget pin|d04ab6c5567:Merge upstream/main 190ca52882 (drift re-absorb #4) + prune stale deadcode allowlist|ca02cd2e616:Merge upstream/main into assembly — absorb 1361-commit drift for PR #85651 currency|8cafdcd2a9d:Merge remote-tracking branch 'upstream/main' into frond-scribe/20260613/assembly-drift-cure|2e584ac4bea:merge: sync upstream/main (3d05da9a54) into drift-corrected tip; reconcile 6 conflicts|f05c7cb92d5:WIP dc2: merge upstream d89ab2c014 onto 077b261dd8 — agent-runner-execution.ts resolved (version-A, scout-confirmed); 5 files conflict-marked for prince byte-check|5f472fe8bf7:Merge remote-tracking branch 'upstream/main' into freshmerge-20260613|d57b6ec0cac:docs(scrub): qualify unqualified 'RFC §' refs to the continuation RFC|4705dd48646:Restore upstream fast-mode status row|8e04d27f1a5:feat(continuation): replay drift-cure candidate onto upstream supersedes the 1-line post-PR set candidate. No upstream restoration applies in this cure.
src/status/status-text.test.ts	1	f4309b5edb492eb215b2713edffa8828583f46a7	cb379c2ec6343bd0f2a7ad6bae8d23d86b8f78ac	+45/-1	7abbbe17ef9:merge: absorb upstream 6543e6f into PR presentation assembly|2e155cf622e:merge: absorb upstream through 20eda for continuation assembly|bae7eae11ab:Merge upstream/main into post-666 assembly candidate|b97ac9c852a:Merge upstream 53d600a into #1184 continuation candidate|d6ac137b148:Merge upstream c46cc1e2 into absorb branch|a05d8a41a26:merge: absorb frozen upstream for #1172|4d0f72d63e6:fix(status): hide empty continuation row	No current-upstream hunk exists: UPSTREAM:path equals OLD_MERGE_BASE:path at f4309b5edb492eb215b2713edffa8828583f46a7. CANDIDATE preserves accepted SOURCE blob cb379c2ec6343bd0f2a7ad6bae8d23d86b8f78ac; the accepted +45/-1 overlay from 7abbbe17ef9:merge: absorb upstream 6543e6f into PR presentation assembly|2e155cf622e:merge: absorb upstream through 20eda for continuation assembly|bae7eae11ab:Merge upstream/main into post-666 assembly candidate|b97ac9c852a:Merge upstream 53d600a into #1184 continuation candidate|d6ac137b148:Merge upstream c46cc1e2 into absorb branch|a05d8a41a26:merge: absorb frozen upstream for #1172|4d0f72d63e6:fix(status): hide empty continuation row supersedes the 1-line post-PR set candidate. No upstream restoration applies in this cure.
src/status/status-text.ts	15	45feb7cb881719921bfb646190a3af2a50d869d4	19e9e91381607d93bb728cbbc09a8913d8a34efe	+25/-29	2cf1c4dba1a:Merge upstream main into continuation assembly|7abbbe17ef9:merge: absorb upstream 6543e6f into PR presentation assembly|2615e52048d:merge(1205): absorb current upstream f9207db3 into continuation base 4c5bd846|a5a0bf46928:refactor(continuation): split static gate owners|bae7eae11ab:Merge upstream/main into post-666 assembly candidate|06aa99fe8bb:Refactor oversized GATES owners|b97ac9c852a:Merge upstream 53d600a into #1184 continuation candidate|23b00d51939:fix: close integration lint gates|228da670830:merge: absorb upstream lifecycle and cron ownership into assembly|d6ac137b148:Merge upstream c46cc1e2 into absorb branch|a05d8a41a26:merge: absorb frozen upstream for #1172|7089291da21:refactor(continuation): delete delegate store facade|510388cf1ab:Fix static gate formatting findings|42a449f9ad2:Merge upstream/main into #1172 safe assembly|4d0f72d63e6:fix(status): hide empty continuation row|a9ea8e596e7:Backmerge upstream main into assembly after splay prune|ff1dea44344:Merge upstream/main into assembly drift branch|93dd8b01b3e:Merge upstream/main into continuation presentation|5503bd986c2:Merge remote-tracking branch 'upstream/main' into scribe/20260704/assembly-upstream-drift-backmerge|d3cfdf2dbf5:merge: absorb upstream main after 1159 fold|c8ff54907c6:Merge origin/main into assembly continuation branch|78d31449a23:merge: absorb upstream main into continuation assembly|ba9778fa570:Merge upstream/main into assembly-continuation-followons|f27e2483608:Merge upstream/main into assembly-continuation-followons|d04ab6c5567:Merge upstream/main 190ca52882 (drift re-absorb #4) + prune stale deadcode allowlist|ca02cd2e616:Merge upstream/main into assembly — absorb 1361-commit drift for PR #85651 currency|8cafdcd2a9d:Merge remote-tracking branch 'upstream/main' into frond-scribe/20260613/assembly-drift-cure|f05c7cb92d5:WIP dc2: merge upstream d89ab2c014 onto 077b261dd8 — agent-runner-execution.ts resolved (version-A, scout-confirmed); 5 files conflict-marked for prince byte-check|9b1f42a694a:Back-merge upstream/main (56d201fa) into continuation candidate (history-preserving)|8e04d27f1a5:feat(continuation): replay drift-cure candidate onto upstream	No current-upstream hunk exists: UPSTREAM:path equals OLD_MERGE_BASE:path at 45feb7cb881719921bfb646190a3af2a50d869d4. CANDIDATE preserves accepted SOURCE blob 19e9e91381607d93bb728cbbc09a8913d8a34efe; the accepted +25/-29 overlay from 2cf1c4dba1a:Merge upstream main into continuation assembly|7abbbe17ef9:merge: absorb upstream 6543e6f into PR presentation assembly|2615e52048d:merge(1205): absorb current upstream f9207db3 into continuation base 4c5bd846|a5a0bf46928:refactor(continuation): split static gate owners|bae7eae11ab:Merge upstream/main into post-666 assembly candidate|06aa99fe8bb:Refactor oversized GATES owners|b97ac9c852a:Merge upstream 53d600a into #1184 continuation candidate|23b00d51939:fix: close integration lint gates|228da670830:merge: absorb upstream lifecycle and cron ownership into assembly|d6ac137b148:Merge upstream c46cc1e2 into absorb branch|a05d8a41a26:merge: absorb frozen upstream for #1172|7089291da21:refactor(continuation): delete delegate store facade|510388cf1ab:Fix static gate formatting findings|42a449f9ad2:Merge upstream/main into #1172 safe assembly|4d0f72d63e6:fix(status): hide empty continuation row|a9ea8e596e7:Backmerge upstream main into assembly after splay prune|ff1dea44344:Merge upstream/main into assembly drift branch|93dd8b01b3e:Merge upstream/main into continuation presentation|5503bd986c2:Merge remote-tracking branch 'upstream/main' into scribe/20260704/assembly-upstream-drift-backmerge|d3cfdf2dbf5:merge: absorb upstream main after 1159 fold|c8ff54907c6:Merge origin/main into assembly continuation branch|78d31449a23:merge: absorb upstream main into continuation assembly|ba9778fa570:Merge upstream/main into assembly-continuation-followons|f27e2483608:Merge upstream/main into assembly-continuation-followons|d04ab6c5567:Merge upstream/main 190ca52882 (drift re-absorb #4) + prune stale deadcode allowlist|ca02cd2e616:Merge upstream/main into assembly — absorb 1361-commit drift for PR #85651 currency|8cafdcd2a9d:Merge remote-tracking branch 'upstream/main' into frond-scribe/20260613/assembly-drift-cure|f05c7cb92d5:WIP dc2: merge upstream d89ab2c014 onto 077b261dd8 — agent-runner-execution.ts resolved (version-A, scout-confirmed); 5 files conflict-marked for prince byte-check|9b1f42a694a:Back-merge upstream/main (56d201fa) into continuation candidate (history-preserving)|8e04d27f1a5:feat(continuation): replay drift-cure candidate onto upstream supersedes the 15-line post-PR set candidate. No upstream restoration applies in this cure.
src/status/summary.ts	2	ada288318fd8e51844bb13f52e847155563ec241	42f16dfdb9c3348aee52df79a19da06a59041789	+3/-3	b5f1960fd4d:merge: backmerge frozen upstream into continuation|2cf1c4dba1a:Merge upstream main into continuation assembly|ff3e0dd6337:Repair frozen upstream merge unions|f2cc523f491:Merge upstream eb63cb148 into continuation assembly|3f8d6503dde:Merge upstream main 530b33e4 into continuation assembly|a316a17ca0d:merge: absorb upstream/main drift and follow the session-path renames|3b33188c6d4:merge: absorb upstream/main into continuation assembly|31af61428a6:merge: absorb upstream drift and restore continuation tracing|d7b6ac70e5b:Merge upstream main through c5d00cb|4018b96af02:refactor(sessions): split static gate owners	No current-upstream hunk exists: UPSTREAM:path equals OLD_MERGE_BASE:path at ada288318fd8e51844bb13f52e847155563ec241. CANDIDATE preserves accepted SOURCE blob 42f16dfdb9c3348aee52df79a19da06a59041789; the accepted +3/-3 overlay from b5f1960fd4d:merge: backmerge frozen upstream into continuation|2cf1c4dba1a:Merge upstream main into continuation assembly|ff3e0dd6337:Repair frozen upstream merge unions|f2cc523f491:Merge upstream eb63cb148 into continuation assembly|3f8d6503dde:Merge upstream main 530b33e4 into continuation assembly|a316a17ca0d:merge: absorb upstream/main drift and follow the session-path renames|3b33188c6d4:merge: absorb upstream/main into continuation assembly|31af61428a6:merge: absorb upstream drift and restore continuation tracing|d7b6ac70e5b:Merge upstream main through c5d00cb|4018b96af02:refactor(sessions): split static gate owners supersedes the 2-line post-PR set candidate. No upstream restoration applies in this cure.
src/tasks/task-flow-registry.audit.test.ts	3	adb4602610e60e49f0b956a4350776576a4985dd	542c2ac3e59a1aac3270c9865ddd37b5f26e1dd7	+7/-4	f2cc523f491:Merge upstream eb63cb148 into continuation assembly|9507800800a:merge: absorb upstream/main into continuation assembly|a05d8a41a26:merge: absorb frozen upstream for #1172|0dc146c8c57:Merge upstream main into #1172 cut candidate|ff1dea44344:Merge upstream/main into assembly drift branch|785395dad68:test(continuation): fix cross-file isolation leakage for #934 gate-green	No current-upstream hunk exists: UPSTREAM:path equals OLD_MERGE_BASE:path at adb4602610e60e49f0b956a4350776576a4985dd. CANDIDATE preserves accepted SOURCE blob 542c2ac3e59a1aac3270c9865ddd37b5f26e1dd7; the accepted +7/-4 overlay from f2cc523f491:Merge upstream eb63cb148 into continuation assembly|9507800800a:merge: absorb upstream/main into continuation assembly|a05d8a41a26:merge: absorb frozen upstream for #1172|0dc146c8c57:Merge upstream main into #1172 cut candidate|ff1dea44344:Merge upstream/main into assembly drift branch|785395dad68:test(continuation): fix cross-file isolation leakage for #934 gate-green supersedes the 3-line post-PR set candidate. No upstream restoration applies in this cure.
src/tasks/task-registry.maintenance.ts	2	4b6c7f6ea56aff88e92421ba7c1a6c0ae3856906	793f9b2ff5d46af43c530e0f0cee8a1f4a344d10	+9/-7	b5f1960fd4d:merge: backmerge frozen upstream into continuation|2cf1c4dba1a:Merge upstream main into continuation assembly|f2cc523f491:Merge upstream eb63cb148 into continuation assembly|3f8d6503dde:Merge upstream main 530b33e4 into continuation assembly|a316a17ca0d:merge: absorb upstream/main drift and follow the session-path renames|0121445304c:fix(sessions): follow upstream's session-accessor renames through our surface	No current-upstream hunk exists: UPSTREAM:path equals OLD_MERGE_BASE:path at 4b6c7f6ea56aff88e92421ba7c1a6c0ae3856906. CANDIDATE preserves accepted SOURCE blob 793f9b2ff5d46af43c530e0f0cee8a1f4a344d10; the accepted +9/-7 overlay from b5f1960fd4d:merge: backmerge frozen upstream into continuation|2cf1c4dba1a:Merge upstream main into continuation assembly|f2cc523f491:Merge upstream eb63cb148 into continuation assembly|3f8d6503dde:Merge upstream main 530b33e4 into continuation assembly|a316a17ca0d:merge: absorb upstream/main drift and follow the session-path renames|0121445304c:fix(sessions): follow upstream's session-accessor renames through our surface supersedes the 2-line post-PR set candidate. No upstream restoration applies in this cure.
src/test-utils/repo-files.test.ts	3	aa18c35cf59b47d638c10ef3862cd8de8b532dc0	8777a08fb569a917d1eacb374a19d69da671637b	+3/-3	a316a17ca0d:merge: absorb upstream/main drift and follow the session-path renames	No current-upstream hunk exists: UPSTREAM:path equals OLD_MERGE_BASE:path at aa18c35cf59b47d638c10ef3862cd8de8b532dc0. CANDIDATE preserves accepted SOURCE blob 8777a08fb569a917d1eacb374a19d69da671637b; the accepted +3/-3 overlay from a316a17ca0d:merge: absorb upstream/main drift and follow the session-path renames supersedes the 3-line post-PR set candidate. No upstream restoration applies in this cure.
src/tui/components/tool-execution.ts	1	7e4493b63416a410483ebe6fbfd6eb305c5cce41	a65e62c6118b1548f54761026dd3a8ef454180e8	+7/-1	a316a17ca0d:merge: absorb upstream/main drift and follow the session-path renames|164351fe76c:merge: absorb final frozen upstream for WO-1217|fdfa31172e7:fix(ui): redact publication paths from every tool-card surface|2e155cf622e:merge: absorb upstream through 20eda for continuation assembly|0c8f4f9a490:fix(continuation): port managed artifact safeguards	No current-upstream hunk exists: UPSTREAM:path equals OLD_MERGE_BASE:path at 7e4493b63416a410483ebe6fbfd6eb305c5cce41. CANDIDATE preserves accepted SOURCE blob a65e62c6118b1548f54761026dd3a8ef454180e8; the accepted +7/-1 overlay from a316a17ca0d:merge: absorb upstream/main drift and follow the session-path renames|164351fe76c:merge: absorb final frozen upstream for WO-1217|fdfa31172e7:fix(ui): redact publication paths from every tool-card surface|2e155cf622e:merge: absorb upstream through 20eda for continuation assembly|0c8f4f9a490:fix(continuation): port managed artifact safeguards supersedes the 1-line post-PR set candidate. No upstream restoration applies in this cure.
src/tui/tui-event-handlers.ts	1	b0f1d05af2890446cd4d7dfc16a25ee8622fa69a	86a5a4bde21fccd376c14debce3b2e08504673bc	+1/-1	b5f1960fd4d:merge: backmerge frozen upstream into continuation|3f8d6503dde:Merge upstream main 530b33e4 into continuation assembly|3b33188c6d4:merge: absorb upstream/main into continuation assembly|9507800800a:merge: absorb upstream/main into continuation assembly|68358363287:Merge frozen upstream acf28495 into 1172 status-row assembly|2615e52048d:merge(1205): absorb current upstream f9207db3 into continuation base 4c5bd846|9ed7fd20b49:merge: absorb upstream cc48aef into continuation assembly|a491b32e26e:fix(gateway): harden validation terminal ownership	No current-upstream hunk exists: UPSTREAM:path equals OLD_MERGE_BASE:path at b0f1d05af2890446cd4d7dfc16a25ee8622fa69a. CANDIDATE preserves accepted SOURCE blob 86a5a4bde21fccd376c14debce3b2e08504673bc; the accepted +1/-1 overlay from b5f1960fd4d:merge: backmerge frozen upstream into continuation|3f8d6503dde:Merge upstream main 530b33e4 into continuation assembly|3b33188c6d4:merge: absorb upstream/main into continuation assembly|9507800800a:merge: absorb upstream/main into continuation assembly|68358363287:Merge frozen upstream acf28495 into 1172 status-row assembly|2615e52048d:merge(1205): absorb current upstream f9207db3 into continuation base 4c5bd846|9ed7fd20b49:merge: absorb upstream cc48aef into continuation assembly|a491b32e26e:fix(gateway): harden validation terminal ownership supersedes the 1-line post-PR set candidate. No upstream restoration applies in this cure.
test/e2e/qa-lab/runtime/telegram-command-menu-gateway.e2e.test.ts	2	746a191dc38bd5daf80dc6592a839d8f19839e66	3228b2c4bc9163355ca23711206bac60114bf153	+2/-2	e4053f698ea:fix(drift): align test roots with upstream rename surface|90b055341a1:Merge upstream/main into the continuation assembly candidate	No current-upstream hunk exists: UPSTREAM:path equals OLD_MERGE_BASE:path at 746a191dc38bd5daf80dc6592a839d8f19839e66. CANDIDATE preserves accepted SOURCE blob 3228b2c4bc9163355ca23711206bac60114bf153; the accepted +2/-2 overlay from e4053f698ea:fix(drift): align test roots with upstream rename surface|90b055341a1:Merge upstream/main into the continuation assembly candidate supersedes the 2-line post-PR set candidate. No upstream restoration applies in this cure.
test/e2e/qa-lab/runtime/telegram-model-picker-prepared-gateway.e2e.test.ts	2	2427d00b1c8c00a9d5d68ca967290db1f153dafb	17af2e594b1c68439a9f19546ee556f31aa637e6	+2/-2	b5f1960fd4d:merge: backmerge frozen upstream into continuation	No current-upstream hunk exists: UPSTREAM:path equals OLD_MERGE_BASE:path at 2427d00b1c8c00a9d5d68ca967290db1f153dafb. CANDIDATE preserves accepted SOURCE blob 17af2e594b1c68439a9f19546ee556f31aa637e6; the accepted +2/-2 overlay from b5f1960fd4d:merge: backmerge frozen upstream into continuation supersedes the 2-line post-PR set candidate. No upstream restoration applies in this cure.
test/fixtures/agents/prompt-snapshots/codex-runtime-happy-path/discord-group-codex-message-tool.md	4	f0eed0e61210dff2b5ea6e79298cdccecbc67c42	54b5104656fadb6faf5d531bb687a2ed8900beb2	+4/-4	b5f1960fd4d:merge: backmerge frozen upstream into continuation|2cf1c4dba1a:Merge upstream main into continuation assembly|f2cc523f491:Merge upstream eb63cb148 into continuation assembly|2b07ba50956:Merge remote-tracking branch 'upstream/main' into scribe/20260709/1172-status-row-assembly|4b1c3a932d6:fix(merge): regenerate baselines against the merged tree, not upstream's copies	No current-upstream hunk exists: UPSTREAM:path equals OLD_MERGE_BASE:path at f0eed0e61210dff2b5ea6e79298cdccecbc67c42. CANDIDATE preserves accepted SOURCE blob 54b5104656fadb6faf5d531bb687a2ed8900beb2; the accepted +4/-4 overlay from b5f1960fd4d:merge: backmerge frozen upstream into continuation|2cf1c4dba1a:Merge upstream main into continuation assembly|f2cc523f491:Merge upstream eb63cb148 into continuation assembly|2b07ba50956:Merge remote-tracking branch 'upstream/main' into scribe/20260709/1172-status-row-assembly|4b1c3a932d6:fix(merge): regenerate baselines against the merged tree, not upstream's copies supersedes the 4-line post-PR set candidate. No upstream restoration applies in this cure.
test/fixtures/agents/prompt-snapshots/codex-runtime-happy-path/telegram-direct-codex-message-tool.md	4	48452daf3a5cd78605336d724d72278ef24602ed	7a22cb981075df33e5cdc023ecf92da2397b8a83	+4/-4	b5f1960fd4d:merge: backmerge frozen upstream into continuation|2cf1c4dba1a:Merge upstream main into continuation assembly|f2cc523f491:Merge upstream eb63cb148 into continuation assembly|2b07ba50956:Merge remote-tracking branch 'upstream/main' into scribe/20260709/1172-status-row-assembly|4b1c3a932d6:fix(merge): regenerate baselines against the merged tree, not upstream's copies	No current-upstream hunk exists: UPSTREAM:path equals OLD_MERGE_BASE:path at 48452daf3a5cd78605336d724d72278ef24602ed. CANDIDATE preserves accepted SOURCE blob 7a22cb981075df33e5cdc023ecf92da2397b8a83; the accepted +4/-4 overlay from b5f1960fd4d:merge: backmerge frozen upstream into continuation|2cf1c4dba1a:Merge upstream main into continuation assembly|f2cc523f491:Merge upstream eb63cb148 into continuation assembly|2b07ba50956:Merge remote-tracking branch 'upstream/main' into scribe/20260709/1172-status-row-assembly|4b1c3a932d6:fix(merge): regenerate baselines against the merged tree, not upstream's copies supersedes the 4-line post-PR set candidate. No upstream restoration applies in this cure.
test/fixtures/agents/prompt-snapshots/codex-runtime-happy-path/telegram-heartbeat-codex-tool.md	4	453543ba5649bce050ed2b51b7bf97b2499fe7a4	5e814034e51ff03663fc2d6ed7f3cb636b3adceb	+4/-4	b5f1960fd4d:merge: backmerge frozen upstream into continuation|2cf1c4dba1a:Merge upstream main into continuation assembly|f2cc523f491:Merge upstream eb63cb148 into continuation assembly|2b07ba50956:Merge remote-tracking branch 'upstream/main' into scribe/20260709/1172-status-row-assembly|4b1c3a932d6:fix(merge): regenerate baselines against the merged tree, not upstream's copies	No current-upstream hunk exists: UPSTREAM:path equals OLD_MERGE_BASE:path at 453543ba5649bce050ed2b51b7bf97b2499fe7a4. CANDIDATE preserves accepted SOURCE blob 5e814034e51ff03663fc2d6ed7f3cb636b3adceb; the accepted +4/-4 overlay from b5f1960fd4d:merge: backmerge frozen upstream into continuation|2cf1c4dba1a:Merge upstream main into continuation assembly|f2cc523f491:Merge upstream eb63cb148 into continuation assembly|2b07ba50956:Merge remote-tracking branch 'upstream/main' into scribe/20260709/1172-status-row-assembly|4b1c3a932d6:fix(merge): regenerate baselines against the merged tree, not upstream's copies supersedes the 4-line post-PR set candidate. No upstream restoration applies in this cure.
test/helpers/agents/prompt-composition-scenarios.ts	1	cca65b4546fdd092835ad563bb4dc6d5085b2ba4	d6dd74c11be42361e1a5d7594250b6ce8f0d90be	+1/-1	55fb755bebb:merge: absorb frozen upstream for WO-1217|9ed7fd20b49:merge: absorb upstream cc48aef into continuation assembly|726f4e2f9cc:Merge upstream after post-666 corrections|bae7eae11ab:Merge upstream/main into post-666 assembly candidate|d6ac137b148:Merge upstream c46cc1e2 into absorb branch|a05d8a41a26:merge: absorb frozen upstream for #1172|a9ea8e596e7:Backmerge upstream main into assembly after splay prune|d3cfdf2dbf5:merge: absorb upstream main after 1159 fold|c8ff54907c6:Merge origin/main into assembly continuation branch|151abcade45:scrub: remove cohort reviewer names + internal IDs from comments/fixtures	No current-upstream hunk exists: UPSTREAM:path equals OLD_MERGE_BASE:path at cca65b4546fdd092835ad563bb4dc6d5085b2ba4. CANDIDATE preserves accepted SOURCE blob d6dd74c11be42361e1a5d7594250b6ce8f0d90be; the accepted +1/-1 overlay from 55fb755bebb:merge: absorb frozen upstream for WO-1217|9ed7fd20b49:merge: absorb upstream cc48aef into continuation assembly|726f4e2f9cc:Merge upstream after post-666 corrections|bae7eae11ab:Merge upstream/main into post-666 assembly candidate|d6ac137b148:Merge upstream c46cc1e2 into absorb branch|a05d8a41a26:merge: absorb frozen upstream for #1172|a9ea8e596e7:Backmerge upstream main into assembly after splay prune|d3cfdf2dbf5:merge: absorb upstream main after 1159 fold|c8ff54907c6:Merge origin/main into assembly continuation branch|151abcade45:scrub: remove cohort reviewer names + internal IDs from comments/fixtures supersedes the 1-line post-PR set candidate. No upstream restoration applies in this cure.
test/scripts/audit-seams.test.ts	2	8dcd31e61afae5681f967df5bd80fef639fff714	0cc6152ced3048d58cd528b4d895e019139dcc5e	+2/-2	6be6484bd9f:fix: close continuation gate debt|fb7aa3fcc5c:fix(tests): restore four guard tests corrupted by the path rewrite|056bdf88295:Merge upstream/main (750d0dcd9e7) into 1172 continuation assembly|90b055341a1:Merge upstream/main into the continuation assembly candidate	No current-upstream hunk exists: UPSTREAM:path equals OLD_MERGE_BASE:path at 8dcd31e61afae5681f967df5bd80fef639fff714. CANDIDATE preserves accepted SOURCE blob 0cc6152ced3048d58cd528b4d895e019139dcc5e; the accepted +2/-2 overlay from 6be6484bd9f:fix: close continuation gate debt|fb7aa3fcc5c:fix(tests): restore four guard tests corrupted by the path rewrite|056bdf88295:Merge upstream/main (750d0dcd9e7) into 1172 continuation assembly|90b055341a1:Merge upstream/main into the continuation assembly candidate supersedes the 2-line post-PR set candidate. No upstream restoration applies in this cure.
test/scripts/check-export-name-collisions.test.ts	2	e273ccbda95b6b3c17059deeb72f4c7eef4478cd	330b50621a0ae04faa0e1accc9cc6c063d86f866	+2/-2	3f8d6503dde:Merge upstream main 530b33e4 into continuation assembly|e4053f698ea:fix(drift): align test roots with upstream rename surface	No current-upstream hunk exists: UPSTREAM:path equals OLD_MERGE_BASE:path at e273ccbda95b6b3c17059deeb72f4c7eef4478cd. CANDIDATE preserves accepted SOURCE blob 330b50621a0ae04faa0e1accc9cc6c063d86f866; the accepted +2/-2 overlay from 3f8d6503dde:Merge upstream main 530b33e4 into continuation assembly|e4053f698ea:fix(drift): align test roots with upstream rename surface supersedes the 2-line post-PR set candidate. No upstream restoration applies in this cure.
test/scripts/check-wrapper-shadowing.test.ts	2	956e4e2a36eaf1fe719efd9eda01aad9847f6792	e56bf702a2bb2ceb4587c8cd97767175277b5a7b	+2/-2	3f8d6503dde:Merge upstream main 530b33e4 into continuation assembly|e4053f698ea:fix(drift): align test roots with upstream rename surface|90b055341a1:Merge upstream/main into the continuation assembly candidate	No current-upstream hunk exists: UPSTREAM:path equals OLD_MERGE_BASE:path at 956e4e2a36eaf1fe719efd9eda01aad9847f6792. CANDIDATE preserves accepted SOURCE blob e56bf702a2bb2ceb4587c8cd97767175277b5a7b; the accepted +2/-2 overlay from 3f8d6503dde:Merge upstream main 530b33e4 into continuation assembly|e4053f698ea:fix(drift): align test roots with upstream rename surface|90b055341a1:Merge upstream/main into the continuation assembly candidate supersedes the 2-line post-PR set candidate. No upstream restoration applies in this cure.
test/scripts/ensure-playwright-chromium.test.ts	4	36f941447d6bad508b56091d3d4dc83fc034e972	34a56922d2583a54e26415fa40d09d30f51a8af1	+20/-18	7f2601b6779:Merge upstream/main (df725434f36) into 1172 continuation assembly|ca5a25affc9:Merge upstream/main (cb50289e283) into 1172 continuation assembly|8b2db4595d7:test(ci): isolate new Playwright cache fixtures|9f89d941dd1:merge: absorb frozen upstream c37ba84|63f4b13d383:test(1205): settle Gate 2.5 semantic conflicts from the f9207db3 absorb|2615e52048d:merge(1205): absorb current upstream f9207db3 into continuation base 4c5bd846|2723dbee783:fix(ci): isolate runner-local tooling tests|f27e2483608:Merge upstream/main into assembly-continuation-followons	No current-upstream hunk exists: UPSTREAM:path equals OLD_MERGE_BASE:path at 36f941447d6bad508b56091d3d4dc83fc034e972. CANDIDATE preserves accepted SOURCE blob 34a56922d2583a54e26415fa40d09d30f51a8af1; the accepted +20/-18 overlay from 7f2601b6779:Merge upstream/main (df725434f36) into 1172 continuation assembly|ca5a25affc9:Merge upstream/main (cb50289e283) into 1172 continuation assembly|8b2db4595d7:test(ci): isolate new Playwright cache fixtures|9f89d941dd1:merge: absorb frozen upstream c37ba84|63f4b13d383:test(1205): settle Gate 2.5 semantic conflicts from the f9207db3 absorb|2615e52048d:merge(1205): absorb current upstream f9207db3 into continuation base 4c5bd846|2723dbee783:fix(ci): isolate runner-local tooling tests|f27e2483608:Merge upstream/main into assembly-continuation-followons supersedes the 4-line post-PR set candidate. No upstream restoration applies in this cure.
test/scripts/full-release-validation-at-sha.test.ts	3	1f3e84ba6d95c662aaec8b234be8f953e26ade3c	f91ea4416f05b3d2103610cdcdaa423d02e78b0a	+8/-4	26d6e1b5857:test: repair final validation boundaries	No current-upstream hunk exists: UPSTREAM:path equals OLD_MERGE_BASE:path at 1f3e84ba6d95c662aaec8b234be8f953e26ade3c. CANDIDATE preserves accepted SOURCE blob f91ea4416f05b3d2103610cdcdaa423d02e78b0a; the accepted +8/-4 overlay from 26d6e1b5857:test: repair final validation boundaries supersedes the 3-line post-PR set candidate. No upstream restoration applies in this cure.
test/scripts/kitchen-sink-rpc-walk.test.ts	3	7563ac4c889636395a03beb76f369fefa27d5801	c8809b63207f8aadbc0d9c145d014a63bd95e12a	+3/-3	7f2601b6779:Merge upstream/main (df725434f36) into 1172 continuation assembly|55fb755bebb:merge: absorb frozen upstream for WO-1217|1ec265500c3:Absorb upstream GATES repairs|ff1dea44344:Merge upstream/main into assembly drift branch|cd255b3d6db:Merge upstream/main 2ce4a748 (drift re-absorb #6) + #1229 surface-budget pin|53c30255ba7:Merge upstream/main 3ff59df960 (drift re-absorb #5): bring d04 to current upstream for mergeability	No current-upstream hunk exists: UPSTREAM:path equals OLD_MERGE_BASE:path at 7563ac4c889636395a03beb76f369fefa27d5801. CANDIDATE preserves accepted SOURCE blob c8809b63207f8aadbc0d9c145d014a63bd95e12a; the accepted +3/-3 overlay from 7f2601b6779:Merge upstream/main (df725434f36) into 1172 continuation assembly|55fb755bebb:merge: absorb frozen upstream for WO-1217|1ec265500c3:Absorb upstream GATES repairs|ff1dea44344:Merge upstream/main into assembly drift branch|cd255b3d6db:Merge upstream/main 2ce4a748 (drift re-absorb #6) + #1229 surface-budget pin|53c30255ba7:Merge upstream/main 3ff59df960 (drift re-absorb #5): bring d04 to current upstream for mergeability supersedes the 3-line post-PR set candidate. No upstream restoration applies in this cure.
test/scripts/plugin-sdk-surface-report.test.ts	1	356db529e7af79b608fdc9171a640e9775d14a26	6c2b27cf57f1de62aa39d1b4e08cf9b2acfb48d7	+22/-3	9331b0b127e:fix(test): repair a mangled mock factory and match upstream's surface count|9507800800a:merge: absorb upstream/main into continuation assembly|7f2601b6779:Merge upstream/main (df725434f36) into 1172 continuation assembly|55fb755bebb:merge: absorb frozen upstream for WO-1217|b6842092148:fix: stabilize 1184 GATES integration repairs|5616c1904bc:Fix blocker regressions after c46 absorb|3b136b75fd7:merge: absorb upstream main through d54722fbce|4af422fc6db:Merge remote-tracking branch 'upstream/main' into scribe/20260709/1172-status-row-assembly	No current-upstream hunk exists: UPSTREAM:path equals OLD_MERGE_BASE:path at 356db529e7af79b608fdc9171a640e9775d14a26. CANDIDATE preserves accepted SOURCE blob 6c2b27cf57f1de62aa39d1b4e08cf9b2acfb48d7; the accepted +22/-3 overlay from 9331b0b127e:fix(test): repair a mangled mock factory and match upstream's surface count|9507800800a:merge: absorb upstream/main into continuation assembly|7f2601b6779:Merge upstream/main (df725434f36) into 1172 continuation assembly|55fb755bebb:merge: absorb frozen upstream for WO-1217|b6842092148:fix: stabilize 1184 GATES integration repairs|5616c1904bc:Fix blocker regressions after c46 absorb|3b136b75fd7:merge: absorb upstream main through d54722fbce|4af422fc6db:Merge remote-tracking branch 'upstream/main' into scribe/20260709/1172-status-row-assembly supersedes the 1-line post-PR set candidate. No upstream restoration applies in this cure.
test/vitest-scoped-config.test.ts	1	c6568b0c90341ae2f60f9beaa65d577e2d6ba919	bdd6872d5deff16f26421b5a3bb595ee2daa6154	+4/-1	f2cc523f491:Merge upstream eb63cb148 into continuation assembly|3f8d6503dde:Merge upstream main 530b33e4 into continuation assembly|09f47132f64:merge: absorb upstream 67262b70dc7 into assembly (subscribe-monolith split transposition)|7464b874e55:merge: absorb upstream/main drift|8abde93a5d1:Merge upstream 9aa24e8f into PR presentation assembly|55fb755bebb:merge: absorb frozen upstream for WO-1217|e9a5ae9d12d:Merge upstream 0ea8d565 into CFC5 successor|9ed7fd20b49:merge: absorb upstream cc48aef into continuation assembly|2e155cf622e:merge: absorb upstream through 20eda for continuation assembly|726f4e2f9cc:Merge upstream after post-666 corrections|672bd50a7dc:Merge upstream 692310de into continuation assembly|81930ccd5e2:merge: absorb upstream through 444fd4b for #1172|228da670830:merge: absorb upstream lifecycle and cron ownership into assembly|a05d8a41a26:merge: absorb frozen upstream for #1172|c15743f18b6:temporary exact-tree LOC comparison|8ab994bd17c:Merge upstream/main into #1172 assembly|3a346bced90:Merge upstream/main into #1172 assembly|394649fbcbb:Merge remote-tracking branch 'upstream/main' into scribe/20260704/assembly-upstream-drift-backmerge|d2c7457b3ba:merge: drift-cure back-merge upstream/main into assembly-drift-cure (#999 post-cleanse)|d118c435610:Merge remote-tracking branch 'upstream/main' into frond-scribe/20260611/drift-preview-990|077f1233cc7:Merge remote-tracking branch 'upstream/main' into frond-scribe/20260606/assembly-stabilized|8e04d27f1a5:feat(continuation): replay drift-cure candidate onto upstream	No current-upstream hunk exists: UPSTREAM:path equals OLD_MERGE_BASE:path at c6568b0c90341ae2f60f9beaa65d577e2d6ba919. CANDIDATE preserves accepted SOURCE blob bdd6872d5deff16f26421b5a3bb595ee2daa6154; the accepted +4/-1 overlay from f2cc523f491:Merge upstream eb63cb148 into continuation assembly|3f8d6503dde:Merge upstream main 530b33e4 into continuation assembly|09f47132f64:merge: absorb upstream 67262b70dc7 into assembly (subscribe-monolith split transposition)|7464b874e55:merge: absorb upstream/main drift|8abde93a5d1:Merge upstream 9aa24e8f into PR presentation assembly|55fb755bebb:merge: absorb frozen upstream for WO-1217|e9a5ae9d12d:Merge upstream 0ea8d565 into CFC5 successor|9ed7fd20b49:merge: absorb upstream cc48aef into continuation assembly|2e155cf622e:merge: absorb upstream through 20eda for continuation assembly|726f4e2f9cc:Merge upstream after post-666 corrections|672bd50a7dc:Merge upstream 692310de into continuation assembly|81930ccd5e2:merge: absorb upstream through 444fd4b for #1172|228da670830:merge: absorb upstream lifecycle and cron ownership into assembly|a05d8a41a26:merge: absorb frozen upstream for #1172|c15743f18b6:temporary exact-tree LOC comparison|8ab994bd17c:Merge upstream/main into #1172 assembly|3a346bced90:Merge upstream/main into #1172 assembly|394649fbcbb:Merge remote-tracking branch 'upstream/main' into scribe/20260704/assembly-upstream-drift-backmerge|d2c7457b3ba:merge: drift-cure back-merge upstream/main into assembly-drift-cure (#999 post-cleanse)|d118c435610:Merge remote-tracking branch 'upstream/main' into frond-scribe/20260611/drift-preview-990|077f1233cc7:Merge remote-tracking branch 'upstream/main' into frond-scribe/20260606/assembly-stabilized|8e04d27f1a5:feat(continuation): replay drift-cure candidate onto upstream supersedes the 1-line post-PR set candidate. No upstream restoration applies in this cure.
test/vitest/vitest.extension-active-memory.config.ts	1	32bcc525fa20014da505ae5797de389a7681d64b	1cde3c16c74b3144df259dbd393df6e5ab822fb0	+3/-1	55fb755bebb:merge: absorb frozen upstream for WO-1217|a9ea8e596e7:Backmerge upstream main into assembly after splay prune|9a7092649eb:fix(active-memory): drain orphaned recall to end cross-test mock-theft leak (#1028)	No current-upstream hunk exists: UPSTREAM:path equals OLD_MERGE_BASE:path at 32bcc525fa20014da505ae5797de389a7681d64b. CANDIDATE preserves accepted SOURCE blob 1cde3c16c74b3144df259dbd393df6e5ab822fb0; the accepted +3/-1 overlay from 55fb755bebb:merge: absorb frozen upstream for WO-1217|a9ea8e596e7:Backmerge upstream main into assembly after splay prune|9a7092649eb:fix(active-memory): drain orphaned recall to end cross-test mock-theft leak (#1028) supersedes the 1-line post-PR set candidate. No upstream restoration applies in this cure.
test/vitest/vitest.test-shards.mjs	1	adfb7989f06bb571ad7f0c5b21b7723c0fe1e985	6b68e1fdb57e88166fe21b74be97a75ccd5aa5d5	+4/-1	b5f1960fd4d:merge: backmerge frozen upstream into continuation|9ed7fd20b49:merge: absorb upstream cc48aef into continuation assembly|2e155cf622e:merge: absorb upstream through 20eda for continuation assembly|672bd50a7dc:Merge upstream 692310de into continuation assembly|a05d8a41a26:merge: absorb frozen upstream for #1172|394649fbcbb:Merge remote-tracking branch 'upstream/main' into scribe/20260704/assembly-upstream-drift-backmerge|d2c7457b3ba:merge: drift-cure back-merge upstream/main into assembly-drift-cure (#999 post-cleanse)|d118c435610:Merge remote-tracking branch 'upstream/main' into frond-scribe/20260611/drift-preview-990|8e04d27f1a5:feat(continuation): replay drift-cure candidate onto upstream	No current-upstream hunk exists: UPSTREAM:path equals OLD_MERGE_BASE:path at adfb7989f06bb571ad7f0c5b21b7723c0fe1e985. CANDIDATE preserves accepted SOURCE blob 6b68e1fdb57e88166fe21b74be97a75ccd5aa5d5; the accepted +4/-1 overlay from b5f1960fd4d:merge: backmerge frozen upstream into continuation|9ed7fd20b49:merge: absorb upstream cc48aef into continuation assembly|2e155cf622e:merge: absorb upstream through 20eda for continuation assembly|672bd50a7dc:Merge upstream 692310de into continuation assembly|a05d8a41a26:merge: absorb frozen upstream for #1172|394649fbcbb:Merge remote-tracking branch 'upstream/main' into scribe/20260704/assembly-upstream-drift-backmerge|d2c7457b3ba:merge: drift-cure back-merge upstream/main into assembly-drift-cure (#999 post-cleanse)|d118c435610:Merge remote-tracking branch 'upstream/main' into frond-scribe/20260611/drift-preview-990|8e04d27f1a5:feat(continuation): replay drift-cure candidate onto upstream supersedes the 1-line post-PR set candidate. No upstream restoration applies in this cure.
test/vitest/vitest.unit-fast-paths.mjs	1	b1769803d73b9cbf5c63afcde1a58aa155d08e50	65538784f17b8da689ee7d25129c9933e1020f2c	+1/-1	2f08a3b375d:test: stabilize final gate ownership	No current-upstream hunk exists: UPSTREAM:path equals OLD_MERGE_BASE:path at b1769803d73b9cbf5c63afcde1a58aa155d08e50. CANDIDATE preserves accepted SOURCE blob 65538784f17b8da689ee7d25129c9933e1020f2c; the accepted +1/-1 overlay from 2f08a3b375d:test: stabilize final gate ownership supersedes the 1-line post-PR set candidate. No upstream restoration applies in this cure.
ui/src/pages/chat/components/chat-task-suggestions.ts	3	5b383392e95c65db0d99f7c9a0a6fd20982ec28a	f7a2ddaffaeb32dc5c58d5477a18fe5a2620eabb	+2/-3	2cf1c4dba1a:Merge upstream main into continuation assembly	No current-upstream hunk exists: UPSTREAM:path equals OLD_MERGE_BASE:path at 5b383392e95c65db0d99f7c9a0a6fd20982ec28a. CANDIDATE preserves accepted SOURCE blob f7a2ddaffaeb32dc5c58d5477a18fe5a2620eabb; the accepted +2/-3 overlay from 2cf1c4dba1a:Merge upstream main into continuation assembly supersedes the 3-line post-PR set candidate. No upstream restoration applies in this cure.
ui/src/styles/chat-file-link-presentation.browser.test.ts	15	315f3d587e1fcf626cd023f6191c0e91fa777c8a	fde5a66d58911a3f8bd07d187e0c87430b052e4e	+2/-18	26d6e1b5857:test: repair final validation boundaries	No current-upstream hunk exists: UPSTREAM:path equals OLD_MERGE_BASE:path at 315f3d587e1fcf626cd023f6191c0e91fa777c8a. CANDIDATE preserves accepted SOURCE blob fde5a66d58911a3f8bd07d187e0c87430b052e4e; the accepted +2/-18 overlay from 26d6e1b5857:test: repair final validation boundaries supersedes the 15-line post-PR set candidate. No upstream restoration applies in this cure.
ui/src/styles/chat-github-link-presentation.browser.test.ts	13	5c419a7f50614ed96c0595a88d909099edca9ab5	3151b36b9367d7074e958c081b74cde4a9fbe444	+1/-15	26d6e1b5857:test: repair final validation boundaries	No current-upstream hunk exists: UPSTREAM:path equals OLD_MERGE_BASE:path at 5c419a7f50614ed96c0595a88d909099edca9ab5. CANDIDATE preserves accepted SOURCE blob 3151b36b9367d7074e958c081b74cde4a9fbe444; the accepted +1/-15 overlay from 26d6e1b5857:test: repair final validation boundaries supersedes the 13-line post-PR set candidate. No upstream restoration applies in this cure.
ui/src/styles/corner-shape.browser.test.ts	17	100ffbe1d39f67ed14b5a62ed892e251218bc7f3	26763704449d3d5af246918d096ca5a1dc252669	+6/-20	26d6e1b5857:test: repair final validation boundaries	No current-upstream hunk exists: UPSTREAM:path equals OLD_MERGE_BASE:path at 100ffbe1d39f67ed14b5a62ed892e251218bc7f3. CANDIDATE preserves accepted SOURCE blob 26763704449d3d5af246918d096ca5a1dc252669; the accepted +6/-20 overlay from 26d6e1b5857:test: repair final validation boundaries supersedes the 17-line post-PR set candidate. No upstream restoration applies in this cure.
ui/src/styles/cursor-policy.browser.test.ts	5	5f11d5866f6c936870d31e4618e172b8e173e623	8971429b8d54373f20f511b65e1cd0bb1504f1f1	+26/-6	26d6e1b5857:test: repair final validation boundaries	No current-upstream hunk exists: UPSTREAM:path equals OLD_MERGE_BASE:path at 5f11d5866f6c936870d31e4618e172b8e173e623. CANDIDATE preserves accepted SOURCE blob 8971429b8d54373f20f511b65e1cd0bb1504f1f1; the accepted +26/-6 overlay from 26d6e1b5857:test: repair final validation boundaries supersedes the 5-line post-PR set candidate. No upstream restoration applies in this cure.
